question_id,method,threshold,jaccard,answer_pred,answer_gt,em,f1,precision,recall,input_tokens,output_tokens,cost_usd
5ae143ed55429920d5234360,noise_gate,0.2,0.55,1755,1755,1.0,1.0,1.0,1.0,850,5,0.000174
5ae143ed55429920d5234360,noise_gate,0.25,0.55,1755,1755,1.0,1.0,1.0,1.0,638,5,0.0001316
5ae143ed55429920d5234360,noise_gate,0.3,0.55,1755,1755,1.0,1.0,1.0,1.0,590,5,0.000122
5ae143ed55429920d5234360,noise_gate,0.35,0.55,1755,1755,1.0,1.0,1.0,1.0,339,5,7.18e-05
5ae143ed55429920d5234360,noise_gate,0.5,0.55,1755,1755,1.0,1.0,1.0,1.0,204,5,4.4800000000000005e-05
5ae143ed55429920d5234360,noise_gate,0.2,0.5,1755,1755,1.0,1.0,1.0,1.0,850,5,0.000174
5ae143ed55429920d5234360,noise_gate,0.25,0.5,1755,1755,1.0,1.0,1.0,1.0,638,5,0.0001316
5ae143ed55429920d5234360,noise_gate,0.3,0.5,1755,1755,1.0,1.0,1.0,1.0,590,5,0.000122
5ae143ed55429920d5234360,noise_gate,0.35,0.5,1755,1755,1.0,1.0,1.0,1.0,339,5,7.18e-05
5abc19705542993a06baf86e,noise_gate,0.2,0.55,Dutch,Dutch,1.0,1.0,1.0,1.0,1397,4,0.00028260000000000004
5abc19705542993a06baf86e,noise_gate,0.25,0.55,Dutch,Dutch,1.0,1.0,1.0,1.0,1397,4,0.00028260000000000004
5abc19705542993a06baf86e,noise_gate,0.3,0.55,Dutch,Dutch,1.0,1.0,1.0,1.0,936,4,0.00019040000000000002
5abc19705542993a06baf86e,noise_gate,0.35,0.55,Dutch,Dutch,1.0,1.0,1.0,1.0,599,4,0.000123
5abc19705542993a06baf86e,noise_gate,0.5,0.55,Jewish,Dutch,0.0,0.0,0.0,0.0,212,5,4.640000000000001e-05
5abc19705542993a06baf86e,noise_gate,0.2,0.5,Dutch,Dutch,1.0,1.0,1.0,1.0,1397,4,0.00028260000000000004
5abc19705542993a06baf86e,noise_gate,0.25,0.5,Dutch,Dutch,1.0,1.0,1.0,1.0,1397,4,0.00028260000000000004
5abc19705542993a06baf86e,noise_gate,0.3,0.5,Dutch,Dutch,1.0,1.0,1.0,1.0,936,4,0.00019040000000000002
5abc19705542993a06baf86e,noise_gate,0.35,0.5,Dutch,Dutch,1.0,1.0,1.0,1.0,599,4,0.000123
5ac3e0f7554299194317388b,noise_gate,0.2,0.55,Kevin Spacey,Kevin Spacey,1.0,1.0,1.0,1.0,1187,6,0.0002422
5ac3e0f7554299194317388b,noise_gate,0.25,0.55,Kevin Spacey,Kevin Spacey,1.0,1.0,1.0,1.0,1187,6,0.0002422
5ac3e0f7554299194317388b,noise_gate,0.3,0.55,Kevin Spacey,Kevin Spacey,1.0,1.0,1.0,1.0,1028,6,0.00021040000000000002
5ac3e0f7554299194317388b,noise_gate,0.35,0.55,Kevin Spacey,Kevin Spacey,1.0,1.0,1.0,1.0,1028,6,0.00021040000000000002
5ac3e0f7554299194317388b,noise_gate,0.5,0.55,Kevin Spacey,Kevin Spacey,1.0,1.0,1.0,1.0,593,6,0.00012340000000000002
5ac3e0f7554299194317388b,noise_gate,0.2,0.5,Kevin Spacey,Kevin Spacey,1.0,1.0,1.0,1.0,1187,6,0.0002422
5ac3e0f7554299194317388b,noise_gate,0.25,0.5,Kevin Spacey,Kevin Spacey,1.0,1.0,1.0,1.0,1187,6,0.0002422
5ac3e0f7554299194317388b,noise_gate,0.3,0.5,Kevin Spacey,Kevin Spacey,1.0,1.0,1.0,1.0,1028,6,0.00021040000000000002
5ac3e0f7554299194317388b,noise_gate,0.35,0.5,Kevin Spacey,Kevin Spacey,1.0,1.0,1.0,1.0,1028,6,0.00021040000000000002
5ae518655542993aec5ec139,noise_gate,0.2,0.55,40,40 members,0.0,0.6666666666666666,1.0,0.5,1387,4,0.00028060000000000004
5ae518655542993aec5ec139,noise_gate,0.3,0.55,40,40 members,0.0,0.6666666666666666,1.0,0.5,1021,4,0.00020740000000000003
5ae518655542993aec5ec139,noise_gate,0.35,0.55,40,40 members,0.0,0.6666666666666666,1.0,0.5,1021,4,0.00020740000000000003
5ae518655542993aec5ec139,noise_gate,0.5,0.55,40,40 members,0.0,0.6666666666666666,1.0,0.5,213,4,4.58e-05
5ae518655542993aec5ec139,noise_gate,0.2,0.5,40,40 members,0.0,0.6666666666666666,1.0,0.5,1387,4,0.00028060000000000004
5ae518655542993aec5ec139,noise_gate,0.25,0.5,40,40 members,0.0,0.6666666666666666,1.0,0.5,1143,4,0.00023180000000000002
5ae518655542993aec5ec139,noise_gate,0.3,0.5,40,40 members,0.0,0.6666666666666666,1.0,0.5,1021,4,0.00020740000000000003
5ae518655542993aec5ec139,noise_gate,0.35,0.5,40,40 members,0.0,0.6666666666666666,1.0,0.5,1021,4,0.00020740000000000003
5ae518655542993aec5ec139,noise_gate,0.5,0.5,40,40 members,0.0,0.6666666666666666,1.0,0.5,213,4,4.58e-05
5ab985eb554299131ca42360,noise_gate,0.2,0.55,Calibanus,Greyia,0.0,0.0,0.0,0.0,1579,6,0.00032060000000000004
5ab985eb554299131ca42360,noise_gate,0.25,0.55,Calibanus,Greyia,0.0,0.0,0.0,0.0,1579,6,0.00032060000000000004
5ab985eb554299131ca42360,noise_gate,0.3,0.55,Calibanus,Greyia,0.0,0.0,0.0,0.0,1579,6,0.00032060000000000004
5ab985eb554299131ca42360,noise_gate,0.35,0.55,Calibanus,Greyia,0.0,0.0,0.0,0.0,928,6,0.00019040000000000002
5ab985eb554299131ca42360,noise_gate,0.5,0.55,Greyia,Greyia,1.0,1.0,1.0,1.0,256,5,5.520000000000001e-05
5ab985eb554299131ca42360,noise_gate,0.2,0.5,Calibanus,Greyia,0.0,0.0,0.0,0.0,1579,6,0.00032060000000000004
5ab985eb554299131ca42360,noise_gate,0.25,0.5,Calibanus,Greyia,0.0,0.0,0.0,0.0,1579,6,0.00032060000000000004
5ab985eb554299131ca42360,noise_gate,0.3,0.5,Calibanus,Greyia,0.0,0.0,0.0,0.0,1579,6,0.00032060000000000004
5ab985eb554299131ca42360,noise_gate,0.35,0.5,Calibanus,Greyia,0.0,0.0,0.0,0.0,928,6,0.00019040000000000002
5ab985eb554299131ca42360,noise_gate,0.5,0.5,Greyia,Greyia,1.0,1.0,1.0,1.0,256,5,5.520000000000001e-05
5a8753d95542994846c1cd63,noise_gate,0.2,0.55,no,yes,0.0,0.0,0.0,0.0,667,4,0.0001366
5a8753d95542994846c1cd63,noise_gate,0.25,0.55,no,yes,0.0,0.0,0.0,0.0,667,4,0.0001366
5a8753d95542994846c1cd63,noise_gate,0.3,0.55,no,yes,0.0,0.0,0.0,0.0,565,4,0.00011619999999999999
5a8753d95542994846c1cd63,noise_gate,0.35,0.55,no,yes,0.0,0.0,0.0,0.0,565,4,0.00011619999999999999
5a8753d95542994846c1cd63,noise_gate,0.5,0.55,no,yes,0.0,0.0,0.0,0.0,357,4,7.46e-05
5a8753d95542994846c1cd63,noise_gate,0.2,0.5,no,yes,0.0,0.0,0.0,0.0,667,4,0.0001366
5a8753d95542994846c1cd63,noise_gate,0.25,0.5,no,yes,0.0,0.0,0.0,0.0,667,4,0.0001366
5a8753d95542994846c1cd63,noise_gate,0.3,0.5,no,yes,0.0,0.0,0.0,0.0,565,4,0.00011619999999999999
5a8753d95542994846c1cd63,noise_gate,0.35,0.5,no,yes,0.0,0.0,0.0,0.0,565,4,0.00011619999999999999
5a8753d95542994846c1cd63,noise_gate,0.5,0.5,no,yes,0.0,0.0,0.0,0.0,357,4,7.46e-05
5ab97d0a5542996be202051e,noise_gate,0.2,0.55,John André,John André,1.0,1.0,1.0,1.0,1597,5,0.0003234
5ab97d0a5542996be202051e,noise_gate,0.25,0.55,John André,John André,1.0,1.0,1.0,1.0,1597,5,0.0003234
5ab97d0a5542996be202051e,noise_gate,0.3,0.55,John André,John André,1.0,1.0,1.0,1.0,1404,5,0.0002848
5ab97d0a5542996be202051e,noise_gate,0.35,0.55,John André,John André,1.0,1.0,1.0,1.0,743,5,0.0001526
5ab97d0a5542996be202051e,noise_gate,0.5,0.55,John André,John André,1.0,1.0,1.0,1.0,479,5,9.980000000000001e-05
5ab97d0a5542996be202051e,noise_gate,0.2,0.5,John André,John André,1.0,1.0,1.0,1.0,1597,5,0.0003234
5ab97d0a5542996be202051e,noise_gate,0.25,0.5,John André,John André,1.0,1.0,1.0,1.0,1597,5,0.0003234
5ab97d0a5542996be202051e,noise_gate,0.3,0.5,John André,John André,1.0,1.0,1.0,1.0,1404,5,0.0002848
5ab97d0a5542996be202051e,noise_gate,0.35,0.5,John André,John André,1.0,1.0,1.0,1.0,743,5,0.0001526
5ab97d0a5542996be202051e,noise_gate,0.5,0.5,John André,John André,1.0,1.0,1.0,1.0,479,5,9.980000000000001e-05
5adef1b35542993a75d263af,noise_gate,0.2,0.55,Salma Hayek,Salma Hayek Pinault,0.0,0.8,1.0,0.6666666666666666,1103,7,0.00022620000000000002
5adef1b35542993a75d263af,noise_gate,0.25,0.55,Salma Hayek,Salma Hayek Pinault,0.0,0.8,1.0,0.6666666666666666,1103,7,0.00022620000000000002
5adef1b35542993a75d263af,noise_gate,0.3,0.55,Salma Hayek,Salma Hayek Pinault,0.0,0.8,1.0,0.6666666666666666,1103,7,0.00022620000000000002
5adef1b35542993a75d263af,noise_gate,0.35,0.55,Salma Hayek,Salma Hayek Pinault,0.0,0.8,1.0,0.6666666666666666,971,7,0.0001998
5adef1b35542993a75d263af,noise_gate,0.5,0.55,Salma Hayek,Salma Hayek Pinault,0.0,0.8,1.0,0.6666666666666666,154,7,3.6400000000000004e-05
5adef1b35542993a75d263af,noise_gate,0.2,0.5,Salma Hayek,Salma Hayek Pinault,0.0,0.8,1.0,0.6666666666666666,1103,7,0.00022620000000000002
5adef1b35542993a75d263af,noise_gate,0.25,0.5,Salma Hayek,Salma Hayek Pinault,0.0,0.8,1.0,0.6666666666666666,1103,7,0.00022620000000000002
5adef1b35542993a75d263af,noise_gate,0.3,0.5,Salma Hayek,Salma Hayek Pinault,0.0,0.8,1.0,0.6666666666666666,1103,7,0.00022620000000000002
5adef1b35542993a75d263af,noise_gate,0.35,0.5,Salma Hayek,Salma Hayek Pinault,0.0,0.8,1.0,0.6666666666666666,971,7,0.0001998
5adef1b35542993a75d263af,noise_gate,0.5,0.5,Salma Hayek,Salma Hayek Pinault,0.0,0.8,1.0,0.6666666666666666,154,7,3.6400000000000004e-05
5a73b55855429978a71e9086,noise_gate,0.2,0.55,Gatwick Airport,Gatwick Airport,1.0,1.0,1.0,1.0,1722,7,0.00035000000000000005
5a73b55855429978a71e9086,noise_gate,0.25,0.55,Gatwick Airport,Gatwick Airport,1.0,1.0,1.0,1.0,1722,7,0.00035000000000000005
5a73b55855429978a71e9086,noise_gate,0.3,0.55,Gatwick Airport,Gatwick Airport,1.0,1.0,1.0,1.0,1722,7,0.00035000000000000005
5a73b55855429978a71e9086,noise_gate,0.35,0.55,Gatwick Airport,Gatwick Airport,1.0,1.0,1.0,1.0,1722,7,0.00035000000000000005
5a73b55855429978a71e9086,noise_gate,0.5,0.55,Gatwick Airport,Gatwick Airport,1.0,1.0,1.0,1.0,435,7,9.26e-05
5a73b55855429978a71e9086,noise_gate,0.2,0.5,Gatwick Airport,Gatwick Airport,1.0,1.0,1.0,1.0,1722,7,0.00035000000000000005
5a73b55855429978a71e9086,noise_gate,0.25,0.5,Gatwick Airport,Gatwick Airport,1.0,1.0,1.0,1.0,1722,7,0.00035000000000000005
5a73b55855429978a71e9086,noise_gate,0.3,0.5,Gatwick Airport,Gatwick Airport,1.0,1.0,1.0,1.0,1722,7,0.00035000000000000005
5a73b55855429978a71e9086,noise_gate,0.35,0.5,Gatwick Airport,Gatwick Airport,1.0,1.0,1.0,1.0,1722,7,0.00035000000000000005
5a73b55855429978a71e9086,noise_gate,0.5,0.5,Gatwick Airport,Gatwick Airport,1.0,1.0,1.0,1.0,435,7,9.26e-05
5ae80919554299540e5a56f6,noise_gate,0.2,0.55,The Changing Scottish Landscape,The Changing Scottish Landscape,1.0,1.0,1.0,1.0,1133,7,0.00023220000000000003
5ae80919554299540e5a56f6,noise_gate,0.25,0.55,The Changing Scottish Landscape,The Changing Scottish Landscape,1.0,1.0,1.0,1.0,1133,7,0.00023220000000000003
5ae80919554299540e5a56f6,noise_gate,0.3,0.55,The Changing Scottish Landscape,The Changing Scottish Landscape,1.0,1.0,1.0,1.0,931,7,0.00019180000000000003
5ae80919554299540e5a56f6,noise_gate,0.35,0.55,Cairnburgh Castle,The Changing Scottish Landscape,0.0,0.0,0.0,0.0,663,9,0.0001398
5ae80919554299540e5a56f6,noise_gate,0.5,0.55,Cairnburgh Castle,The Changing Scottish Landscape,0.0,0.0,0.0,0.0,183,9,4.38e-05
5ae80919554299540e5a56f6,noise_gate,0.2,0.5,The Changing Scottish Landscape,The Changing Scottish Landscape,1.0,1.0,1.0,1.0,1133,7,0.00023220000000000003
5ae80919554299540e5a56f6,noise_gate,0.25,0.5,The Changing Scottish Landscape,The Changing Scottish Landscape,1.0,1.0,1.0,1.0,1133,7,0.00023220000000000003
5ae80919554299540e5a56f6,noise_gate,0.3,0.5,The Changing Scottish Landscape,The Changing Scottish Landscape,1.0,1.0,1.0,1.0,931,7,0.00019180000000000003
5ae80919554299540e5a56f6,noise_gate,0.35,0.5,The Changing Scottish Landscape,The Changing Scottish Landscape,1.0,1.0,1.0,1.0,663,7,0.0001382
5ae80919554299540e5a56f6,noise_gate,0.5,0.5,Cairnburgh Castle,The Changing Scottish Landscape,0.0,0.0,0.0,0.0,183,15,4.86e-05
5ae361605542994393b9e69b,noise_gate,0.2,0.55,Home of the Submarine Force,"""Home of the Submarine Force""",1.0,1.0,1.0,1.0,1069,9,0.00022100000000000003
5ae361605542994393b9e69b,noise_gate,0.25,0.55,Home of the Submarine Force,"""Home of the Submarine Force""",1.0,1.0,1.0,1.0,681,9,0.00014340000000000002
5ae361605542994393b9e69b,noise_gate,0.3,0.55,Home of the Submarine Force,"""Home of the Submarine Force""",1.0,1.0,1.0,1.0,681,9,0.00014340000000000002
5ae361605542994393b9e69b,noise_gate,0.35,0.55,US Naval Submarine Base New London,"""Home of the Submarine Force""",0.0,0.2,0.16666666666666666,0.25,464,10,0.00010080000000000001
5ae361605542994393b9e69b,noise_gate,0.5,0.55,submarine escape training tank,"""Home of the Submarine Force""",0.0,0.25,0.25,0.25,283,8,6.3e-05
5ae361605542994393b9e69b,noise_gate,0.2,0.5,Naval Submarine Base New London,"""Home of the Submarine Force""",0.0,0.22222222222222224,0.2,0.25,1069,10,0.00022180000000000002
5ae361605542994393b9e69b,noise_gate,0.25,0.5,Home of the Submarine Force,"""Home of the Submarine Force""",1.0,1.0,1.0,1.0,681,9,0.00014340000000000002
5ae361605542994393b9e69b,noise_gate,0.3,0.5,Home of the Submarine Force,"""Home of the Submarine Force""",1.0,1.0,1.0,1.0,681,9,0.00014340000000000002
5ae361605542994393b9e69b,noise_gate,0.35,0.5,US Naval Submarine Base New London,"""Home of the Submarine Force""",0.0,0.2,0.16666666666666666,0.25,464,10,0.00010080000000000001
5ae361605542994393b9e69b,noise_gate,0.5,0.5,the US Naval Submarine Base New London submarine school,"""Home of the Submarine Force""",0.0,0.16666666666666666,0.125,0.25,283,13,6.7e-05
5ac3a76e554299741d48a2be,noise_gate,0.2,0.55,U2,U2,1.0,1.0,1.0,1.0,1057,5,0.0002154
5ac3a76e554299741d48a2be,noise_gate,0.25,0.55,U2,U2,1.0,1.0,1.0,1.0,1057,5,0.0002154
5ac3a76e554299741d48a2be,noise_gate,0.3,0.55,U2,U2,1.0,1.0,1.0,1.0,765,5,0.000157
5ac3a76e554299741d48a2be,noise_gate,0.35,0.55,U2,U2,1.0,1.0,1.0,1.0,611,5,0.0001262
5ac3a76e554299741d48a2be,noise_gate,0.5,0.55,U2,U2,1.0,1.0,1.0,1.0,319,5,6.780000000000001e-05
5ac3a76e554299741d48a2be,noise_gate,0.2,0.5,U2,U2,1.0,1.0,1.0,1.0,1057,5,0.0002154
5ac3a76e554299741d48a2be,noise_gate,0.25,0.5,U2,U2,1.0,1.0,1.0,1.0,1057,5,0.0002154
5ac3a76e554299741d48a2be,noise_gate,0.3,0.5,U2,U2,1.0,1.0,1.0,1.0,765,5,0.000157
5ac3a76e554299741d48a2be,noise_gate,0.35,0.5,U2,U2,1.0,1.0,1.0,1.0,611,5,0.0001262
5ac3a76e554299741d48a2be,noise_gate,0.5,0.5,U2,U2,1.0,1.0,1.0,1.0,319,5,6.780000000000001e-05
5a7557d75542992d0ec05f68,noise_gate,0.2,0.55,Laurie Metcalf,Laurie Metcalf,1.0,1.0,1.0,1.0,1675,8,0.0003414
5a7557d75542992d0ec05f68,noise_gate,0.25,0.55,Laurie Metcalf,Laurie Metcalf,1.0,1.0,1.0,1.0,1675,8,0.0003414
5a7557d75542992d0ec05f68,noise_gate,0.3,0.55,Laurie Metcalf,Laurie Metcalf,1.0,1.0,1.0,1.0,1675,8,0.0003414
5a7557d75542992d0ec05f68,noise_gate,0.35,0.55,Laurie Metcalf,Laurie Metcalf,1.0,1.0,1.0,1.0,1566,8,0.0003196
5a7557d75542992d0ec05f68,noise_gate,0.5,0.55,Laurie Metcalf,Laurie Metcalf,1.0,1.0,1.0,1.0,764,8,0.0001592
5a7557d75542992d0ec05f68,noise_gate,0.2,0.5,Laurie Metcalf,Laurie Metcalf,1.0,1.0,1.0,1.0,1675,8,0.0003414
5a7557d75542992d0ec05f68,noise_gate,0.25,0.5,Laurie Metcalf,Laurie Metcalf,1.0,1.0,1.0,1.0,1675,8,0.0003414
5a7557d75542992d0ec05f68,noise_gate,0.3,0.5,Laurie Metcalf,Laurie Metcalf,1.0,1.0,1.0,1.0,1675,8,0.0003414
5a7557d75542992d0ec05f68,noise_gate,0.35,0.5,Laurie Metcalf,Laurie Metcalf,1.0,1.0,1.0,1.0,1566,8,0.0003196
5a7557d75542992d0ec05f68,noise_gate,0.5,0.5,Laurie Metcalf,Laurie Metcalf,1.0,1.0,1.0,1.0,764,8,0.0001592
5a8d12ca5542994ba4e3dbe2,noise_gate,0.2,0.55,Nairobi,"Nairobi, Kenya",0.0,0.6666666666666666,1.0,0.5,796,5,0.0001632
5a8d12ca5542994ba4e3dbe2,noise_gate,0.25,0.55,Nairobi,"Nairobi, Kenya",0.0,0.6666666666666666,1.0,0.5,326,5,6.92e-05
5a8d12ca5542994ba4e3dbe2,noise_gate,0.3,0.55,Nairobi,"Nairobi, Kenya",0.0,0.6666666666666666,1.0,0.5,326,5,6.92e-05
5a8d12ca5542994ba4e3dbe2,noise_gate,0.35,0.55,Nairobi,"Nairobi, Kenya",0.0,0.6666666666666666,1.0,0.5,326,5,6.92e-05
5a8d12ca5542994ba4e3dbe2,noise_gate,0.5,0.55,Nairobi,"Nairobi, Kenya",0.0,0.6666666666666666,1.0,0.5,326,5,6.92e-05
5a8d12ca5542994ba4e3dbe2,noise_gate,0.2,0.5,Nairobi,"Nairobi, Kenya",0.0,0.6666666666666666,1.0,0.5,796,5,0.0001632
5a8d12ca5542994ba4e3dbe2,noise_gate,0.25,0.5,Nairobi,"Nairobi, Kenya",0.0,0.6666666666666666,1.0,0.5,326,5,6.92e-05
5a8d12ca5542994ba4e3dbe2,noise_gate,0.3,0.5,Nairobi,"Nairobi, Kenya",0.0,0.6666666666666666,1.0,0.5,326,5,6.92e-05
5a8d12ca5542994ba4e3dbe2,noise_gate,0.35,0.5,Nairobi,"Nairobi, Kenya",0.0,0.6666666666666666,1.0,0.5,326,5,6.92e-05
5a8d12ca5542994ba4e3dbe2,noise_gate,0.5,0.5,Nairobi,"Nairobi, Kenya",0.0,0.6666666666666666,1.0,0.5,326,5,6.92e-05
5ab7f6d35542993667794070,noise_gate,0.2,0.55,Cyclic Defrost,Cyclic Defrost,1.0,1.0,1.0,1.0,1611,7,0.00032780000000000005
5ab7f6d35542993667794070,noise_gate,0.25,0.55,Cyclic Defrost,Cyclic Defrost,1.0,1.0,1.0,1.0,1611,7,0.00032780000000000005
5ab7f6d35542993667794070,noise_gate,0.3,0.55,Cyclic Defrost,Cyclic Defrost,1.0,1.0,1.0,1.0,1550,7,0.0003156
5ab7f6d35542993667794070,noise_gate,0.35,0.55,Cyclic Defrost,Cyclic Defrost,1.0,1.0,1.0,1.0,881,7,0.00018180000000000003
5ab7f6d35542993667794070,noise_gate,0.5,0.55,Cyclic Defrost,Cyclic Defrost,1.0,1.0,1.0,1.0,278,7,6.12e-05
5ab7f6d35542993667794070,noise_gate,0.2,0.5,Cyclic Defrost,Cyclic Defrost,1.0,1.0,1.0,1.0,1611,7,0.00032780000000000005
5ab7f6d35542993667794070,noise_gate,0.25,0.5,Cyclic Defrost,Cyclic Defrost,1.0,1.0,1.0,1.0,1611,7,0.00032780000000000005
5ab7f6d35542993667794070,noise_gate,0.3,0.5,Cyclic Defrost,Cyclic Defrost,1.0,1.0,1.0,1.0,1550,7,0.0003156
5ab7f6d35542993667794070,noise_gate,0.35,0.5,Cyclic Defrost,Cyclic Defrost,1.0,1.0,1.0,1.0,881,7,0.00018180000000000003
5ab7f6d35542993667794070,noise_gate,0.5,0.5,Cyclic Defrost,Cyclic Defrost,1.0,1.0,1.0,1.0,278,7,6.12e-05
5ac3d9135542995c82c4ac4c,noise_gate,0.2,0.55,729,729 at the 2010 census,0.0,0.4,1.0,0.25,1954,4,0.00039400000000000004
5ac3d9135542995c82c4ac4c,noise_gate,0.25,0.55,729,729 at the 2010 census,0.0,0.4,1.0,0.25,931,4,0.00018940000000000002
5ac3d9135542995c82c4ac4c,noise_gate,0.3,0.55,729,729 at the 2010 census,0.0,0.4,1.0,0.25,812,4,0.00016560000000000001
5ac3d9135542995c82c4ac4c,noise_gate,0.35,0.55,729,729 at the 2010 census,0.0,0.4,1.0,0.25,666,4,0.0001364
5ac3d9135542995c82c4ac4c,noise_gate,0.5,0.55,729,729 at the 2010 census,0.0,0.4,1.0,0.25,212,4,4.560000000000001e-05
5ac3d9135542995c82c4ac4c,noise_gate,0.2,0.5,729,729 at the 2010 census,0.0,0.4,1.0,0.25,1954,4,0.00039400000000000004
5ac3d9135542995c82c4ac4c,noise_gate,0.25,0.5,729,729 at the 2010 census,0.0,0.4,1.0,0.25,931,4,0.00018940000000000002
5ac3d9135542995c82c4ac4c,noise_gate,0.3,0.5,729,729 at the 2010 census,0.0,0.4,1.0,0.25,812,4,0.00016560000000000001
5ac3d9135542995c82c4ac4c,noise_gate,0.35,0.5,729,729 at the 2010 census,0.0,0.4,1.0,0.25,666,4,0.0001364
5ac3d9135542995c82c4ac4c,noise_gate,0.5,0.5,729,729 at the 2010 census,0.0,0.4,1.0,0.25,212,4,4.560000000000001e-05
5ae129115542990adbacf722,noise_gate,0.2,0.55,Francis McPeake,Francis McPeake,1.0,1.0,1.0,1.0,1736,8,0.00035360000000000003
5ae129115542990adbacf722,noise_gate,0.25,0.55,Wild Mountain Thyme,Francis McPeake,0.0,0.0,0.0,0.0,1238,7,0.0002532
5ae129115542990adbacf722,noise_gate,0.3,0.55,Wild Mountain Thyme,Francis McPeake,0.0,0.0,0.0,0.0,1238,7,0.0002532
5ae129115542990adbacf722,noise_gate,0.35,0.55,Wild Mountain Thyme,Francis McPeake,0.0,0.0,0.0,0.0,843,7,0.00017420000000000003
5ae129115542990adbacf722,noise_gate,0.5,0.55,Francis McPeake,Francis McPeake,1.0,1.0,1.0,1.0,456,8,9.760000000000001e-05
5ae129115542990adbacf722,noise_gate,0.2,0.5,Francis McPeake,Francis McPeake,1.0,1.0,1.0,1.0,1736,8,0.00035360000000000003
5ae129115542990adbacf722,noise_gate,0.25,0.5,"Francis McPeake
",Francis McPeake,1.0,1.0,1.0,1.0,1238,9,0.0002548
5ae129115542990adbacf722,noise_gate,0.3,0.5,Francis McPeake,Francis McPeake,1.0,1.0,1.0,1.0,1238,8,0.000254
5ae129115542990adbacf722,noise_gate,0.35,0.5,Wild Mountain Thyme,Francis McPeake,0.0,0.0,0.0,0.0,843,7,0.00017420000000000003
5ae129115542990adbacf722,noise_gate,0.5,0.5,"Francis McPeake
",Francis McPeake,1.0,1.0,1.0,1.0,456,9,9.84e-05
5a86769c5542994775f60776,noise_gate,0.2,0.55,Slaughterhouse-Five,Slaughterhouse-Five,1.0,1.0,1.0,1.0,1539,8,0.0003142
5a86769c5542994775f60776,noise_gate,0.25,0.55,Slaughterhouse-Five,Slaughterhouse-Five,1.0,1.0,1.0,1.0,1114,8,0.00022920000000000001
5a86769c5542994775f60776,noise_gate,0.3,0.55,The Magic Christian,Slaughterhouse-Five,0.0,0.0,0.0,0.0,720,6,0.0001488
5a86769c5542994775f60776,noise_gate,0.35,0.55,The Magic Christian,Slaughterhouse-Five,0.0,0.0,0.0,0.0,572,6,0.0001192
5a86769c5542994775f60776,noise_gate,0.5,0.55,Slaughterhouse-Five,Slaughterhouse-Five,1.0,1.0,1.0,1.0,247,8,5.580000000000001e-05
5a86769c5542994775f60776,noise_gate,0.2,0.5,Slaughterhouse-Five,Slaughterhouse-Five,1.0,1.0,1.0,1.0,1539,8,0.0003142
5a86769c5542994775f60776,noise_gate,0.25,0.5,Slaughterhouse-Five,Slaughterhouse-Five,1.0,1.0,1.0,1.0,1114,8,0.00022920000000000001
5a86769c5542994775f60776,noise_gate,0.3,0.5,The Magic Christian,Slaughterhouse-Five,0.0,0.0,0.0,0.0,720,6,0.0001488
5a86769c5542994775f60776,noise_gate,0.35,0.5,The Magic Christian,Slaughterhouse-Five,0.0,0.0,0.0,0.0,572,6,0.0001192
5a86769c5542994775f60776,noise_gate,0.5,0.5,Slaughterhouse-Five,Slaughterhouse-Five,1.0,1.0,1.0,1.0,247,8,5.580000000000001e-05
5ab31864554299233954ff06,noise_gate,0.2,0.55,Sarod,strings,0.0,0.0,0.0,0.0,1544,5,0.0003128
5ab31864554299233954ff06,noise_gate,0.25,0.55,Sarod,strings,0.0,0.0,0.0,0.0,1544,5,0.0003128
5ab31864554299233954ff06,noise_gate,0.3,0.55,Sarod,strings,0.0,0.0,0.0,0.0,1396,5,0.0002832
5ab31864554299233954ff06,noise_gate,0.35,0.55,Sarod,strings,0.0,0.0,0.0,0.0,843,5,0.00017260000000000002
5ab31864554299233954ff06,noise_gate,0.5,0.55,Sarod,strings,0.0,0.0,0.0,0.0,221,5,4.8200000000000006e-05
5ab31864554299233954ff06,noise_gate,0.2,0.5,Sarod,strings,0.0,0.0,0.0,0.0,1544,5,0.0003128
5ab31864554299233954ff06,noise_gate,0.25,0.5,Sarod,strings,0.0,0.0,0.0,0.0,1544,5,0.0003128
5ab31864554299233954ff06,noise_gate,0.3,0.5,Sarod,strings,0.0,0.0,0.0,0.0,1396,5,0.0002832
5ab31864554299233954ff06,noise_gate,0.35,0.5,Sarod,strings,0.0,0.0,0.0,0.0,843,5,0.00017260000000000002
5ab31864554299233954ff06,noise_gate,0.5,0.5,Sarod,strings,0.0,0.0,0.0,0.0,221,5,4.8200000000000006e-05
5a7b1023554299042af8f6c2,noise_gate,0.2,0.55,Ride a Wild Pony,Ride a Wild Pony,1.0,1.0,1.0,1.0,1638,7,0.0003332000000000001
5a7b1023554299042af8f6c2,noise_gate,0.25,0.55,Ride a Wild Pony,Ride a Wild Pony,1.0,1.0,1.0,1.0,1638,7,0.0003332000000000001
5a7b1023554299042af8f6c2,noise_gate,0.3,0.55,Ride a Wild Pony,Ride a Wild Pony,1.0,1.0,1.0,1.0,1474,7,0.00030040000000000004
5a7b1023554299042af8f6c2,noise_gate,0.35,0.55,Ride a Wild Pony,Ride a Wild Pony,1.0,1.0,1.0,1.0,1474,7,0.00030040000000000004
5a7b1023554299042af8f6c2,noise_gate,0.5,0.55,Ride a Wild Pony,Ride a Wild Pony,1.0,1.0,1.0,1.0,979,7,0.00020140000000000002
5a7b1023554299042af8f6c2,noise_gate,0.2,0.5,Ride a Wild Pony,Ride a Wild Pony,1.0,1.0,1.0,1.0,1638,7,0.0003332000000000001
5a7b1023554299042af8f6c2,noise_gate,0.25,0.5,Ride a Wild Pony,Ride a Wild Pony,1.0,1.0,1.0,1.0,1638,7,0.0003332000000000001
5a7b1023554299042af8f6c2,noise_gate,0.3,0.5,Ride a Wild Pony,Ride a Wild Pony,1.0,1.0,1.0,1.0,1474,7,0.00030040000000000004
5a7b1023554299042af8f6c2,noise_gate,0.35,0.5,Ride a Wild Pony,Ride a Wild Pony,1.0,1.0,1.0,1.0,1474,7,0.00030040000000000004
5a7b1023554299042af8f6c2,noise_gate,0.5,0.5,Ride a Wild Pony,Ride a Wild Pony,1.0,1.0,1.0,1.0,979,7,0.00020140000000000002
5ac19f405542991316484b5b,noise_gate,0.2,0.55,dogs,dogs,1.0,1.0,1.0,1.0,806,4,0.0001644
5ac19f405542991316484b5b,noise_gate,0.25,0.55,dogs,dogs,1.0,1.0,1.0,1.0,452,4,9.36e-05
5ac19f405542991316484b5b,noise_gate,0.3,0.55,dogs,dogs,1.0,1.0,1.0,1.0,277,4,5.860000000000001e-05
5ac19f405542991316484b5b,noise_gate,0.35,0.55,dogs,dogs,1.0,1.0,1.0,1.0,277,4,5.860000000000001e-05
5ac19f405542991316484b5b,noise_gate,0.5,0.55,dogs,dogs,1.0,1.0,1.0,1.0,277,4,5.860000000000001e-05
5ac19f405542991316484b5b,noise_gate,0.2,0.5,dogs,dogs,1.0,1.0,1.0,1.0,806,4,0.0001644
5ac19f405542991316484b5b,noise_gate,0.25,0.5,dogs,dogs,1.0,1.0,1.0,1.0,452,4,9.36e-05
5ac19f405542991316484b5b,noise_gate,0.3,0.5,dogs,dogs,1.0,1.0,1.0,1.0,277,4,5.860000000000001e-05
5ac19f405542991316484b5b,noise_gate,0.35,0.5,dogs,dogs,1.0,1.0,1.0,1.0,277,4,5.860000000000001e-05
5ac19f405542991316484b5b,noise_gate,0.5,0.5,dogs,dogs,1.0,1.0,1.0,1.0,277,4,5.860000000000001e-05
5ae382ee5542992e3233c430,noise_gate,0.2,0.55,Classical realism,Modern thinkers associated with classical realism are Carl von Clausewitz,0.0,0.33333333333333337,1.0,0.2,1564,6,0.0003176
5ae382ee5542992e3233c430,noise_gate,0.25,0.55,Classical realism,Modern thinkers associated with classical realism are Carl von Clausewitz,0.0,0.33333333333333337,1.0,0.2,1564,6,0.0003176
5ae382ee5542992e3233c430,noise_gate,0.3,0.55,Classical realism,Modern thinkers associated with classical realism are Carl von Clausewitz,0.0,0.33333333333333337,1.0,0.2,1564,6,0.0003176
5ae382ee5542992e3233c430,noise_gate,0.35,0.55,Classical realism,Modern thinkers associated with classical realism are Carl von Clausewitz,0.0,0.33333333333333337,1.0,0.2,1436,6,0.000292
5ae382ee5542992e3233c430,noise_gate,0.5,0.55,Classical realism,Modern thinkers associated with classical realism are Carl von Clausewitz,0.0,0.33333333333333337,1.0,0.2,966,6,0.00019800000000000002
5ae382ee5542992e3233c430,noise_gate,0.2,0.5,Classical realism,Modern thinkers associated with classical realism are Carl von Clausewitz,0.0,0.33333333333333337,1.0,0.2,1564,6,0.0003176
5ae382ee5542992e3233c430,noise_gate,0.25,0.5,Classical realism,Modern thinkers associated with classical realism are Carl von Clausewitz,0.0,0.33333333333333337,1.0,0.2,1564,6,0.0003176
5ae382ee5542992e3233c430,noise_gate,0.3,0.5,Classical realism,Modern thinkers associated with classical realism are Carl von Clausewitz,0.0,0.33333333333333337,1.0,0.2,1564,6,0.0003176
5ae382ee5542992e3233c430,noise_gate,0.35,0.5,Classical realism,Modern thinkers associated with classical realism are Carl von Clausewitz,0.0,0.33333333333333337,1.0,0.2,1436,6,0.000292
5ae382ee5542992e3233c430,noise_gate,0.5,0.5,Classical realism,Modern thinkers associated with classical realism are Carl von Clausewitz,0.0,0.33333333333333337,1.0,0.2,966,6,0.00019800000000000002
5adcdf455542994ed6169c11,noise_gate,0.2,0.55,RAF Tangmere,Royal Air Force,0.0,0.0,0.0,0.0,1079,6,0.00022060000000000002
5adcdf455542994ed6169c11,noise_gate,0.25,0.55,1 Squadron and 3 Squadron,Royal Air Force,0.0,0.0,0.0,0.0,1079,9,0.00022300000000000003
5adcdf455542994ed6169c11,noise_gate,0.3,0.55,RAF Tangmere,Royal Air Force,0.0,0.0,0.0,0.0,1079,6,0.00022060000000000002
5adcdf455542994ed6169c11,noise_gate,0.35,0.55,RAF Tangmere,Royal Air Force,0.0,0.0,0.0,0.0,1079,6,0.00022060000000000002
5adcdf455542994ed6169c11,noise_gate,0.5,0.55,Royal Air Force,Royal Air Force,1.0,1.0,1.0,1.0,660,6,0.00013680000000000002
5adcdf455542994ed6169c11,noise_gate,0.2,0.5,RAF Tangmere,Royal Air Force,0.0,0.0,0.0,0.0,1079,6,0.00022060000000000002
5adcdf455542994ed6169c11,noise_gate,0.25,0.5,RAF Tangmere,Royal Air Force,0.0,0.0,0.0,0.0,1079,6,0.00022060000000000002
5adcdf455542994ed6169c11,noise_gate,0.3,0.5,RAF Tangmere,Royal Air Force,0.0,0.0,0.0,0.0,1079,6,0.00022060000000000002
5adcdf455542994ed6169c11,noise_gate,0.35,0.5,RAF Tangmere,Royal Air Force,0.0,0.0,0.0,0.0,1079,6,0.00022060000000000002
5adcdf455542994ed6169c11,noise_gate,0.5,0.5,RAF,Royal Air Force,0.0,0.0,0.0,0.0,660,4,0.0001352
5ac35a7e554299741d48a257,noise_gate,0.2,0.55,Norwegian,Norwegian language,0.0,0.6666666666666666,1.0,0.5,1149,5,0.0002338
5ac35a7e554299741d48a257,noise_gate,0.25,0.55,Norwegian,Norwegian language,0.0,0.6666666666666666,1.0,0.5,700,5,0.00014399999999999998
5ac35a7e554299741d48a257,noise_gate,0.3,0.55,Norwegian,Norwegian language,0.0,0.6666666666666666,1.0,0.5,400,5,8.400000000000001e-05
5ac35a7e554299741d48a257,noise_gate,0.35,0.55,Norwegian,Norwegian language,0.0,0.6666666666666666,1.0,0.5,243,5,5.2600000000000005e-05
5ac35a7e554299741d48a257,noise_gate,0.5,0.55,Norwegian,Norwegian language,0.0,0.6666666666666666,1.0,0.5,159,5,3.58e-05
5ac35a7e554299741d48a257,noise_gate,0.2,0.5,Norwegian language,Norwegian language,1.0,1.0,1.0,1.0,1149,6,0.0002346
5ac35a7e554299741d48a257,noise_gate,0.25,0.5,Norwegian,Norwegian language,0.0,0.6666666666666666,1.0,0.5,700,5,0.00014399999999999998
5ac35a7e554299741d48a257,noise_gate,0.3,0.5,Norwegian,Norwegian language,0.0,0.6666666666666666,1.0,0.5,400,5,8.400000000000001e-05
5ac35a7e554299741d48a257,noise_gate,0.35,0.5,Norwegian,Norwegian language,0.0,0.6666666666666666,1.0,0.5,243,5,5.2600000000000005e-05
5ac35a7e554299741d48a257,noise_gate,0.5,0.5,Norwegian,Norwegian language,0.0,0.6666666666666666,1.0,0.5,159,5,3.58e-05
5ab2659e554299340b5254b2,noise_gate,0.2,0.55,Parthian Empire,the Parthian Empire,1.0,1.0,1.0,1.0,1218,7,0.0002492
5ab2659e554299340b5254b2,noise_gate,0.25,0.55,Parthian Empire,the Parthian Empire,1.0,1.0,1.0,1.0,1096,7,0.00022480000000000002
5ab2659e554299340b5254b2,noise_gate,0.3,0.55,Parthian Empire,the Parthian Empire,1.0,1.0,1.0,1.0,870,7,0.0001796
5ab2659e554299340b5254b2,noise_gate,0.35,0.55,Parthian Empire,the Parthian Empire,1.0,1.0,1.0,1.0,617,7,0.00012900000000000002
5ab2659e554299340b5254b2,noise_gate,0.5,0.55,Parthian Empire,the Parthian Empire,1.0,1.0,1.0,1.0,479,7,0.00010140000000000001
5ab2659e554299340b5254b2,noise_gate,0.2,0.5,Parthian Empire,the Parthian Empire,1.0,1.0,1.0,1.0,1218,7,0.0002492
5ab2659e554299340b5254b2,noise_gate,0.25,0.5,Parthian Empire,the Parthian Empire,1.0,1.0,1.0,1.0,1096,7,0.00022480000000000002
5ab2659e554299340b5254b2,noise_gate,0.3,0.5,Parthian Empire,the Parthian Empire,1.0,1.0,1.0,1.0,870,7,0.0001796
5ab2659e554299340b5254b2,noise_gate,0.35,0.5,Parthian Empire,the Parthian Empire,1.0,1.0,1.0,1.0,617,7,0.00012900000000000002
5ab2659e554299340b5254b2,noise_gate,0.5,0.5,Parthian Empire,the Parthian Empire,1.0,1.0,1.0,1.0,479,7,0.00010140000000000001
5adcbb815542994ed6169bde,noise_gate,0.2,0.55,Stone Brewing Co.,Stone Brewing,0.0,0.8,0.6666666666666666,1.0,1248,7,0.0002552
5adcbb815542994ed6169bde,noise_gate,0.25,0.55,Stone Brewing Co.,Stone Brewing,0.0,0.8,0.6666666666666666,1.0,1248,7,0.0002552
5adcbb815542994ed6169bde,noise_gate,0.3,0.55,Stone Brewing Co.,Stone Brewing,0.0,0.8,0.6666666666666666,1.0,1248,7,0.0002552
5adcbb815542994ed6169bde,noise_gate,0.35,0.55,Stone Brewing Co.,Stone Brewing,0.0,0.8,0.6666666666666666,1.0,1150,7,0.0002356
5adcbb815542994ed6169bde,noise_gate,0.5,0.55,Stone Brewing Co.,Stone Brewing,0.0,0.8,0.6666666666666666,1.0,598,7,0.0001252
5adcbb815542994ed6169bde,noise_gate,0.2,0.5,Stone Brewing Co.,Stone Brewing,0.0,0.8,0.6666666666666666,1.0,1248,7,0.0002552
5adcbb815542994ed6169bde,noise_gate,0.25,0.5,Stone Brewing Co.,Stone Brewing,0.0,0.8,0.6666666666666666,1.0,1248,7,0.0002552
5adcbb815542994ed6169bde,noise_gate,0.3,0.5,Stone Brewing Co.,Stone Brewing,0.0,0.8,0.6666666666666666,1.0,1248,7,0.0002552
5adcbb815542994ed6169bde,noise_gate,0.35,0.5,Stone Brewing Co.,Stone Brewing,0.0,0.8,0.6666666666666666,1.0,1150,7,0.0002356
5adcbb815542994ed6169bde,noise_gate,0.5,0.5,Stone Brewing Co.,Stone Brewing,0.0,0.8,0.6666666666666666,1.0,598,7,0.0001252
5a74f8bd5542993748c8976a,noise_gate,0.2,0.55,Tim Cluess,Tim Cluess,1.0,1.0,1.0,1.0,921,7,0.0001898
5a74f8bd5542993748c8976a,noise_gate,0.25,0.55,Tim Cluess,Tim Cluess,1.0,1.0,1.0,1.0,921,7,0.0001898
5a74f8bd5542993748c8976a,noise_gate,0.3,0.55,Tim Cluess,Tim Cluess,1.0,1.0,1.0,1.0,298,7,6.52e-05
5a74f8bd5542993748c8976a,noise_gate,0.35,0.55,Tim Cluess,Tim Cluess,1.0,1.0,1.0,1.0,298,7,6.52e-05
5a74f8bd5542993748c8976a,noise_gate,0.5,0.55,Tim Cluess,Tim Cluess,1.0,1.0,1.0,1.0,96,13,2.96e-05
5a74f8bd5542993748c8976a,noise_gate,0.2,0.5,Tim Cluess,Tim Cluess,1.0,1.0,1.0,1.0,909,7,0.0001874
5a74f8bd5542993748c8976a,noise_gate,0.25,0.5,Tim Cluess,Tim Cluess,1.0,1.0,1.0,1.0,909,7,0.0001874
5a74f8bd5542993748c8976a,noise_gate,0.3,0.5,Tim Cluess,Tim Cluess,1.0,1.0,1.0,1.0,298,13,7e-05
5a74f8bd5542993748c8976a,noise_gate,0.35,0.5,Tim Cluess,Tim Cluess,1.0,1.0,1.0,1.0,298,7,6.52e-05
5a74f8bd5542993748c8976a,noise_gate,0.5,0.5,Tim Cluess,Tim Cluess,1.0,1.0,1.0,1.0,96,13,2.96e-05
5ade25ed5542997c77aded70,noise_gate,0.2,0.55,World War I,the Cold War (1947–91),0.0,0.3333333333333333,0.3333333333333333,0.3333333333333333,1586,6,0.0003220000000000001
5ade25ed5542997c77aded70,noise_gate,0.25,0.55,Cold War,the Cold War (1947–91),0.0,0.8,1.0,0.6666666666666666,1586,5,0.00032120000000000006
5ade25ed5542997c77aded70,noise_gate,0.3,0.55,Cold War,the Cold War (1947–91),0.0,0.8,1.0,0.6666666666666666,1486,5,0.0003012
5ade25ed5542997c77aded70,noise_gate,0.35,0.55,Cold War,the Cold War (1947–91),0.0,0.8,1.0,0.6666666666666666,1486,5,0.0003012
5ade25ed5542997c77aded70,noise_gate,0.5,0.55,Cold War,the Cold War (1947–91),0.0,0.8,1.0,0.6666666666666666,507,5,0.00010540000000000001
5ade25ed5542997c77aded70,noise_gate,0.2,0.5,Cold War,the Cold War (1947–91),0.0,0.8,1.0,0.6666666666666666,1586,5,0.00032120000000000006
5ade25ed5542997c77aded70,noise_gate,0.25,0.5,Cold War,the Cold War (1947–91),0.0,0.8,1.0,0.6666666666666666,1586,5,0.00032120000000000006
5ade25ed5542997c77aded70,noise_gate,0.3,0.5,Cold War,the Cold War (1947–91),0.0,0.8,1.0,0.6666666666666666,1486,5,0.0003012
5ade25ed5542997c77aded70,noise_gate,0.35,0.5,Cold War,the Cold War (1947–91),0.0,0.8,1.0,0.6666666666666666,1486,5,0.0003012
5ade25ed5542997c77aded70,noise_gate,0.5,0.5,World War I and II,the Cold War (1947–91),0.0,0.25,0.2,0.3333333333333333,507,8,0.00010780000000000002
5a78ae8b5542990784727730,noise_gate,0.2,0.55,115 miles (185 km) south of Sacramento,about 115 miles (185 km),0.0,0.6666666666666666,0.5714285714285714,0.8,1295,12,0.0002686
5a78ae8b5542990784727730,noise_gate,0.25,0.55,115 miles (185 km) south of Sacramento,about 115 miles (185 km),0.0,0.6666666666666666,0.5714285714285714,0.8,1136,12,0.0002368
5a78ae8b5542990784727730,noise_gate,0.3,0.55,115 miles (185 km),about 115 miles (185 km),0.0,0.888888888888889,1.0,0.8,1040,9,0.0002152
5a78ae8b5542990784727730,noise_gate,0.35,0.55,115 miles (185 km) south of Sacramento,about 115 miles (185 km),0.0,0.6666666666666666,0.5714285714285714,0.8,866,12,0.0001828
5a78ae8b5542990784727730,noise_gate,0.5,0.55,86 miles,about 115 miles (185 km),0.0,0.28571428571428575,0.5,0.2,179,5,3.9800000000000005e-05
5a78ae8b5542990784727730,noise_gate,0.2,0.5,115 miles,about 115 miles (185 km),0.0,0.5714285714285715,1.0,0.4,1295,5,0.000263
5a78ae8b5542990784727730,noise_gate,0.25,0.5,115 miles (185 km) south of Sacramento,about 115 miles (185 km),0.0,0.6666666666666666,0.5714285714285714,0.8,1136,12,0.0002368
5a78ae8b5542990784727730,noise_gate,0.3,0.5,115 miles (185 km),about 115 miles (185 km),0.0,0.888888888888889,1.0,0.8,1040,9,0.0002152
5a78ae8b5542990784727730,noise_gate,0.35,0.5,115 miles (185 km) south,about 115 miles (185 km),0.0,0.8000000000000002,0.8,0.8,866,10,0.0001812
5a78ae8b5542990784727730,noise_gate,0.5,0.5,50 miles,about 115 miles (185 km),0.0,0.28571428571428575,0.5,0.2,179,5,3.9800000000000005e-05
5ae12a4b55429920d52342df,noise_gate,0.2,0.55,Puli Alam,Puli Alam,1.0,1.0,1.0,1.0,1673,6,0.0003394
5ae12a4b55429920d52342df,noise_gate,0.25,0.55,Puli Alam,Puli Alam,1.0,1.0,1.0,1.0,1364,6,0.0002776
5ae12a4b55429920d52342df,noise_gate,0.3,0.55,Puli Alam,Puli Alam,1.0,1.0,1.0,1.0,667,6,0.00013820000000000003
5ae12a4b55429920d52342df,noise_gate,0.35,0.55,Puli Alam,Puli Alam,1.0,1.0,1.0,1.0,594,6,0.00012360000000000002
5ae12a4b55429920d52342df,noise_gate,0.5,0.55,Pul-i-Alam,Puli Alam,0.0,0.0,0.0,0.0,454,7,9.640000000000001e-05
5ae12a4b55429920d52342df,noise_gate,0.2,0.5,Puli Alam,Puli Alam,1.0,1.0,1.0,1.0,1673,6,0.0003394
5ae12a4b55429920d52342df,noise_gate,0.25,0.5,Puli Alam,Puli Alam,1.0,1.0,1.0,1.0,1364,6,0.0002776
5ae12a4b55429920d52342df,noise_gate,0.3,0.5,Puli Alam,Puli Alam,1.0,1.0,1.0,1.0,667,6,0.00013820000000000003
5ae12a4b55429920d52342df,noise_gate,0.35,0.5,Puli Alam,Puli Alam,1.0,1.0,1.0,1.0,594,6,0.00012360000000000002
5ae12a4b55429920d52342df,noise_gate,0.5,0.5,Pul-i-Alam,Puli Alam,0.0,0.0,0.0,0.0,454,7,9.640000000000001e-05
5ae22eae554299495565da30,noise_gate,0.2,0.55,310,310,1.0,1.0,1.0,1.0,1464,4,0.00029600000000000004
5ae22eae554299495565da30,noise_gate,0.25,0.55,310,310,1.0,1.0,1.0,1.0,1340,4,0.00027120000000000003
5ae22eae554299495565da30,noise_gate,0.3,0.55,310,310,1.0,1.0,1.0,1.0,646,4,0.00013240000000000002
5ae22eae554299495565da30,noise_gate,0.35,0.55,196,310,0.0,0.0,0.0,0.0,439,4,9.1e-05
5ae22eae554299495565da30,noise_gate,0.5,0.55,noanswer,310,0.0,0.0,0.0,0.0,313,5,6.66e-05
5ae22eae554299495565da30,noise_gate,0.2,0.5,310,310,1.0,1.0,1.0,1.0,1464,4,0.00029600000000000004
5ae22eae554299495565da30,noise_gate,0.25,0.5,310,310,1.0,1.0,1.0,1.0,1340,4,0.00027120000000000003
5ae22eae554299495565da30,noise_gate,0.3,0.5,310,310,1.0,1.0,1.0,1.0,646,4,0.00013240000000000002
5ae22eae554299495565da30,noise_gate,0.35,0.5,196,310,0.0,0.0,0.0,0.0,439,4,9.1e-05
5ae22eae554299495565da30,noise_gate,0.5,0.5,noanswer,310,0.0,0.0,0.0,0.0,313,5,6.66e-05
5ab6aa4c55429953192ad359,noise_gate,0.2,0.55,Kitty Hawk,"""Kitty Hawk""",1.0,1.0,1.0,1.0,1544,6,0.00031360000000000003
5ab6aa4c55429953192ad359,noise_gate,0.25,0.55,Kitty Hawk,"""Kitty Hawk""",1.0,1.0,1.0,1.0,1544,6,0.00031360000000000003
5ab6aa4c55429953192ad359,noise_gate,0.3,0.55,Kitty Hawk,"""Kitty Hawk""",1.0,1.0,1.0,1.0,1544,6,0.00031360000000000003
5ab6aa4c55429953192ad359,noise_gate,0.35,0.55,Kitty Hawk,"""Kitty Hawk""",1.0,1.0,1.0,1.0,1544,6,0.00031360000000000003
5ab6aa4c55429953192ad359,noise_gate,0.5,0.55,CSM,"""Kitty Hawk""",0.0,0.0,0.0,0.0,517,5,0.00010740000000000001
5ab6aa4c55429953192ad359,noise_gate,0.2,0.5,Kitty Hawk,"""Kitty Hawk""",1.0,1.0,1.0,1.0,1544,6,0.00031360000000000003
5ab6aa4c55429953192ad359,noise_gate,0.25,0.5,Kitty Hawk,"""Kitty Hawk""",1.0,1.0,1.0,1.0,1544,6,0.00031360000000000003
5ab6aa4c55429953192ad359,noise_gate,0.3,0.5,Kitty Hawk,"""Kitty Hawk""",1.0,1.0,1.0,1.0,1544,6,0.00031360000000000003
5ab6aa4c55429953192ad359,noise_gate,0.35,0.5,Kitty Hawk,"""Kitty Hawk""",1.0,1.0,1.0,1.0,1544,6,0.00031360000000000003
5ab6aa4c55429953192ad359,noise_gate,0.5,0.5,CSM,"""Kitty Hawk""",0.0,0.0,0.0,0.0,517,5,0.00010740000000000001
5adf3e835542993a75d26442,noise_gate,0.2,0.55,Fenris,Marvel,0.0,0.0,0.0,0.0,1154,5,0.0002348
5adf3e835542993a75d26442,noise_gate,0.25,0.55,Fenris,Marvel,0.0,0.0,0.0,0.0,1075,5,0.00021899999999999998
5adf3e835542993a75d26442,noise_gate,0.3,0.55,Fenris (comics),Marvel,0.0,0.0,0.0,0.0,1075,9,0.0002222
5adf3e835542993a75d26442,noise_gate,0.35,0.55,Fenris (comics),Marvel,0.0,0.0,0.0,0.0,1075,9,0.0002222
5adf3e835542993a75d26442,noise_gate,0.5,0.55,Nick Fury vs. S.H.I.E.L.D.,Marvel,0.0,0.0,0.0,0.0,979,14,0.00020700000000000002
5adf3e835542993a75d26442,noise_gate,0.2,0.5,Fenris (comics),Marvel,0.0,0.0,0.0,0.0,1154,9,0.000238
5adf3e835542993a75d26442,noise_gate,0.25,0.5,Fenris (comics),Marvel,0.0,0.0,0.0,0.0,1075,9,0.0002222
5adf3e835542993a75d26442,noise_gate,0.3,0.5,Fenris (comics),Marvel,0.0,0.0,0.0,0.0,1075,9,0.0002222
5adf3e835542993a75d26442,noise_gate,0.35,0.5,Fenris (comics),Marvel,0.0,0.0,0.0,0.0,1075,9,0.0002222
5adf3e835542993a75d26442,noise_gate,0.5,0.5,Fenris (comics),Marvel,0.0,0.0,0.0,0.0,979,9,0.00020300000000000003
5a8ee3a755429917b4a5be02,noise_gate,0.2,0.55,Bing Crosby,"Harry Lillis ""Bing"" Crosby Jr.",0.0,0.5714285714285715,1.0,0.4,900,6,0.00018480000000000002
5a8ee3a755429917b4a5be02,noise_gate,0.25,0.55,Bing Crosby,"Harry Lillis ""Bing"" Crosby Jr.",0.0,0.5714285714285715,1.0,0.4,900,6,0.00018480000000000002
5a8ee3a755429917b4a5be02,noise_gate,0.3,0.55,Bing Crosby,"Harry Lillis ""Bing"" Crosby Jr.",0.0,0.5714285714285715,1.0,0.4,900,6,0.00018480000000000002
5a8ee3a755429917b4a5be02,noise_gate,0.35,0.55,Bing Crosby,"Harry Lillis ""Bing"" Crosby Jr.",0.0,0.5714285714285715,1.0,0.4,900,6,0.00018480000000000002
5a8ee3a755429917b4a5be02,noise_gate,0.5,0.55,Bing Crosby,"Harry Lillis ""Bing"" Crosby Jr.",0.0,0.5714285714285715,1.0,0.4,228,6,5.0400000000000005e-05
5a8ee3a755429917b4a5be02,noise_gate,0.2,0.5,Bing Crosby,"Harry Lillis ""Bing"" Crosby Jr.",0.0,0.5714285714285715,1.0,0.4,900,6,0.00018480000000000002
5a8ee3a755429917b4a5be02,noise_gate,0.25,0.5,Bing Crosby,"Harry Lillis ""Bing"" Crosby Jr.",0.0,0.5714285714285715,1.0,0.4,900,6,0.00018480000000000002
5a8ee3a755429917b4a5be02,noise_gate,0.3,0.5,Bing Crosby,"Harry Lillis ""Bing"" Crosby Jr.",0.0,0.5714285714285715,1.0,0.4,900,6,0.00018480000000000002
5a8ee3a755429917b4a5be02,noise_gate,0.35,0.5,Bing Crosby,"Harry Lillis ""Bing"" Crosby Jr.",0.0,0.5714285714285715,1.0,0.4,900,6,0.00018480000000000002
5a8ee3a755429917b4a5be02,noise_gate,0.5,0.5,Bing Crosby,"Harry Lillis ""Bing"" Crosby Jr.",0.0,0.5714285714285715,1.0,0.4,228,6,5.0400000000000005e-05
5ac0dcf25542996f0d89cc2c,noise_gate,0.2,0.55,Jane Mayer,Jane Mayer,1.0,1.0,1.0,1.0,867,5,0.0001774
5ac0dcf25542996f0d89cc2c,noise_gate,0.25,0.55,Jane Mayer,Jane Mayer,1.0,1.0,1.0,1.0,867,5,0.0001774
5ac0dcf25542996f0d89cc2c,noise_gate,0.3,0.55,Jane Mayer,Jane Mayer,1.0,1.0,1.0,1.0,779,5,0.0001598
5ac0dcf25542996f0d89cc2c,noise_gate,0.35,0.55,Jane Mayer,Jane Mayer,1.0,1.0,1.0,1.0,779,5,0.0001598
5ac0dcf25542996f0d89cc2c,noise_gate,0.5,0.55,Jane Mayer,Jane Mayer,1.0,1.0,1.0,1.0,779,5,0.0001598
5ac0dcf25542996f0d89cc2c,noise_gate,0.2,0.5,Jane Mayer,Jane Mayer,1.0,1.0,1.0,1.0,867,5,0.0001774
5ac0dcf25542996f0d89cc2c,noise_gate,0.25,0.5,Jane Mayer,Jane Mayer,1.0,1.0,1.0,1.0,867,5,0.0001774
5ac0dcf25542996f0d89cc2c,noise_gate,0.3,0.5,Jane Mayer,Jane Mayer,1.0,1.0,1.0,1.0,779,5,0.0001598
5ac0dcf25542996f0d89cc2c,noise_gate,0.35,0.5,Jane Mayer,Jane Mayer,1.0,1.0,1.0,1.0,779,5,0.0001598
5ac0dcf25542996f0d89cc2c,noise_gate,0.5,0.5,Jane Mayer,Jane Mayer,1.0,1.0,1.0,1.0,779,5,0.0001598
5a7e618155429949594199b0,noise_gate,0.2,0.55,Albany County,Albany,0.0,0.6666666666666666,0.5,1.0,1821,6,0.0003690000000000001
5a7e618155429949594199b0,noise_gate,0.25,0.55,Albany County,Albany,0.0,0.6666666666666666,0.5,1.0,1821,6,0.0003690000000000001
5a7e618155429949594199b0,noise_gate,0.3,0.55,Albany County,Albany,0.0,0.6666666666666666,0.5,1.0,1821,6,0.0003690000000000001
5a7e618155429949594199b0,noise_gate,0.35,0.55,Albany County,Albany,0.0,0.6666666666666666,0.5,1.0,1821,6,0.0003690000000000001
5a7e618155429949594199b0,noise_gate,0.5,0.55,Albany County,Albany,0.0,0.6666666666666666,0.5,1.0,1319,6,0.0002686
5a7e618155429949594199b0,noise_gate,0.2,0.5,Albany County,Albany,0.0,0.6666666666666666,0.5,1.0,1821,6,0.0003690000000000001
5a7e618155429949594199b0,noise_gate,0.25,0.5,Albany County,Albany,0.0,0.6666666666666666,0.5,1.0,1821,6,0.0003690000000000001
5a7e618155429949594199b0,noise_gate,0.3,0.5,Albany County,Albany,0.0,0.6666666666666666,0.5,1.0,1821,6,0.0003690000000000001
5a7e618155429949594199b0,noise_gate,0.35,0.5,Albany County,Albany,0.0,0.6666666666666666,0.5,1.0,1821,6,0.0003690000000000001
5a7e618155429949594199b0,noise_gate,0.5,0.5,Albany County,Albany,0.0,0.6666666666666666,0.5,1.0,1319,6,0.0002686
5ab916e155429919ba4e23a4,noise_gate,0.2,0.55,Chiwetel Ejiofor,Chiwetel Ejiofor,1.0,1.0,1.0,1.0,639,9,0.00013500000000000003
5ab916e155429919ba4e23a4,noise_gate,0.25,0.55,Chiwetel Ejiofor,Chiwetel Ejiofor,1.0,1.0,1.0,1.0,599,9,0.00012700000000000002
5ab916e155429919ba4e23a4,noise_gate,0.3,0.55,Chiwetel Ejiofor,Chiwetel Ejiofor,1.0,1.0,1.0,1.0,599,9,0.00012700000000000002
5ab916e155429919ba4e23a4,noise_gate,0.35,0.55,Chiwetel Ejiofor,Chiwetel Ejiofor,1.0,1.0,1.0,1.0,573,9,0.0001218
5ab916e155429919ba4e23a4,noise_gate,0.5,0.55,Chiwetel Ejiofor,Chiwetel Ejiofor,1.0,1.0,1.0,1.0,90,15,3e-05
5ab916e155429919ba4e23a4,noise_gate,0.2,0.5,Chiwetel Ejiofor,Chiwetel Ejiofor,1.0,1.0,1.0,1.0,639,9,0.00013500000000000003
5ab916e155429919ba4e23a4,noise_gate,0.25,0.5,Chiwetel Ejiofor,Chiwetel Ejiofor,1.0,1.0,1.0,1.0,599,9,0.00012700000000000002
5ab916e155429919ba4e23a4,noise_gate,0.3,0.5,Chiwetel Ejiofor,Chiwetel Ejiofor,1.0,1.0,1.0,1.0,599,9,0.00012700000000000002
5ab916e155429919ba4e23a4,noise_gate,0.35,0.5,Chiwetel Ejiofor,Chiwetel Ejiofor,1.0,1.0,1.0,1.0,573,9,0.0001218
5ab916e155429919ba4e23a4,noise_gate,0.5,0.5,Chiwetel Ejiofor,Chiwetel Ejiofor,1.0,1.0,1.0,1.0,90,15,3e-05
5a713b325542994082a3e6b5,noise_gate,0.2,0.55,Agra,Agra,1.0,1.0,1.0,1.0,1169,5,0.0002378
5a713b325542994082a3e6b5,noise_gate,0.25,0.55,Agra,Agra,1.0,1.0,1.0,1.0,1076,5,0.00021920000000000002
5a713b325542994082a3e6b5,noise_gate,0.3,0.55,Agra,Agra,1.0,1.0,1.0,1.0,1076,5,0.00021920000000000002
5a713b325542994082a3e6b5,noise_gate,0.35,0.55,Agra,Agra,1.0,1.0,1.0,1.0,1016,5,0.0002072
5a713b325542994082a3e6b5,noise_gate,0.5,0.55,Agra,Agra,1.0,1.0,1.0,1.0,882,5,0.0001804
5a713b325542994082a3e6b5,noise_gate,0.2,0.5,Agra,Agra,1.0,1.0,1.0,1.0,1169,5,0.0002378
5a713b325542994082a3e6b5,noise_gate,0.25,0.5,Agra,Agra,1.0,1.0,1.0,1.0,1076,5,0.00021920000000000002
5a713b325542994082a3e6b5,noise_gate,0.3,0.5,Agra,Agra,1.0,1.0,1.0,1.0,1076,5,0.00021920000000000002
5a713b325542994082a3e6b5,noise_gate,0.35,0.5,Agra,Agra,1.0,1.0,1.0,1.0,1016,5,0.0002072
5a713b325542994082a3e6b5,noise_gate,0.5,0.5,Agra,Agra,1.0,1.0,1.0,1.0,882,5,0.0001804
5a87c13f5542996e4f30890c,noise_gate,0.2,0.55,Rome,Rome,1.0,1.0,1.0,1.0,1462,4,0.0002956000000000001
5a87c13f5542996e4f30890c,noise_gate,0.25,0.55,Rome,Rome,1.0,1.0,1.0,1.0,1462,4,0.0002956000000000001
5a87c13f5542996e4f30890c,noise_gate,0.3,0.55,Rome,Rome,1.0,1.0,1.0,1.0,1462,10,0.00030040000000000004
5a87c13f5542996e4f30890c,noise_gate,0.35,0.55,Rome,Rome,1.0,1.0,1.0,1.0,1462,4,0.0002956000000000001
5a87c13f5542996e4f30890c,noise_gate,0.5,0.55,Rome,Rome,1.0,1.0,1.0,1.0,812,4,0.00016560000000000001
5a87c13f5542996e4f30890c,noise_gate,0.2,0.5,Rome,Rome,1.0,1.0,1.0,1.0,1462,4,0.0002956000000000001
5a87c13f5542996e4f30890c,noise_gate,0.25,0.5,Rome,Rome,1.0,1.0,1.0,1.0,1462,4,0.0002956000000000001
5a87c13f5542996e4f30890c,noise_gate,0.3,0.5,Rome,Rome,1.0,1.0,1.0,1.0,1462,4,0.0002956000000000001
5a87c13f5542996e4f30890c,noise_gate,0.35,0.5,Rome,Rome,1.0,1.0,1.0,1.0,1462,4,0.0002956000000000001
5a87c13f5542996e4f30890c,noise_gate,0.5,0.5,Rome,Rome,1.0,1.0,1.0,1.0,812,4,0.00016560000000000001
5a8843cd5542994846c1ce75,noise_gate,0.2,0.55,Mwabvi river,Buffalo,0.0,0.0,0.0,0.0,1361,7,0.00027780000000000003
5a8843cd5542994846c1ce75,noise_gate,0.25,0.55,Mwabvi river,Buffalo,0.0,0.0,0.0,0.0,1133,7,0.00023220000000000003
5a8843cd5542994846c1ce75,noise_gate,0.3,0.55,Mwabvi river,Buffalo,0.0,0.0,0.0,0.0,996,7,0.00020480000000000002
5a8843cd5542994846c1ce75,noise_gate,0.35,0.55,Mwabvi river,Buffalo,0.0,0.0,0.0,0.0,771,7,0.0001598
5a8843cd5542994846c1ce75,noise_gate,0.5,0.55,Mwabvi river,Buffalo,0.0,0.0,0.0,0.0,385,7,8.26e-05
5a8843cd5542994846c1ce75,noise_gate,0.2,0.5,Mwabvi river,Buffalo,0.0,0.0,0.0,0.0,1361,7,0.00027780000000000003
5a8843cd5542994846c1ce75,noise_gate,0.25,0.5,Mwabvi river,Buffalo,0.0,0.0,0.0,0.0,1133,7,0.00023220000000000003
5a8843cd5542994846c1ce75,noise_gate,0.3,0.5,Mwabvi river,Buffalo,0.0,0.0,0.0,0.0,996,7,0.00020480000000000002
5a8843cd5542994846c1ce75,noise_gate,0.35,0.5,Mwabvi river,Buffalo,0.0,0.0,0.0,0.0,771,7,0.0001598
5a8843cd5542994846c1ce75,noise_gate,0.5,0.5,Mwabvi river,Buffalo,0.0,0.0,0.0,0.0,385,7,8.26e-05
5ab90d8955429916710eb0f1,noise_gate,0.2,0.55,Smoothie King Center,Smoothie King Center,1.0,1.0,1.0,1.0,1178,7,0.00024120000000000004
5ab90d8955429916710eb0f1,noise_gate,0.25,0.55,Smoothie King Center,Smoothie King Center,1.0,1.0,1.0,1.0,1178,7,0.00024120000000000004
5ab90d8955429916710eb0f1,noise_gate,0.3,0.55,Smoothie King Center,Smoothie King Center,1.0,1.0,1.0,1.0,1178,7,0.00024120000000000004
5ab90d8955429916710eb0f1,noise_gate,0.35,0.55,Smoothie King Center,Smoothie King Center,1.0,1.0,1.0,1.0,1178,7,0.00024120000000000004
5ab90d8955429916710eb0f1,noise_gate,0.5,0.55,Smoothie King Center,Smoothie King Center,1.0,1.0,1.0,1.0,185,7,4.26e-05
5ab90d8955429916710eb0f1,noise_gate,0.2,0.5,Smoothie King Center,Smoothie King Center,1.0,1.0,1.0,1.0,1178,7,0.00024120000000000004
5ab90d8955429916710eb0f1,noise_gate,0.25,0.5,Smoothie King Center,Smoothie King Center,1.0,1.0,1.0,1.0,1178,7,0.00024120000000000004
5ab90d8955429916710eb0f1,noise_gate,0.3,0.5,Smoothie King Center,Smoothie King Center,1.0,1.0,1.0,1.0,1178,7,0.00024120000000000004
5ab90d8955429916710eb0f1,noise_gate,0.35,0.5,Smoothie King Center,Smoothie King Center,1.0,1.0,1.0,1.0,1178,7,0.00024120000000000004
5ab90d8955429916710eb0f1,noise_gate,0.5,0.5,Smoothie King Center,Smoothie King Center,1.0,1.0,1.0,1.0,185,13,4.74e-05
5ae788fa55429952e35ea964,noise_gate,0.2,0.55,jam band sound,extensive use of segues,0.0,0.0,0.0,0.0,1048,6,0.00021440000000000003
5ae788fa55429952e35ea964,noise_gate,0.25,0.55,jam band sound,extensive use of segues,0.0,0.0,0.0,0.0,1048,6,0.00021440000000000003
5ae788fa55429952e35ea964,noise_gate,0.3,0.55,jam band sound,extensive use of segues,0.0,0.0,0.0,0.0,1048,6,0.00021440000000000003
5ae788fa55429952e35ea964,noise_gate,0.35,0.55,extensive use of segues,extensive use of segues,1.0,1.0,1.0,1.0,1048,9,0.00021680000000000004
5ae788fa55429952e35ea964,noise_gate,0.5,0.55,jam band sound,extensive use of segues,0.0,0.0,0.0,0.0,597,6,0.0001242
5ae788fa55429952e35ea964,noise_gate,0.2,0.5,jam band sound,extensive use of segues,0.0,0.0,0.0,0.0,1048,6,0.00021440000000000003
5ae788fa55429952e35ea964,noise_gate,0.25,0.5,jam band sound,extensive use of segues,0.0,0.0,0.0,0.0,1048,6,0.00021440000000000003
5ae788fa55429952e35ea964,noise_gate,0.3,0.5,jam band sound,extensive use of segues,0.0,0.0,0.0,0.0,1048,6,0.00021440000000000003
5ae788fa55429952e35ea964,noise_gate,0.35,0.5,jam band sound,extensive use of segues,0.0,0.0,0.0,0.0,1048,6,0.00021440000000000003
5ae788fa55429952e35ea964,noise_gate,0.5,0.5,jam band sound,extensive use of segues,0.0,0.0,0.0,0.0,597,6,0.0001242
5ae1925a554299492dc91b48,noise_gate,0.2,0.55,Lady Charlotte Elliot,Charlotte Carnegie,0.0,0.4,0.3333333333333333,0.5,948,6,0.00019440000000000004
5ae1925a554299492dc91b48,noise_gate,0.25,0.55,Lady Charlotte Elliot,Charlotte Carnegie,0.0,0.4,0.3333333333333333,0.5,747,6,0.0001542
5ae1925a554299492dc91b48,noise_gate,0.3,0.55,Lady Charlotte Elliot,Charlotte Carnegie,0.0,0.4,0.3333333333333333,0.5,747,6,0.0001542
5ae1925a554299492dc91b48,noise_gate,0.35,0.55,Lady Charlotte Elliot,Charlotte Carnegie,0.0,0.4,0.3333333333333333,0.5,378,6,8.04e-05
5ae1925a554299492dc91b48,noise_gate,0.5,0.55,George Meredith,Charlotte Carnegie,0.0,0.0,0.0,0.0,93,5,2.26e-05
5ae1925a554299492dc91b48,noise_gate,0.2,0.5,Lady Charlotte Elliot,Charlotte Carnegie,0.0,0.4,0.3333333333333333,0.5,948,6,0.00019440000000000004
5ae1925a554299492dc91b48,noise_gate,0.25,0.5,Lady Charlotte Elliot,Charlotte Carnegie,0.0,0.4,0.3333333333333333,0.5,747,6,0.0001542
5ae1925a554299492dc91b48,noise_gate,0.3,0.5,Lady Charlotte Elliot,Charlotte Carnegie,0.0,0.4,0.3333333333333333,0.5,747,6,0.0001542
5ae1925a554299492dc91b48,noise_gate,0.35,0.5,Lady Charlotte Elliot,Charlotte Carnegie,0.0,0.4,0.3333333333333333,0.5,378,6,8.04e-05
5ae1925a554299492dc91b48,noise_gate,0.5,0.5,Robert Browning,Charlotte Carnegie,0.0,0.0,0.0,0.0,93,12,2.82e-05
5ae1443855429920d5234362,noise_gate,0.2,0.55,World War II,World War II,1.0,1.0,1.0,1.0,1829,6,0.0003706
5ae1443855429920d5234362,noise_gate,0.25,0.55,World War II,World War II,1.0,1.0,1.0,1.0,1829,6,0.0003706
5ae1443855429920d5234362,noise_gate,0.3,0.55,World War II,World War II,1.0,1.0,1.0,1.0,1829,6,0.0003706
5ae1443855429920d5234362,noise_gate,0.35,0.55,World War II,World War II,1.0,1.0,1.0,1.0,1829,6,0.0003706
5ae1443855429920d5234362,noise_gate,0.5,0.55,World War II,World War II,1.0,1.0,1.0,1.0,489,6,0.0001026
5ae1443855429920d5234362,noise_gate,0.2,0.5,World War II,World War II,1.0,1.0,1.0,1.0,1829,6,0.0003706
5ae1443855429920d5234362,noise_gate,0.25,0.5,World War II,World War II,1.0,1.0,1.0,1.0,1829,6,0.0003706
5ae1443855429920d5234362,noise_gate,0.3,0.5,World War II,World War II,1.0,1.0,1.0,1.0,1829,6,0.0003706
5ae1443855429920d5234362,noise_gate,0.35,0.5,World War II,World War II,1.0,1.0,1.0,1.0,1829,6,0.0003706
5ae1443855429920d5234362,noise_gate,0.5,0.5,World War II,World War II,1.0,1.0,1.0,1.0,489,6,0.0001026
5ac54c435542993e66e822d1,noise_gate,0.2,0.55,Oklahoma State,Oklahoma State University,0.0,0.8,1.0,0.6666666666666666,1600,6,0.00032480000000000003
5ac54c435542993e66e822d1,noise_gate,0.25,0.55,Oklahoma State,Oklahoma State University,0.0,0.8,1.0,0.6666666666666666,1600,6,0.00032480000000000003
5ac54c435542993e66e822d1,noise_gate,0.3,0.55,Oklahoma State University,Oklahoma State University,1.0,1.0,1.0,1.0,1192,7,0.000244
5ac54c435542993e66e822d1,noise_gate,0.35,0.55,Oklahoma State,Oklahoma State University,0.0,0.8,1.0,0.6666666666666666,554,6,0.0001156
5ac54c435542993e66e822d1,noise_gate,0.5,0.55,Oklahoma State University,Oklahoma State University,1.0,1.0,1.0,1.0,220,7,4.96e-05
5ac54c435542993e66e822d1,noise_gate,0.2,0.5,Oklahoma State,Oklahoma State University,0.0,0.8,1.0,0.6666666666666666,1600,6,0.00032480000000000003
5ac54c435542993e66e822d1,noise_gate,0.25,0.5,Oklahoma State University,Oklahoma State University,1.0,1.0,1.0,1.0,1600,7,0.0003256
5ac54c435542993e66e822d1,noise_gate,0.3,0.5,Oklahoma State University,Oklahoma State University,1.0,1.0,1.0,1.0,1192,7,0.000244
5ac54c435542993e66e822d1,noise_gate,0.35,0.5,Oklahoma State University,Oklahoma State University,1.0,1.0,1.0,1.0,554,7,0.00011640000000000001
5ac54c435542993e66e822d1,noise_gate,0.5,0.5,Oklahoma State University,Oklahoma State University,1.0,1.0,1.0,1.0,220,7,4.96e-05
5a7a77425542995eb53be83e,noise_gate,0.2,0.55,Nick Carter,Brady Seals,0.0,0.0,0.0,0.0,1194,5,0.0002428
5a7a77425542995eb53be83e,noise_gate,0.25,0.55,Nick Carter,Brady Seals,0.0,0.0,0.0,0.0,1194,5,0.0002428
5a7a77425542995eb53be83e,noise_gate,0.3,0.55,Brady Seals,Brady Seals,1.0,1.0,1.0,1.0,1076,7,0.00022080000000000003
5a7a77425542995eb53be83e,noise_gate,0.35,0.55,Brady Seals,Brady Seals,1.0,1.0,1.0,1.0,1076,7,0.00022080000000000003
5a7a77425542995eb53be83e,noise_gate,0.5,0.55,Nick Carter,Brady Seals,0.0,0.0,0.0,0.0,575,5,0.000119
5a7a77425542995eb53be83e,noise_gate,0.2,0.5,Nick Carter,Brady Seals,0.0,0.0,0.0,0.0,1194,5,0.0002428
5a7a77425542995eb53be83e,noise_gate,0.25,0.5,Nick Carter,Brady Seals,0.0,0.0,0.0,0.0,1194,5,0.0002428
5a7a77425542995eb53be83e,noise_gate,0.3,0.5,Brady Seals,Brady Seals,1.0,1.0,1.0,1.0,1076,7,0.00022080000000000003
5a7a77425542995eb53be83e,noise_gate,0.35,0.5,Brady Seals,Brady Seals,1.0,1.0,1.0,1.0,1076,7,0.00022080000000000003
5a7a77425542995eb53be83e,noise_gate,0.5,0.5,Nick Carter,Brady Seals,0.0,0.0,0.0,0.0,575,5,0.000119
5a7153d05542994082a3e7dc,noise_gate,0.2,0.55,Nusretiye Mosque,Nusretiye Mosque,1.0,1.0,1.0,1.0,1351,8,0.0002766
5a7153d05542994082a3e7dc,noise_gate,0.25,0.55,Nusretiye Mosque,Nusretiye Mosque,1.0,1.0,1.0,1.0,1351,8,0.0002766
5a7153d05542994082a3e7dc,noise_gate,0.3,0.55,Nusretiye Mosque,Nusretiye Mosque,1.0,1.0,1.0,1.0,1351,8,0.0002766
5a7153d05542994082a3e7dc,noise_gate,0.35,0.55,Nusretiye Mosque,Nusretiye Mosque,1.0,1.0,1.0,1.0,1151,8,0.0002366
5a7153d05542994082a3e7dc,noise_gate,0.5,0.55,Nusretiye Mosque,Nusretiye Mosque,1.0,1.0,1.0,1.0,997,8,0.0002058
5a7153d05542994082a3e7dc,noise_gate,0.2,0.5,Nusretiye Mosque,Nusretiye Mosque,1.0,1.0,1.0,1.0,1351,8,0.0002766
5a7153d05542994082a3e7dc,noise_gate,0.25,0.5,Nusretiye Mosque,Nusretiye Mosque,1.0,1.0,1.0,1.0,1351,8,0.0002766
5a7153d05542994082a3e7dc,noise_gate,0.3,0.5,Nusretiye Mosque,Nusretiye Mosque,1.0,1.0,1.0,1.0,1351,8,0.0002766
5a7153d05542994082a3e7dc,noise_gate,0.35,0.5,Nusretiye Mosque,Nusretiye Mosque,1.0,1.0,1.0,1.0,1151,8,0.0002366
5a7153d05542994082a3e7dc,noise_gate,0.5,0.5,Nusretiye Mosque,Nusretiye Mosque,1.0,1.0,1.0,1.0,997,8,0.0002058
5ae361805542992e3233c3c9,noise_gate,0.2,0.55,Georgetown University,Georgetown University,1.0,1.0,1.0,1.0,1556,6,0.00031600000000000004
5ae361805542992e3233c3c9,noise_gate,0.25,0.55,Georgetown University,Georgetown University,1.0,1.0,1.0,1.0,1388,6,0.00028240000000000003
5ae361805542992e3233c3c9,noise_gate,0.3,0.55,Georgetown University,Georgetown University,1.0,1.0,1.0,1.0,1388,6,0.00028240000000000003
5ae361805542992e3233c3c9,noise_gate,0.35,0.55,Georgetown University,Georgetown University,1.0,1.0,1.0,1.0,1388,6,0.00028240000000000003
5ae361805542992e3233c3c9,noise_gate,0.5,0.55,noanswer,Georgetown University,0.0,0.0,0.0,0.0,207,11,5.02e-05
5ae361805542992e3233c3c9,noise_gate,0.2,0.5,Georgetown University,Georgetown University,1.0,1.0,1.0,1.0,1556,6,0.00031600000000000004
5ae361805542992e3233c3c9,noise_gate,0.25,0.5,Georgetown University,Georgetown University,1.0,1.0,1.0,1.0,1388,12,0.00028720000000000004
5ae361805542992e3233c3c9,noise_gate,0.3,0.5,Georgetown University,Georgetown University,1.0,1.0,1.0,1.0,1388,6,0.00028240000000000003
5ae361805542992e3233c3c9,noise_gate,0.35,0.5,Georgetown University,Georgetown University,1.0,1.0,1.0,1.0,1388,6,0.00028240000000000003
5ae361805542992e3233c3c9,noise_gate,0.5,0.5,noanswer,Georgetown University,0.0,0.0,0.0,0.0,207,11,5.02e-05
5a72688c5542997f827839b2,noise_gate,0.2,0.55,Turkey,Turkey,1.0,1.0,1.0,1.0,1186,4,0.00024040000000000002
5a72688c5542997f827839b2,noise_gate,0.25,0.55,Turkey,Turkey,1.0,1.0,1.0,1.0,1186,4,0.00024040000000000002
5a72688c5542997f827839b2,noise_gate,0.3,0.55,Turkey,Turkey,1.0,1.0,1.0,1.0,1141,4,0.00023140000000000001
5a72688c5542997f827839b2,noise_gate,0.35,0.55,Turkey,Turkey,1.0,1.0,1.0,1.0,1141,4,0.00023140000000000001
5a72688c5542997f827839b2,noise_gate,0.5,0.55,Turkey,Turkey,1.0,1.0,1.0,1.0,328,4,6.88e-05
5a72688c5542997f827839b2,noise_gate,0.2,0.5,Turkey,Turkey,1.0,1.0,1.0,1.0,1186,4,0.00024040000000000002
5a72688c5542997f827839b2,noise_gate,0.25,0.5,Turkey,Turkey,1.0,1.0,1.0,1.0,1186,4,0.00024040000000000002
5a72688c5542997f827839b2,noise_gate,0.3,0.5,Turkey,Turkey,1.0,1.0,1.0,1.0,1141,4,0.00023140000000000001
5a72688c5542997f827839b2,noise_gate,0.35,0.5,Turkey,Turkey,1.0,1.0,1.0,1.0,1141,4,0.00023140000000000001
5a72688c5542997f827839b2,noise_gate,0.5,0.5,Turkey,Turkey,1.0,1.0,1.0,1.0,328,4,6.88e-05
5a7ce0ce554299452d57ba92,noise_gate,0.2,0.55,William McKinley,William McKinley,1.0,1.0,1.0,1.0,1308,7,0.0002672
5a7ce0ce554299452d57ba92,noise_gate,0.25,0.55,William McKinley,William McKinley,1.0,1.0,1.0,1.0,1114,7,0.00022840000000000002
5a7ce0ce554299452d57ba92,noise_gate,0.3,0.55,William McKinley,William McKinley,1.0,1.0,1.0,1.0,1114,7,0.00022840000000000002
5a7ce0ce554299452d57ba92,noise_gate,0.35,0.55,William McKinley,William McKinley,1.0,1.0,1.0,1.0,812,7,0.00016800000000000002
5a7ce0ce554299452d57ba92,noise_gate,0.5,0.55,William McKinley,William McKinley,1.0,1.0,1.0,1.0,594,7,0.00012440000000000002
5a7ce0ce554299452d57ba92,noise_gate,0.2,0.5,William McKinley,William McKinley,1.0,1.0,1.0,1.0,1308,7,0.0002672
5a7ce0ce554299452d57ba92,noise_gate,0.25,0.5,William McKinley,William McKinley,1.0,1.0,1.0,1.0,1114,7,0.00022840000000000002
5a7ce0ce554299452d57ba92,noise_gate,0.3,0.5,William McKinley,William McKinley,1.0,1.0,1.0,1.0,1114,7,0.00022840000000000002
5a7ce0ce554299452d57ba92,noise_gate,0.35,0.5,William McKinley,William McKinley,1.0,1.0,1.0,1.0,812,7,0.00016800000000000002
5a7ce0ce554299452d57ba92,noise_gate,0.5,0.5,William McKinley,William McKinley,1.0,1.0,1.0,1.0,594,7,0.00012440000000000002
5a83411655429966c78a6b5d,noise_gate,0.2,0.55,Justin Spitzer,Justin Spitzer,1.0,1.0,1.0,1.0,1858,6,0.00037640000000000004
5a83411655429966c78a6b5d,noise_gate,0.25,0.55,Justin Spitzer,Justin Spitzer,1.0,1.0,1.0,1.0,1858,6,0.00037640000000000004
5a83411655429966c78a6b5d,noise_gate,0.3,0.55,Justin Spitzer,Justin Spitzer,1.0,1.0,1.0,1.0,1858,6,0.00037640000000000004
5a83411655429966c78a6b5d,noise_gate,0.35,0.55,noanswer,Justin Spitzer,0.0,0.0,0.0,0.0,1645,5,0.00033299999999999996
5a83411655429966c78a6b5d,noise_gate,0.5,0.55,America Ferrera,Justin Spitzer,0.0,0.0,0.0,0.0,190,6,4.2800000000000004e-05
5a83411655429966c78a6b5d,noise_gate,0.2,0.5,Justin Spitzer,Justin Spitzer,1.0,1.0,1.0,1.0,1858,6,0.00037640000000000004
5a83411655429966c78a6b5d,noise_gate,0.25,0.5,Justin Spitzer,Justin Spitzer,1.0,1.0,1.0,1.0,1858,6,0.00037640000000000004
5a83411655429966c78a6b5d,noise_gate,0.3,0.5,Justin Spitzer,Justin Spitzer,1.0,1.0,1.0,1.0,1858,6,0.00037640000000000004
5a83411655429966c78a6b5d,noise_gate,0.35,0.5,yes,Justin Spitzer,0.0,0.0,0.0,0.0,1645,4,0.0003322
5a83411655429966c78a6b5d,noise_gate,0.5,0.5,Justin Spitzer,Justin Spitzer,1.0,1.0,1.0,1.0,190,6,4.2800000000000004e-05
5a877dd65542993e715abf79,noise_gate,0.2,0.55,no,no,1.0,1.0,1.0,1.0,1172,4,0.0002376
5a877dd65542993e715abf79,noise_gate,0.25,0.55,no,no,1.0,1.0,1.0,1.0,1172,4,0.0002376
5a877dd65542993e715abf79,noise_gate,0.3,0.55,no,no,1.0,1.0,1.0,1.0,1172,4,0.0002376
5a877dd65542993e715abf79,noise_gate,0.35,0.55,no,no,1.0,1.0,1.0,1.0,1103,4,0.00022380000000000002
5a877dd65542993e715abf79,noise_gate,0.5,0.55,no,no,1.0,1.0,1.0,1.0,507,4,0.00010460000000000001
5a877dd65542993e715abf79,noise_gate,0.2,0.5,no,no,1.0,1.0,1.0,1.0,1172,4,0.0002376
5a877dd65542993e715abf79,noise_gate,0.25,0.5,no,no,1.0,1.0,1.0,1.0,1172,4,0.0002376
5a877dd65542993e715abf79,noise_gate,0.3,0.5,no,no,1.0,1.0,1.0,1.0,1172,4,0.0002376
5a877dd65542993e715abf79,noise_gate,0.35,0.5,no,no,1.0,1.0,1.0,1.0,1103,4,0.00022380000000000002
5a877dd65542993e715abf79,noise_gate,0.5,0.5,no,no,1.0,1.0,1.0,1.0,507,4,0.00010460000000000001
5ab6087a554299110f2199be,noise_gate,0.2,0.55,no,yes,0.0,0.0,0.0,0.0,1680,4,0.0003392
5ab6087a554299110f2199be,noise_gate,0.25,0.55,no,yes,0.0,0.0,0.0,0.0,1680,4,0.0003392
5ab6087a554299110f2199be,noise_gate,0.3,0.55,no,yes,0.0,0.0,0.0,0.0,1680,4,0.0003392
5ab6087a554299110f2199be,noise_gate,0.35,0.55,no,yes,0.0,0.0,0.0,0.0,1244,4,0.00025200000000000005
5ab6087a554299110f2199be,noise_gate,0.5,0.55,no,yes,0.0,0.0,0.0,0.0,364,4,7.599999999999999e-05
5ab6087a554299110f2199be,noise_gate,0.2,0.5,no,yes,0.0,0.0,0.0,0.0,1680,4,0.0003392
5ab6087a554299110f2199be,noise_gate,0.25,0.5,no,yes,0.0,0.0,0.0,0.0,1680,4,0.0003392
5ab6087a554299110f2199be,noise_gate,0.3,0.5,no,yes,0.0,0.0,0.0,0.0,1680,4,0.0003392
5ab6087a554299110f2199be,noise_gate,0.35,0.5,no,yes,0.0,0.0,0.0,0.0,1244,4,0.00025200000000000005
5ab6087a554299110f2199be,noise_gate,0.5,0.5,no,yes,0.0,0.0,0.0,0.0,364,4,7.599999999999999e-05
5adbd70c55429947ff173843,noise_gate,0.2,0.55,Personal History,Personal History,1.0,1.0,1.0,1.0,440,5,9.2e-05
5adbd70c55429947ff173843,noise_gate,0.25,0.55,Answered by itself?,Personal History,0.0,0.0,0.0,0.0,353,7,7.620000000000001e-05
5adbd70c55429947ff173843,noise_gate,0.3,0.55,In Cold Blood,Personal History,0.0,0.0,0.0,0.0,353,12,8.020000000000001e-05
5adbd70c55429947ff173843,noise_gate,0.35,0.55,Answered By My Friend Truman Capote,Personal History,0.0,0.0,0.0,0.0,289,10,6.58e-05
5adbd70c55429947ff173843,noise_gate,0.5,0.55,Personal History,Personal History,1.0,1.0,1.0,1.0,180,5,4e-05
5adbd70c55429947ff173843,noise_gate,0.2,0.5,Personal History,Personal History,1.0,1.0,1.0,1.0,440,5,9.2e-05
5adbd70c55429947ff173843,noise_gate,0.25,0.5,"Answered by Grace
",Personal History,0.0,0.0,0.0,0.0,353,7,7.620000000000001e-05
5adbd70c55429947ff173843,noise_gate,0.3,0.5,Answered by Grace Coddington?,Personal History,0.0,0.0,0.0,0.0,353,10,7.860000000000001e-05
5adbd70c55429947ff173843,noise_gate,0.35,0.5,Answered by Grace?,Personal History,0.0,0.0,0.0,0.0,289,7,6.34e-05
5adbd70c55429947ff173843,noise_gate,0.5,0.5,Personal History,Personal History,1.0,1.0,1.0,1.0,180,5,4e-05
5a7796e05542992a6e59df0f,noise_gate,0.2,0.55,the Netherlands,Netherlands,1.0,1.0,1.0,1.0,1040,5,0.00021199999999999998
5a7796e05542992a6e59df0f,noise_gate,0.25,0.55,Netherlands,Netherlands,1.0,1.0,1.0,1.0,879,5,0.0001798
5a7796e05542992a6e59df0f,noise_gate,0.3,0.55,Netherlands,Netherlands,1.0,1.0,1.0,1.0,678,5,0.00013959999999999998
5a7796e05542992a6e59df0f,noise_gate,0.35,0.55,the Netherlands,Netherlands,1.0,1.0,1.0,1.0,579,5,0.00011980000000000001
5a7796e05542992a6e59df0f,noise_gate,0.5,0.55,Netherlands,Netherlands,1.0,1.0,1.0,1.0,483,5,0.0001006
5a7796e05542992a6e59df0f,noise_gate,0.2,0.5,Netherlands,Netherlands,1.0,1.0,1.0,1.0,1040,5,0.00021199999999999998
5a7796e05542992a6e59df0f,noise_gate,0.25,0.5,the Netherlands,Netherlands,1.0,1.0,1.0,1.0,879,5,0.0001798
5a7796e05542992a6e59df0f,noise_gate,0.3,0.5,Netherlands,Netherlands,1.0,1.0,1.0,1.0,678,5,0.00013959999999999998
5a7796e05542992a6e59df0f,noise_gate,0.35,0.5,Netherlands,Netherlands,1.0,1.0,1.0,1.0,579,5,0.00011980000000000001
5a7796e05542992a6e59df0f,noise_gate,0.5,0.5,Netherlands,Netherlands,1.0,1.0,1.0,1.0,483,5,0.0001006
5abc030e554299642a094bdc,noise_gate,0.2,0.55,1945 to 1951,1945 to 1951,1.0,1.0,1.0,1.0,1531,9,0.0003134
5abc030e554299642a094bdc,noise_gate,0.25,0.55,1945 to 1951,1945 to 1951,1.0,1.0,1.0,1.0,1390,9,0.0002852
5abc030e554299642a094bdc,noise_gate,0.3,0.55,1945 to 1951,1945 to 1951,1.0,1.0,1.0,1.0,1188,9,0.00024480000000000004
5abc030e554299642a094bdc,noise_gate,0.35,0.55,1945 to 1951,1945 to 1951,1.0,1.0,1.0,1.0,947,9,0.0001966
5abc030e554299642a094bdc,noise_gate,0.5,0.55,1945 to 1951,1945 to 1951,1.0,1.0,1.0,1.0,312,9,6.960000000000001e-05
5abc030e554299642a094bdc,noise_gate,0.2,0.5,1945 to 1951,1945 to 1951,1.0,1.0,1.0,1.0,1531,9,0.0003134
5abc030e554299642a094bdc,noise_gate,0.25,0.5,1945 to 1951,1945 to 1951,1.0,1.0,1.0,1.0,1390,9,0.0002852
5abc030e554299642a094bdc,noise_gate,0.3,0.5,1945 to 1951,1945 to 1951,1.0,1.0,1.0,1.0,1188,9,0.00024480000000000004
5abc030e554299642a094bdc,noise_gate,0.35,0.5,1945 to 1951,1945 to 1951,1.0,1.0,1.0,1.0,947,9,0.0001966
5abc030e554299642a094bdc,noise_gate,0.5,0.5,1945 to 1951,1945 to 1951,1.0,1.0,1.0,1.0,312,9,6.960000000000001e-05
5a7bb7f2554299042af8f7b6,noise_gate,0.2,0.55,Gweilo,Gweilo,1.0,1.0,1.0,1.0,1254,6,0.00025560000000000003
5a7bb7f2554299042af8f7b6,noise_gate,0.25,0.55,Gweilo,Gweilo,1.0,1.0,1.0,1.0,1138,6,0.00023240000000000004
5a7bb7f2554299042af8f7b6,noise_gate,0.3,0.55,Gweilo,Gweilo,1.0,1.0,1.0,1.0,954,6,0.0001956
5a7bb7f2554299042af8f7b6,noise_gate,0.35,0.55,gweilo,Gweilo,1.0,1.0,1.0,1.0,601,6,0.000125
5a7bb7f2554299042af8f7b6,noise_gate,0.5,0.55,gwailou,Gweilo,0.0,0.0,0.0,0.0,246,6,5.4000000000000005e-05
5a7bb7f2554299042af8f7b6,noise_gate,0.2,0.5,Gweilo,Gweilo,1.0,1.0,1.0,1.0,1254,6,0.00025560000000000003
5a7bb7f2554299042af8f7b6,noise_gate,0.25,0.5,Gweilo,Gweilo,1.0,1.0,1.0,1.0,1138,6,0.00023240000000000004
5a7bb7f2554299042af8f7b6,noise_gate,0.3,0.5,Gweilo,Gweilo,1.0,1.0,1.0,1.0,954,6,0.0001956
5a7bb7f2554299042af8f7b6,noise_gate,0.35,0.5,Gweilo,Gweilo,1.0,1.0,1.0,1.0,601,6,0.000125
5a7bb7f2554299042af8f7b6,noise_gate,0.5,0.5,gweilo,Gweilo,1.0,1.0,1.0,1.0,246,6,5.4000000000000005e-05
5a8b3de95542997f31a41cc3,noise_gate,0.2,0.55,1993,Tian Tan Buddha,0.0,0.0,0.0,0.0,1468,5,0.0002976
5a8b3de95542997f31a41cc3,noise_gate,0.25,0.55,1993,Tian Tan Buddha,0.0,0.0,0.0,0.0,1274,5,0.0002588
5a8b3de95542997f31a41cc3,noise_gate,0.3,0.55,1993,Tian Tan Buddha,0.0,0.0,0.0,0.0,1079,5,0.0002198
5a8b3de95542997f31a41cc3,noise_gate,0.35,0.55,1993,Tian Tan Buddha,0.0,0.0,0.0,0.0,468,5,9.760000000000001e-05
5a8b3de95542997f31a41cc3,noise_gate,0.5,0.55,1993,Tian Tan Buddha,0.0,0.0,0.0,0.0,88,11,2.64e-05
5a8b3de95542997f31a41cc3,noise_gate,0.2,0.5,1993,Tian Tan Buddha,0.0,0.0,0.0,0.0,1468,5,0.0002976
5a8b3de95542997f31a41cc3,noise_gate,0.25,0.5,1993,Tian Tan Buddha,0.0,0.0,0.0,0.0,1274,5,0.0002588
5a8b3de95542997f31a41cc3,noise_gate,0.3,0.5,1993,Tian Tan Buddha,0.0,0.0,0.0,0.0,1079,5,0.0002198
5a8b3de95542997f31a41cc3,noise_gate,0.35,0.5,1993,Tian Tan Buddha,0.0,0.0,0.0,0.0,468,5,9.760000000000001e-05
5a8b3de95542997f31a41cc3,noise_gate,0.5,0.5,1960,Tian Tan Buddha,0.0,0.0,0.0,0.0,88,11,2.64e-05
5ab3bfd3554299233954ff99,noise_gate,0.2,0.55,Dirk Nowitzki,Dirk Werner Nowitzki,0.0,0.8,1.0,0.6666666666666666,1965,8,0.0003994
5ab3bfd3554299233954ff99,noise_gate,0.25,0.55,Dirk Nowitzki,Dirk Werner Nowitzki,0.0,0.8,1.0,0.6666666666666666,1965,8,0.0003994
5ab3bfd3554299233954ff99,noise_gate,0.3,0.55,Dirk Nowitzki,Dirk Werner Nowitzki,0.0,0.8,1.0,0.6666666666666666,1965,8,0.0003994
5ab3bfd3554299233954ff99,noise_gate,0.35,0.55,Dirk Nowitzki,Dirk Werner Nowitzki,0.0,0.8,1.0,0.6666666666666666,1472,8,0.00030080000000000005
5ab3bfd3554299233954ff99,noise_gate,0.5,0.55,Dirk Nowitzki,Dirk Werner Nowitzki,0.0,0.8,1.0,0.6666666666666666,475,8,0.00010140000000000001
5ab3bfd3554299233954ff99,noise_gate,0.2,0.5,Dirk Nowitzki,Dirk Werner Nowitzki,0.0,0.8,1.0,0.6666666666666666,1965,8,0.0003994
5ab3bfd3554299233954ff99,noise_gate,0.25,0.5,Dirk Nowitzki,Dirk Werner Nowitzki,0.0,0.8,1.0,0.6666666666666666,1965,8,0.0003994
5ab3bfd3554299233954ff99,noise_gate,0.3,0.5,Dirk Nowitzki,Dirk Werner Nowitzki,0.0,0.8,1.0,0.6666666666666666,1965,8,0.0003994
5ab3bfd3554299233954ff99,noise_gate,0.35,0.5,Dirk Nowitzki,Dirk Werner Nowitzki,0.0,0.8,1.0,0.6666666666666666,1472,8,0.00030080000000000005
5ab3bfd3554299233954ff99,noise_gate,0.5,0.5,Dirk Nowitzki,Dirk Werner Nowitzki,0.0,0.8,1.0,0.6666666666666666,475,8,0.00010140000000000001
5ab9b7d555429970cfb8eb7a,noise_gate,0.2,0.55,Henry Lau,Henry Lau,1.0,1.0,1.0,1.0,1045,5,0.000213
5ab9b7d555429970cfb8eb7a,noise_gate,0.25,0.55,Henry Lau,Henry Lau,1.0,1.0,1.0,1.0,1045,5,0.000213
5ab9b7d555429970cfb8eb7a,noise_gate,0.3,0.55,Henry Lau,Henry Lau,1.0,1.0,1.0,1.0,1045,5,0.000213
5ab9b7d555429970cfb8eb7a,noise_gate,0.35,0.55,Henry Lau,Henry Lau,1.0,1.0,1.0,1.0,1045,5,0.000213
5ab9b7d555429970cfb8eb7a,noise_gate,0.5,0.55,Henry Lau,Henry Lau,1.0,1.0,1.0,1.0,728,5,0.00014959999999999998
5ab9b7d555429970cfb8eb7a,noise_gate,0.2,0.5,Henry Lau,Henry Lau,1.0,1.0,1.0,1.0,1045,5,0.000213
5ab9b7d555429970cfb8eb7a,noise_gate,0.25,0.5,Henry Lau,Henry Lau,1.0,1.0,1.0,1.0,1045,5,0.000213
5ab9b7d555429970cfb8eb7a,noise_gate,0.3,0.5,Henry Lau,Henry Lau,1.0,1.0,1.0,1.0,1045,5,0.000213
5ab9b7d555429970cfb8eb7a,noise_gate,0.35,0.5,Henry Lau,Henry Lau,1.0,1.0,1.0,1.0,1045,5,0.000213
5ab9b7d555429970cfb8eb7a,noise_gate,0.5,0.5,Henry Lau,Henry Lau,1.0,1.0,1.0,1.0,728,5,0.00014959999999999998
5ab6bf6d55429953192ad372,noise_gate,0.2,0.55,no,no,1.0,1.0,1.0,1.0,1603,4,0.00032380000000000006
5ab6bf6d55429953192ad372,noise_gate,0.25,0.55,no,no,1.0,1.0,1.0,1.0,1603,4,0.00032380000000000006
5ab6bf6d55429953192ad372,noise_gate,0.3,0.55,no,no,1.0,1.0,1.0,1.0,1603,4,0.00032380000000000006
5ab6bf6d55429953192ad372,noise_gate,0.35,0.55,no,no,1.0,1.0,1.0,1.0,1603,4,0.00032380000000000006
5ab6bf6d55429953192ad372,noise_gate,0.5,0.55,no,no,1.0,1.0,1.0,1.0,973,4,0.0001978
5ab6bf6d55429953192ad372,noise_gate,0.2,0.5,no,no,1.0,1.0,1.0,1.0,1603,4,0.00032380000000000006
5ab6bf6d55429953192ad372,noise_gate,0.25,0.5,no,no,1.0,1.0,1.0,1.0,1603,4,0.00032380000000000006
5ab6bf6d55429953192ad372,noise_gate,0.3,0.5,no,no,1.0,1.0,1.0,1.0,1603,4,0.00032380000000000006
5ab6bf6d55429953192ad372,noise_gate,0.35,0.5,no,no,1.0,1.0,1.0,1.0,1603,4,0.00032380000000000006
5ab6bf6d55429953192ad372,noise_gate,0.5,0.5,no,no,1.0,1.0,1.0,1.0,973,4,0.0001978
5ae7cb9b5542994a481bbde2,noise_gate,0.2,0.55,Kamehameha I,Kalokuokamaile,0.0,0.0,0.0,0.0,1023,8,0.000211
5ae7cb9b5542994a481bbde2,noise_gate,0.25,0.55,Kalokuokamaile,Kalokuokamaile,1.0,1.0,1.0,1.0,727,8,0.0001518
5ae7cb9b5542994a481bbde2,noise_gate,0.3,0.55,Kalokuokamaile,Kalokuokamaile,1.0,1.0,1.0,1.0,436,8,9.360000000000001e-05
5ae7cb9b5542994a481bbde2,noise_gate,0.35,0.55,Kalokuokamaile,Kalokuokamaile,1.0,1.0,1.0,1.0,314,8,6.920000000000002e-05
5ae7cb9b5542994a481bbde2,noise_gate,0.5,0.55,"James Kānehoa
",Kalokuokamaile,0.0,0.0,0.0,0.0,211,8,4.86e-05
5ae7cb9b5542994a481bbde2,noise_gate,0.2,0.5,Kamehameha I,Kalokuokamaile,0.0,0.0,0.0,0.0,1023,8,0.000211
5ae7cb9b5542994a481bbde2,noise_gate,0.25,0.5,Kalokuokamaile,Kalokuokamaile,1.0,1.0,1.0,1.0,727,8,0.0001518
5ae7cb9b5542994a481bbde2,noise_gate,0.3,0.5,Kalokuokamaile,Kalokuokamaile,1.0,1.0,1.0,1.0,436,8,9.360000000000001e-05
5ae7cb9b5542994a481bbde2,noise_gate,0.35,0.5,Kalokuokamaile,Kalokuokamaile,1.0,1.0,1.0,1.0,314,8,6.920000000000002e-05
5ae7cb9b5542994a481bbde2,noise_gate,0.5,0.5,William Pitt Leleiohoku I,Kalokuokamaile,0.0,0.0,0.0,0.0,211,17,5.58e-05
5ab1d6545542997061209588,noise_gate,0.2,0.55,12,Bocelli became completely blind at the age of 12,0.0,0.2222222222222222,1.0,0.125,859,4,0.000175
5ab1d6545542997061209588,noise_gate,0.25,0.55,12,Bocelli became completely blind at the age of 12,0.0,0.2222222222222222,1.0,0.125,701,4,0.00014340000000000002
5ab1d6545542997061209588,noise_gate,0.3,0.55,12,Bocelli became completely blind at the age of 12,0.0,0.2222222222222222,1.0,0.125,701,4,0.00014340000000000002
5ab1d6545542997061209588,noise_gate,0.35,0.55,12,Bocelli became completely blind at the age of 12,0.0,0.2222222222222222,1.0,0.125,415,4,8.62e-05
5ab1d6545542997061209588,noise_gate,0.5,0.55,12,Bocelli became completely blind at the age of 12,0.0,0.2222222222222222,1.0,0.125,205,4,4.4200000000000004e-05
5ab1d6545542997061209588,noise_gate,0.2,0.5,12,Bocelli became completely blind at the age of 12,0.0,0.2222222222222222,1.0,0.125,859,4,0.000175
5ab1d6545542997061209588,noise_gate,0.25,0.5,12,Bocelli became completely blind at the age of 12,0.0,0.2222222222222222,1.0,0.125,701,4,0.00014340000000000002
5ab1d6545542997061209588,noise_gate,0.3,0.5,12,Bocelli became completely blind at the age of 12,0.0,0.2222222222222222,1.0,0.125,701,4,0.00014340000000000002
5ab1d6545542997061209588,noise_gate,0.35,0.5,12,Bocelli became completely blind at the age of 12,0.0,0.2222222222222222,1.0,0.125,415,4,8.62e-05
5ab1d6545542997061209588,noise_gate,0.5,0.5,12,Bocelli became completely blind at the age of 12,0.0,0.2222222222222222,1.0,0.125,205,4,4.4200000000000004e-05
5addcb215542997dc7907033,noise_gate,0.2,0.55,Naomi Campbell,Naomi Elaine Campbell,0.0,0.8,1.0,0.6666666666666666,2283,6,0.00046140000000000005
5addcb215542997dc7907033,noise_gate,0.25,0.55,Naomi Campbell,Naomi Elaine Campbell,0.0,0.8,1.0,0.6666666666666666,2283,6,0.00046140000000000005
5addcb215542997dc7907033,noise_gate,0.3,0.55,Naomi Campbell,Naomi Elaine Campbell,0.0,0.8,1.0,0.6666666666666666,1960,6,0.0003968
5addcb215542997dc7907033,noise_gate,0.35,0.55,Naomi Campbell,Naomi Elaine Campbell,0.0,0.8,1.0,0.6666666666666666,1960,6,0.0003968
5addcb215542997dc7907033,noise_gate,0.5,0.55,Naomi Campbell,Naomi Elaine Campbell,0.0,0.8,1.0,0.6666666666666666,469,6,9.860000000000001e-05
5addcb215542997dc7907033,noise_gate,0.2,0.5,Naomi Campbell,Naomi Elaine Campbell,0.0,0.8,1.0,0.6666666666666666,2283,6,0.00046140000000000005
5addcb215542997dc7907033,noise_gate,0.25,0.5,Naomi Campbell,Naomi Elaine Campbell,0.0,0.8,1.0,0.6666666666666666,2283,6,0.00046140000000000005
5addcb215542997dc7907033,noise_gate,0.3,0.5,Naomi Campbell,Naomi Elaine Campbell,0.0,0.8,1.0,0.6666666666666666,1960,6,0.0003968
5addcb215542997dc7907033,noise_gate,0.35,0.5,Naomi Campbell,Naomi Elaine Campbell,0.0,0.8,1.0,0.6666666666666666,1960,6,0.0003968
5addcb215542997dc7907033,noise_gate,0.5,0.5,Naomi Campbell,Naomi Elaine Campbell,0.0,0.8,1.0,0.6666666666666666,469,6,9.860000000000001e-05
5ae528ed5542993aec5ec16e,noise_gate,0.2,0.55,Revengers Tragedy,Revengers Tragedy,1.0,1.0,1.0,1.0,1203,8,0.00024700000000000004
5ae528ed5542993aec5ec16e,noise_gate,0.25,0.55,Revengers Tragedy,Revengers Tragedy,1.0,1.0,1.0,1.0,1203,8,0.00024700000000000004
5ae528ed5542993aec5ec16e,noise_gate,0.3,0.55,Revengers Tragedy,Revengers Tragedy,1.0,1.0,1.0,1.0,1123,8,0.000231
5ae528ed5542993aec5ec16e,noise_gate,0.35,0.55,Revengers Tragedy,Revengers Tragedy,1.0,1.0,1.0,1.0,820,8,0.0001704
5ae528ed5542993aec5ec16e,noise_gate,0.5,0.55,Revengers Tragedy,Revengers Tragedy,1.0,1.0,1.0,1.0,303,8,6.7e-05
5ae528ed5542993aec5ec16e,noise_gate,0.2,0.5,Revengers Tragedy,Revengers Tragedy,1.0,1.0,1.0,1.0,1203,8,0.00024700000000000004
5ae528ed5542993aec5ec16e,noise_gate,0.25,0.5,Revengers Tragedy,Revengers Tragedy,1.0,1.0,1.0,1.0,1203,8,0.00024700000000000004
5ae528ed5542993aec5ec16e,noise_gate,0.3,0.5,Revengers Tragedy,Revengers Tragedy,1.0,1.0,1.0,1.0,1123,8,0.000231
5ae528ed5542993aec5ec16e,noise_gate,0.35,0.5,Revengers Tragedy,Revengers Tragedy,1.0,1.0,1.0,1.0,820,8,0.0001704
5ae528ed5542993aec5ec16e,noise_gate,0.5,0.5,Revengers Tragedy,Revengers Tragedy,1.0,1.0,1.0,1.0,303,8,6.7e-05
5a8c7ced5542995e66a4761c,noise_gate,0.2,0.55,entertainment industry,entertainment,0.0,0.6666666666666666,0.5,1.0,1259,7,0.00025739999999999997
5a8c7ced5542995e66a4761c,noise_gate,0.25,0.55,entertainment industry,entertainment,0.0,0.6666666666666666,0.5,1.0,1259,7,0.00025739999999999997
5a8c7ced5542995e66a4761c,noise_gate,0.3,0.55,entertainment industry,entertainment,0.0,0.6666666666666666,0.5,1.0,597,7,0.000125
5a8c7ced5542995e66a4761c,noise_gate,0.35,0.55,entertainment industry,entertainment,0.0,0.6666666666666666,0.5,1.0,597,7,0.000125
5a8c7ced5542995e66a4761c,noise_gate,0.5,0.55,entertainment industry,entertainment,0.0,0.6666666666666666,0.5,1.0,267,7,5.9000000000000004e-05
5a8c7ced5542995e66a4761c,noise_gate,0.2,0.5,entertainment industry,entertainment,0.0,0.6666666666666666,0.5,1.0,1259,7,0.00025739999999999997
5a8c7ced5542995e66a4761c,noise_gate,0.25,0.5,entertainment industry,entertainment,0.0,0.6666666666666666,0.5,1.0,1259,7,0.00025739999999999997
5a8c7ced5542995e66a4761c,noise_gate,0.3,0.5,entertainment industry,entertainment,0.0,0.6666666666666666,0.5,1.0,597,7,0.000125
5a8c7ced5542995e66a4761c,noise_gate,0.35,0.5,entertainment industry,entertainment,0.0,0.6666666666666666,0.5,1.0,597,7,0.000125
5a8c7ced5542995e66a4761c,noise_gate,0.5,0.5,entertainment industry,entertainment,0.0,0.6666666666666666,0.5,1.0,267,7,5.9000000000000004e-05
5a72f74a55429901807daf59,noise_gate,0.2,0.55,Rosie O'Donnell,Rosie O'Donnell,1.0,1.0,1.0,1.0,1159,8,0.00023820000000000002
5a72f74a55429901807daf59,noise_gate,0.25,0.55,Rosie O'Donnell,Rosie O'Donnell,1.0,1.0,1.0,1.0,812,8,0.0001688
5a72f74a55429901807daf59,noise_gate,0.3,0.55,noanswer,Rosie O'Donnell,0.0,0.0,0.0,0.0,502,5,0.0001044
5a72f74a55429901807daf59,noise_gate,0.35,0.55,Rosie O'Donnell,Rosie O'Donnell,1.0,1.0,1.0,1.0,373,8,8.100000000000002e-05
5a72f74a55429901807daf59,noise_gate,0.5,0.55,Rosie O'Donnell,Rosie O'Donnell,1.0,1.0,1.0,1.0,226,8,5.16e-05
5a72f74a55429901807daf59,noise_gate,0.2,0.5,Rosie O'Donnell,Rosie O'Donnell,1.0,1.0,1.0,1.0,1159,8,0.00023820000000000002
5a72f74a55429901807daf59,noise_gate,0.25,0.5,Rosie O'Donnell,Rosie O'Donnell,1.0,1.0,1.0,1.0,812,8,0.0001688
5a72f74a55429901807daf59,noise_gate,0.3,0.5,Ross Malinger,Rosie O'Donnell,0.0,0.0,0.0,0.0,502,7,0.000106
5a72f74a55429901807daf59,noise_gate,0.35,0.5,Tom Hanks,Rosie O'Donnell,0.0,0.0,0.0,0.0,373,6,7.94e-05
5a72f74a55429901807daf59,noise_gate,0.5,0.5,Rosie O'Donnell,Rosie O'Donnell,1.0,1.0,1.0,1.0,226,8,5.16e-05
5ae1d4e8554299234fd04312,noise_gate,0.2,0.55,Rob Sitch,"Robert Ian ""Rob"" Sitch",0.0,0.6666666666666666,1.0,0.5,1587,6,0.0003222
5ae1d4e8554299234fd04312,noise_gate,0.25,0.55,Rob Sitch,"Robert Ian ""Rob"" Sitch",0.0,0.6666666666666666,1.0,0.5,1587,6,0.0003222
5ae1d4e8554299234fd04312,noise_gate,0.3,0.55,Rob Sitch,"Robert Ian ""Rob"" Sitch",0.0,0.6666666666666666,1.0,0.5,1587,6,0.0003222
5ae1d4e8554299234fd04312,noise_gate,0.35,0.55,Rob Sitch,"Robert Ian ""Rob"" Sitch",0.0,0.6666666666666666,1.0,0.5,1045,6,0.00021380000000000002
5ae1d4e8554299234fd04312,noise_gate,0.5,0.55,Rob Sitch,"Robert Ian ""Rob"" Sitch",0.0,0.6666666666666666,1.0,0.5,186,6,4.2000000000000004e-05
5ae1d4e8554299234fd04312,noise_gate,0.2,0.5,Rob Sitch,"Robert Ian ""Rob"" Sitch",0.0,0.6666666666666666,1.0,0.5,1587,6,0.0003222
5ae1d4e8554299234fd04312,noise_gate,0.25,0.5,Rob Sitch,"Robert Ian ""Rob"" Sitch",0.0,0.6666666666666666,1.0,0.5,1587,6,0.0003222
5ae1d4e8554299234fd04312,noise_gate,0.3,0.5,Rob Sitch,"Robert Ian ""Rob"" Sitch",0.0,0.6666666666666666,1.0,0.5,1587,6,0.0003222
5ae1d4e8554299234fd04312,noise_gate,0.35,0.5,Rob Sitch,"Robert Ian ""Rob"" Sitch",0.0,0.6666666666666666,1.0,0.5,1045,6,0.00021380000000000002
5ae1d4e8554299234fd04312,noise_gate,0.5,0.5,Rob Sitch,"Robert Ian ""Rob"" Sitch",0.0,0.6666666666666666,1.0,0.5,186,6,4.2000000000000004e-05
5a80aeef5542992097ad301a,noise_gate,0.2,0.55,The Shins,The Shins,1.0,1.0,1.0,1.0,1559,6,0.0003166
5a80aeef5542992097ad301a,noise_gate,0.25,0.55,The Shins,The Shins,1.0,1.0,1.0,1.0,1559,6,0.0003166
5a80aeef5542992097ad301a,noise_gate,0.3,0.55,The Shins,The Shins,1.0,1.0,1.0,1.0,1559,6,0.0003166
5a80aeef5542992097ad301a,noise_gate,0.35,0.55,The Shins,The Shins,1.0,1.0,1.0,1.0,923,6,0.00018940000000000002
5a80aeef5542992097ad301a,noise_gate,0.5,0.55,The Shins,The Shins,1.0,1.0,1.0,1.0,321,6,6.9e-05
5a80aeef5542992097ad301a,noise_gate,0.2,0.5,The Shins,The Shins,1.0,1.0,1.0,1.0,1559,6,0.0003166
5a80aeef5542992097ad301a,noise_gate,0.25,0.5,The Shins,The Shins,1.0,1.0,1.0,1.0,1559,6,0.0003166
5a80aeef5542992097ad301a,noise_gate,0.3,0.5,The Shins,The Shins,1.0,1.0,1.0,1.0,1559,6,0.0003166
5a80aeef5542992097ad301a,noise_gate,0.35,0.5,The Shins,The Shins,1.0,1.0,1.0,1.0,923,6,0.00018940000000000002
5a80aeef5542992097ad301a,noise_gate,0.5,0.5,The Shins,The Shins,1.0,1.0,1.0,1.0,321,6,6.9e-05
5a7f66f155429969796c1a33,noise_gate,0.2,0.55,"Denmark, Norway, Sweden",Denmark–Norway–Sweden,0.0,0.0,0.0,0.0,1310,9,0.00026920000000000004
5a7f66f155429969796c1a33,noise_gate,0.25,0.55,"Denmark, Norway, Sweden",Denmark–Norway–Sweden,0.0,0.0,0.0,0.0,1150,9,0.00023720000000000002
5a7f66f155429969796c1a33,noise_gate,0.3,0.55,Denmark-Norway-Sweden,Denmark–Norway–Sweden,0.0,0.0,0.0,0.0,1150,11,0.0002388
5a7f66f155429969796c1a33,noise_gate,0.35,0.55,"Denmark, Norway, and Sweden",Denmark–Norway–Sweden,0.0,0.0,0.0,0.0,1150,10,0.000238
5a7f66f155429969796c1a33,noise_gate,0.5,0.55,Denmark–Norway–Sweden,Denmark–Norway–Sweden,1.0,1.0,1.0,1.0,1150,11,0.0002388
5a7f66f155429969796c1a33,noise_gate,0.2,0.5,"Denmark, Norway, and Sweden",Denmark–Norway–Sweden,0.0,0.0,0.0,0.0,1310,10,0.00027
5a7f66f155429969796c1a33,noise_gate,0.25,0.5,"Denmark, Norway, Sweden",Denmark–Norway–Sweden,0.0,0.0,0.0,0.0,1150,9,0.00023720000000000002
5a7f66f155429969796c1a33,noise_gate,0.3,0.5,Denmark Norway Sweden,Denmark–Norway–Sweden,0.0,0.0,0.0,0.0,1150,7,0.0002356
5a7f66f155429969796c1a33,noise_gate,0.35,0.5,"Denmark, Norway, Sweden",Denmark–Norway–Sweden,0.0,0.0,0.0,0.0,1150,9,0.00023720000000000002
5a7f66f155429969796c1a33,noise_gate,0.5,0.5,"Denmark, Norway, Sweden",Denmark–Norway–Sweden,0.0,0.0,0.0,0.0,1150,9,0.00023720000000000002
5abbda84554299642a094b5b,noise_gate,0.2,0.55,Mach number,2,0.0,0.0,0.0,0.0,1276,5,0.0002592
5abbda84554299642a094b5b,noise_gate,0.25,0.55,Mach number,2,0.0,0.0,0.0,0.0,1276,5,0.0002592
5abbda84554299642a094b5b,noise_gate,0.3,0.55,Mach number,2,0.0,0.0,0.0,0.0,1148,5,0.0002336
5abbda84554299642a094b5b,noise_gate,0.35,0.55,Mach number,2,0.0,0.0,0.0,0.0,863,5,0.0001766
5abbda84554299642a094b5b,noise_gate,0.5,0.55,Mach 2,2,0.0,0.6666666666666666,0.5,1.0,257,6,5.6200000000000004e-05
5abbda84554299642a094b5b,noise_gate,0.2,0.5,Mach number,2,0.0,0.0,0.0,0.0,1276,5,0.0002592
5abbda84554299642a094b5b,noise_gate,0.25,0.5,Mach number,2,0.0,0.0,0.0,0.0,1276,5,0.0002592
5abbda84554299642a094b5b,noise_gate,0.3,0.5,Mach number,2,0.0,0.0,0.0,0.0,1148,5,0.0002336
5abbda84554299642a094b5b,noise_gate,0.35,0.5,Mach number,2,0.0,0.0,0.0,0.0,863,5,0.0001766
5abbda84554299642a094b5b,noise_gate,0.5,0.5,Mach 2,2,0.0,0.6666666666666666,0.5,1.0,257,6,5.6200000000000004e-05
5abe3dc65542993f32c2a0c4,noise_gate,0.2,0.55,11,8,0.0,0.0,0.0,0.0,1262,4,0.00025560000000000003
5abe3dc65542993f32c2a0c4,noise_gate,0.25,0.55,8,8,1.0,1.0,1.0,1.0,1262,4,0.00025560000000000003
5abe3dc65542993f32c2a0c4,noise_gate,0.3,0.55,11,8,0.0,0.0,0.0,0.0,1262,4,0.00025560000000000003
5abe3dc65542993f32c2a0c4,noise_gate,0.35,0.55,11,8,0.0,0.0,0.0,0.0,1262,4,0.00025560000000000003
5abe3dc65542993f32c2a0c4,noise_gate,0.5,0.55,channel 11,8,0.0,0.0,0.0,0.0,948,6,0.00019440000000000004
5abe3dc65542993f32c2a0c4,noise_gate,0.2,0.5,11,8,0.0,0.0,0.0,0.0,1024,4,0.00020800000000000001
5abe3dc65542993f32c2a0c4,noise_gate,0.25,0.5,11,8,0.0,0.0,0.0,0.0,1024,4,0.00020800000000000001
5abe3dc65542993f32c2a0c4,noise_gate,0.3,0.5,11,8,0.0,0.0,0.0,0.0,1024,4,0.00020800000000000001
5abe3dc65542993f32c2a0c4,noise_gate,0.35,0.5,11,8,0.0,0.0,0.0,0.0,1024,4,0.00020800000000000001
5abe3dc65542993f32c2a0c4,noise_gate,0.5,0.5,channel 11,8,0.0,0.0,0.0,0.0,948,6,0.00019440000000000004
5ae489ab5542995ad6573d62,noise_gate,0.2,0.55,Mookie Blaylock,Mookie Blaylock,1.0,1.0,1.0,1.0,1662,8,0.00033880000000000005
5ae489ab5542995ad6573d62,noise_gate,0.25,0.55,Mookie Blaylock,Mookie Blaylock,1.0,1.0,1.0,1.0,1662,8,0.00033880000000000005
5ae489ab5542995ad6573d62,noise_gate,0.3,0.55,Mookie Blaylock,Mookie Blaylock,1.0,1.0,1.0,1.0,1662,8,0.00033880000000000005
5ae489ab5542995ad6573d62,noise_gate,0.35,0.55,Mookie Blaylock,Mookie Blaylock,1.0,1.0,1.0,1.0,1662,8,0.00033880000000000005
5ae489ab5542995ad6573d62,noise_gate,0.5,0.55,Mookie Blaylock,Mookie Blaylock,1.0,1.0,1.0,1.0,347,8,7.580000000000001e-05
5ae489ab5542995ad6573d62,noise_gate,0.2,0.5,Mookie Blaylock,Mookie Blaylock,1.0,1.0,1.0,1.0,1662,8,0.00033880000000000005
5ae489ab5542995ad6573d62,noise_gate,0.25,0.5,Mookie Blaylock,Mookie Blaylock,1.0,1.0,1.0,1.0,1662,8,0.00033880000000000005
5ae489ab5542995ad6573d62,noise_gate,0.3,0.5,Mookie Blaylock,Mookie Blaylock,1.0,1.0,1.0,1.0,1662,8,0.00033880000000000005
5ae489ab5542995ad6573d62,noise_gate,0.35,0.5,Mookie Blaylock,Mookie Blaylock,1.0,1.0,1.0,1.0,1662,8,0.00033880000000000005
5ae489ab5542995ad6573d62,noise_gate,0.5,0.5,Mookie Blaylock,Mookie Blaylock,1.0,1.0,1.0,1.0,347,8,7.580000000000001e-05
5a7e1b7155429965cec5ea6c,noise_gate,0.2,0.55,Fiat Chrysler Automobiles N.V.,Fiat Chrysler Automobiles N.V.,1.0,1.0,1.0,1.0,1173,11,0.0002434
5a7e1b7155429965cec5ea6c,noise_gate,0.25,0.55,Fiat Chrysler Automobiles N.V.,Fiat Chrysler Automobiles N.V.,1.0,1.0,1.0,1.0,1173,11,0.0002434
5a7e1b7155429965cec5ea6c,noise_gate,0.3,0.55,Fiat Chrysler Automobiles,Fiat Chrysler Automobiles N.V.,0.0,0.8571428571428571,1.0,0.75,1173,8,0.000241
5a7e1b7155429965cec5ea6c,noise_gate,0.35,0.55,Chrysler,Fiat Chrysler Automobiles N.V.,0.0,0.4,1.0,0.25,1004,6,0.0002056
5a7e1b7155429965cec5ea6c,noise_gate,0.5,0.55,Chrysler,Fiat Chrysler Automobiles N.V.,0.0,0.4,1.0,0.25,286,6,6.2e-05
5a7e1b7155429965cec5ea6c,noise_gate,0.2,0.5,Fiat Chrysler Automobiles N.V.,Fiat Chrysler Automobiles N.V.,1.0,1.0,1.0,1.0,1173,11,0.0002434
5a7e1b7155429965cec5ea6c,noise_gate,0.25,0.5,Fiat Chrysler Automobiles N.V.,Fiat Chrysler Automobiles N.V.,1.0,1.0,1.0,1.0,1173,11,0.0002434
5a7e1b7155429965cec5ea6c,noise_gate,0.3,0.5,Fiat Chrysler Automobiles N.V.,Fiat Chrysler Automobiles N.V.,1.0,1.0,1.0,1.0,1173,11,0.0002434
5a7e1b7155429965cec5ea6c,noise_gate,0.35,0.5,Fiat Chrysler Automobiles N.V.,Fiat Chrysler Automobiles N.V.,1.0,1.0,1.0,1.0,1004,11,0.0002096
5a7e1b7155429965cec5ea6c,noise_gate,0.5,0.5,Chrysler,Fiat Chrysler Automobiles N.V.,0.0,0.4,1.0,0.25,286,6,6.2e-05
5a8fae205542997ba9cb32ec,noise_gate,0.2,0.55,mystery-drama television series,American-Canadian mystery-drama,0.0,0.4,0.3333333333333333,0.5,1125,10,0.000233
5a8fae205542997ba9cb32ec,noise_gate,0.25,0.55,Open Heart,American-Canadian mystery-drama,0.0,0.0,0.0,0.0,899,5,0.0001838
5a8fae205542997ba9cb32ec,noise_gate,0.3,0.55,Open Heart,American-Canadian mystery-drama,0.0,0.0,0.0,0.0,600,5,0.000124
5a8fae205542997ba9cb32ec,noise_gate,0.35,0.55,"Open Heart
",American-Canadian mystery-drama,0.0,0.0,0.0,0.0,376,6,7.999999999999999e-05
5a8fae205542997ba9cb32ec,noise_gate,0.5,0.55,Open Heart,American-Canadian mystery-drama,0.0,0.0,0.0,0.0,192,5,4.240000000000001e-05
5a8fae205542997ba9cb32ec,noise_gate,0.2,0.5,Open Heart,American-Canadian mystery-drama,0.0,0.0,0.0,0.0,1125,5,0.00022899999999999998
5a8fae205542997ba9cb32ec,noise_gate,0.25,0.5,Open Heart,American-Canadian mystery-drama,0.0,0.0,0.0,0.0,899,5,0.0001838
5a8fae205542997ba9cb32ec,noise_gate,0.3,0.5,Open Heart,American-Canadian mystery-drama,0.0,0.0,0.0,0.0,600,5,0.000124
5a8fae205542997ba9cb32ec,noise_gate,0.35,0.5,mystery-drama television series,American-Canadian mystery-drama,0.0,0.4,0.3333333333333333,0.5,376,10,8.32e-05
5a8fae205542997ba9cb32ec,noise_gate,0.5,0.5,Open Heart,American-Canadian mystery-drama,0.0,0.0,0.0,0.0,192,5,4.240000000000001e-05
5ae588cb55429960a22e0300,noise_gate,0.2,0.55,Chaerophyllum,Chaerophyllum,1.0,1.0,1.0,1.0,960,7,0.0001976
5ae588cb55429960a22e0300,noise_gate,0.25,0.55,Chaerophyllum,Chaerophyllum,1.0,1.0,1.0,1.0,643,7,0.00013419999999999998
5ae588cb55429960a22e0300,noise_gate,0.3,0.55,Chaerophyllum,Chaerophyllum,1.0,1.0,1.0,1.0,433,7,9.22e-05
5ae588cb55429960a22e0300,noise_gate,0.35,0.55,Chaerophyllum,Chaerophyllum,1.0,1.0,1.0,1.0,327,7,7.1e-05
5ae588cb55429960a22e0300,noise_gate,0.5,0.55,Chaerophyllum,Chaerophyllum,1.0,1.0,1.0,1.0,327,7,7.1e-05
5ae588cb55429960a22e0300,noise_gate,0.2,0.5,Chaerophyllum,Chaerophyllum,1.0,1.0,1.0,1.0,960,7,0.0001976
5ae588cb55429960a22e0300,noise_gate,0.25,0.5,Chaerophyllum,Chaerophyllum,1.0,1.0,1.0,1.0,643,7,0.00013419999999999998
5ae588cb55429960a22e0300,noise_gate,0.3,0.5,Chaerophyllum,Chaerophyllum,1.0,1.0,1.0,1.0,433,7,9.22e-05
5ae588cb55429960a22e0300,noise_gate,0.35,0.5,Chaerophyllum,Chaerophyllum,1.0,1.0,1.0,1.0,327,7,7.1e-05
5ae588cb55429960a22e0300,noise_gate,0.5,0.5,Chaerophyllum,Chaerophyllum,1.0,1.0,1.0,1.0,327,7,7.1e-05
5a75e62f5542992d0ec06013,noise_gate,0.2,0.55,Tropicana Casino & Resort Atlantic City,Tropicana Casino & Resort,0.0,0.7499999999999999,0.6,1.0,1325,11,0.0002738
5a75e62f5542992d0ec06013,noise_gate,0.25,0.55,Tropicana Casino & Resort Atlantic City,Tropicana Casino & Resort,0.0,0.7499999999999999,0.6,1.0,1325,11,0.0002738
5a75e62f5542992d0ec06013,noise_gate,0.3,0.55,Tropicana Casino & Resort Atlantic City,Tropicana Casino & Resort,0.0,0.7499999999999999,0.6,1.0,1325,11,0.0002738
5a75e62f5542992d0ec06013,noise_gate,0.35,0.55,Tropicana Casino & Resort Atlantic City,Tropicana Casino & Resort,0.0,0.7499999999999999,0.6,1.0,1232,11,0.0002552
5a75e62f5542992d0ec06013,noise_gate,0.5,0.55,Tropicana Casino & Resort Atlantic City,Tropicana Casino & Resort,0.0,0.7499999999999999,0.6,1.0,870,11,0.0001828
5a75e62f5542992d0ec06013,noise_gate,0.2,0.5,Tropicana Casino & Resort Atlantic City,Tropicana Casino & Resort,0.0,0.7499999999999999,0.6,1.0,1325,11,0.0002738
5a75e62f5542992d0ec06013,noise_gate,0.25,0.5,Tropicana Casino & Resort Atlantic City,Tropicana Casino & Resort,0.0,0.7499999999999999,0.6,1.0,1325,11,0.0002738
5a75e62f5542992d0ec06013,noise_gate,0.3,0.5,Tropicana Casino & Resort Atlantic City,Tropicana Casino & Resort,0.0,0.7499999999999999,0.6,1.0,1325,11,0.0002738
5a75e62f5542992d0ec06013,noise_gate,0.35,0.5,Tropicana Casino & Resort Atlantic City,Tropicana Casino & Resort,0.0,0.7499999999999999,0.6,1.0,1232,11,0.0002552
5a75e62f5542992d0ec06013,noise_gate,0.5,0.5,Tropicana Casino & Resort Atlantic City,Tropicana Casino & Resort,0.0,0.7499999999999999,0.6,1.0,870,11,0.0001828
5ac113e2554299294b21909a,noise_gate,0.2,0.55,"Frank Wildhorn, Leslie Bricusse and Steve Cuden","Wildhorn, Bricusse and Cuden",0.0,0.7272727272727273,0.5714285714285714,1.0,1184,15,0.00024880000000000003
5ac113e2554299294b21909a,noise_gate,0.25,0.55,"Frank Wildhorn, Leslie Bricusse and Steve Cuden","Wildhorn, Bricusse and Cuden",0.0,0.7272727272727273,0.5714285714285714,1.0,1184,15,0.00024880000000000003
5ac113e2554299294b21909a,noise_gate,0.3,0.55,"Frank Wildhorn, Leslie Bricusse and Steve Cuden","Wildhorn, Bricusse and Cuden",0.0,0.7272727272727273,0.5714285714285714,1.0,835,15,0.000179
5ac113e2554299294b21909a,noise_gate,0.35,0.55,Frank Wildhorn,"Wildhorn, Bricusse and Cuden",0.0,0.3333333333333333,0.5,0.25,670,6,0.0001388
5ac113e2554299294b21909a,noise_gate,0.5,0.55,Frank Wildhorn,"Wildhorn, Bricusse and Cuden",0.0,0.3333333333333333,0.5,0.25,200,6,4.4800000000000005e-05
5ac113e2554299294b21909a,noise_gate,0.2,0.5,"Frank Wildhorn, Leslie Bricusse and Steve Cuden","Wildhorn, Bricusse and Cuden",0.0,0.7272727272727273,0.5714285714285714,1.0,1184,15,0.00024880000000000003
5ac113e2554299294b21909a,noise_gate,0.25,0.5,"Frank Wildhorn, Leslie Bricusse and Steve Cuden","Wildhorn, Bricusse and Cuden",0.0,0.7272727272727273,0.5714285714285714,1.0,1184,15,0.00024880000000000003
5ac113e2554299294b21909a,noise_gate,0.3,0.5,"Frank Wildhorn, Leslie Bricusse and Steve Cuden","Wildhorn, Bricusse and Cuden",0.0,0.7272727272727273,0.5714285714285714,1.0,835,15,0.000179
5ac113e2554299294b21909a,noise_gate,0.35,0.5,"Frank Wildhorn, Leslie Bricusse and Steve Cuden","Wildhorn, Bricusse and Cuden",0.0,0.7272727272727273,0.5714285714285714,1.0,670,15,0.000146
5ac113e2554299294b21909a,noise_gate,0.5,0.5,Frank Wildhorn,"Wildhorn, Bricusse and Cuden",0.0,0.3333333333333333,0.5,0.25,200,6,4.4800000000000005e-05
5a82fe5055429966c78a6ad3,noise_gate,0.2,0.55,evangelical Christian,evangelical Christian,1.0,1.0,1.0,1.0,2233,7,0.00045220000000000004
5a82fe5055429966c78a6ad3,noise_gate,0.25,0.55,Christianity,evangelical Christian,0.0,0.0,0.0,0.0,2093,5,0.0004226
5a82fe5055429966c78a6ad3,noise_gate,0.3,0.55,evangelical Christian,evangelical Christian,1.0,1.0,1.0,1.0,1827,7,0.000371
5a82fe5055429966c78a6ad3,noise_gate,0.35,0.55,evangelical Christian,evangelical Christian,1.0,1.0,1.0,1.0,1592,7,0.00032400000000000007
5a82fe5055429966c78a6ad3,noise_gate,0.5,0.55,Church of the Nazarene,evangelical Christian,0.0,0.0,0.0,0.0,119,14,3.5e-05
5a82fe5055429966c78a6ad3,noise_gate,0.2,0.5,evangelical Christian,evangelical Christian,1.0,1.0,1.0,1.0,2233,7,0.00045220000000000004
5a82fe5055429966c78a6ad3,noise_gate,0.25,0.5,evangelical Christian,evangelical Christian,1.0,1.0,1.0,1.0,2093,7,0.0004242
5a82fe5055429966c78a6ad3,noise_gate,0.3,0.5,evangelical Christian,evangelical Christian,1.0,1.0,1.0,1.0,1827,7,0.000371
5a82fe5055429966c78a6ad3,noise_gate,0.35,0.5,evangelical Christian,evangelical Christian,1.0,1.0,1.0,1.0,1592,7,0.00032400000000000007
5a82fe5055429966c78a6ad3,noise_gate,0.5,0.5,Wesleyan-Holiness Church,evangelical Christian,0.0,0.0,0.0,0.0,119,16,3.66e-05
5a7e05ba5542995f4f402392,noise_gate,0.2,0.55,The Late Late Show,The Late Late Show,1.0,1.0,1.0,1.0,1618,7,0.0003292
5a7e05ba5542995f4f402392,noise_gate,0.25,0.55,The Late Late Show,The Late Late Show,1.0,1.0,1.0,1.0,1280,7,0.00026159999999999996
5a7e05ba5542995f4f402392,noise_gate,0.3,0.55,The Late Late Show,The Late Late Show,1.0,1.0,1.0,1.0,1194,7,0.0002444
5a7e05ba5542995f4f402392,noise_gate,0.35,0.55,The Late Late Show,The Late Late Show,1.0,1.0,1.0,1.0,1089,7,0.0002234
5a7e05ba5542995f4f402392,noise_gate,0.5,0.55,The Late Late Show,The Late Late Show,1.0,1.0,1.0,1.0,477,13,0.0001058
5a7e05ba5542995f4f402392,noise_gate,0.2,0.5,The Late Late Show,The Late Late Show,1.0,1.0,1.0,1.0,1618,7,0.0003292
5a7e05ba5542995f4f402392,noise_gate,0.25,0.5,The Late Late Show,The Late Late Show,1.0,1.0,1.0,1.0,1280,7,0.00026159999999999996
5a7e05ba5542995f4f402392,noise_gate,0.3,0.5,The Late Late Show,The Late Late Show,1.0,1.0,1.0,1.0,1194,7,0.0002444
5a7e05ba5542995f4f402392,noise_gate,0.35,0.5,The Late Late Show,The Late Late Show,1.0,1.0,1.0,1.0,1089,7,0.0002234
5a7e05ba5542995f4f402392,noise_gate,0.5,0.5,The Late Late Show,The Late Late Show,1.0,1.0,1.0,1.0,477,7,0.000101
5a7264ed5542990c210a411a,noise_gate,0.2,0.55,Blood and soil,Blood and soil,1.0,1.0,1.0,1.0,1647,6,0.00033420000000000005
5a7264ed5542990c210a411a,noise_gate,0.25,0.55,Blood and soil,Blood and soil,1.0,1.0,1.0,1.0,1647,6,0.00033420000000000005
5a7264ed5542990c210a411a,noise_gate,0.3,0.55,Blood and soil,Blood and soil,1.0,1.0,1.0,1.0,1647,6,0.00033420000000000005
5a7264ed5542990c210a411a,noise_gate,0.35,0.55,Blood and soil,Blood and soil,1.0,1.0,1.0,1.0,1339,6,0.0002726
5a7264ed5542990c210a411a,noise_gate,0.5,0.55,Blood and soil,Blood and soil,1.0,1.0,1.0,1.0,407,6,8.62e-05
5a7264ed5542990c210a411a,noise_gate,0.2,0.5,Blood and soil,Blood and soil,1.0,1.0,1.0,1.0,1647,6,0.00033420000000000005
5a7264ed5542990c210a411a,noise_gate,0.25,0.5,Blood and soil,Blood and soil,1.0,1.0,1.0,1.0,1647,6,0.00033420000000000005
5a7264ed5542990c210a411a,noise_gate,0.3,0.5,Blood and soil,Blood and soil,1.0,1.0,1.0,1.0,1647,6,0.00033420000000000005
5a7264ed5542990c210a411a,noise_gate,0.35,0.5,Blood and soil,Blood and soil,1.0,1.0,1.0,1.0,1339,6,0.0002726
5a7264ed5542990c210a411a,noise_gate,0.5,0.5,Blood and soil,Blood and soil,1.0,1.0,1.0,1.0,407,6,8.62e-05
5a8ed10b5542995085b374a0,noise_gate,0.2,0.55,The Visit,The Visit,1.0,1.0,1.0,1.0,1221,5,0.0002482
5a8ed10b5542995085b374a0,noise_gate,0.25,0.55,The Visit,The Visit,1.0,1.0,1.0,1.0,1221,5,0.0002482
5a8ed10b5542995085b374a0,noise_gate,0.3,0.55,The Visit,The Visit,1.0,1.0,1.0,1.0,962,5,0.0001964
5a8ed10b5542995085b374a0,noise_gate,0.35,0.55,The Visit,The Visit,1.0,1.0,1.0,1.0,962,5,0.0001964
5a8ed10b5542995085b374a0,noise_gate,0.5,0.55,The Visit,The Visit,1.0,1.0,1.0,1.0,349,5,7.38e-05
5a8ed10b5542995085b374a0,noise_gate,0.2,0.5,The Visit,The Visit,1.0,1.0,1.0,1.0,1221,5,0.0002482
5a8ed10b5542995085b374a0,noise_gate,0.25,0.5,The Visit,The Visit,1.0,1.0,1.0,1.0,1221,5,0.0002482
5a8ed10b5542995085b374a0,noise_gate,0.3,0.5,The Visit,The Visit,1.0,1.0,1.0,1.0,962,5,0.0001964
5a8ed10b5542995085b374a0,noise_gate,0.35,0.5,The Visit,The Visit,1.0,1.0,1.0,1.0,962,5,0.0001964
5a8ed10b5542995085b374a0,noise_gate,0.5,0.5,The Visit,The Visit,1.0,1.0,1.0,1.0,349,5,7.38e-05
5add8f055542990dbb2f7e6d,noise_gate,0.2,0.55,Kurt Gerstein and Rudolf Höss,Rudolf Höss,0.0,0.5714285714285715,0.4,1.0,1487,11,0.0003062
5add8f055542990dbb2f7e6d,noise_gate,0.25,0.55,Rudolf Höss,Rudolf Höss,1.0,1.0,1.0,1.0,1487,8,0.0003038
5add8f055542990dbb2f7e6d,noise_gate,0.3,0.55,Rudolf Höss,Rudolf Höss,1.0,1.0,1.0,1.0,1487,8,0.0003038
5add8f055542990dbb2f7e6d,noise_gate,0.35,0.55,Kurt Gerstein and Rudolf Höss,Rudolf Höss,0.0,0.5714285714285715,0.4,1.0,1487,11,0.0003062
5add8f055542990dbb2f7e6d,noise_gate,0.5,0.55,Kurt Gerstein,Rudolf Höss,0.0,0.0,0.0,0.0,654,7,0.0001364
5add8f055542990dbb2f7e6d,noise_gate,0.2,0.5,Rudolf Höss,Rudolf Höss,1.0,1.0,1.0,1.0,1487,8,0.0003038
5add8f055542990dbb2f7e6d,noise_gate,0.25,0.5,Rudolf Höss,Rudolf Höss,1.0,1.0,1.0,1.0,1487,8,0.0003038
5add8f055542990dbb2f7e6d,noise_gate,0.3,0.5,Rudolf Höss,Rudolf Höss,1.0,1.0,1.0,1.0,1487,8,0.0003038
5add8f055542990dbb2f7e6d,noise_gate,0.35,0.5,Rudolf Höss,Rudolf Höss,1.0,1.0,1.0,1.0,1487,8,0.0003038
5add8f055542990dbb2f7e6d,noise_gate,0.5,0.5,Rudolf Höss,Rudolf Höss,1.0,1.0,1.0,1.0,654,8,0.0001372
5a86ab7755429960ec39b6bf,noise_gate,0.2,0.55,adventure novel,an adventure novel,1.0,1.0,1.0,1.0,904,6,0.0001856
5a86ab7755429960ec39b6bf,noise_gate,0.25,0.55,adventure novel,an adventure novel,1.0,1.0,1.0,1.0,834,6,0.00017160000000000002
5a86ab7755429960ec39b6bf,noise_gate,0.3,0.55,adventure novel,an adventure novel,1.0,1.0,1.0,1.0,802,6,0.0001652
5a86ab7755429960ec39b6bf,noise_gate,0.35,0.55,adventure novel,an adventure novel,1.0,1.0,1.0,1.0,435,6,9.18e-05
5a86ab7755429960ec39b6bf,noise_gate,0.5,0.55,children's book,an adventure novel,0.0,0.0,0.0,0.0,91,12,2.7799999999999998e-05
5a86ab7755429960ec39b6bf,noise_gate,0.2,0.5,adventure novel,an adventure novel,1.0,1.0,1.0,1.0,904,6,0.0001856
5a86ab7755429960ec39b6bf,noise_gate,0.25,0.5,adventure novel,an adventure novel,1.0,1.0,1.0,1.0,834,6,0.00017160000000000002
5a86ab7755429960ec39b6bf,noise_gate,0.3,0.5,novel,an adventure novel,0.0,0.6666666666666666,1.0,0.5,802,5,0.00016439999999999998
5a86ab7755429960ec39b6bf,noise_gate,0.35,0.5,novel,an adventure novel,0.0,0.6666666666666666,1.0,0.5,435,5,9.1e-05
5a86ab7755429960ec39b6bf,noise_gate,0.5,0.5,children's novel,an adventure novel,0.0,0.5,0.5,0.5,91,12,2.7799999999999998e-05
5a7a112a5542990783324e2b,noise_gate,0.2,0.55,drummers,drummer,0.0,0.0,0.0,0.0,1088,5,0.00022160000000000002
5a7a112a5542990783324e2b,noise_gate,0.25,0.55,drummers,drummer,0.0,0.0,0.0,0.0,1088,5,0.00022160000000000002
5a7a112a5542990783324e2b,noise_gate,0.3,0.55,drummers,drummer,0.0,0.0,0.0,0.0,861,5,0.0001762
5a7a112a5542990783324e2b,noise_gate,0.35,0.55,drummer,drummer,1.0,1.0,1.0,1.0,717,5,0.0001474
5a7a112a5542990783324e2b,noise_gate,0.5,0.55,heavy metal drummers,drummer,0.0,0.0,0.0,0.0,399,7,8.540000000000002e-05
5a7a112a5542990783324e2b,noise_gate,0.2,0.5,drummers,drummer,0.0,0.0,0.0,0.0,1088,5,0.00022160000000000002
5a7a112a5542990783324e2b,noise_gate,0.25,0.5,metal musicians,drummer,0.0,0.0,0.0,0.0,1088,5,0.00022160000000000002
5a7a112a5542990783324e2b,noise_gate,0.3,0.5,drummers,drummer,0.0,0.0,0.0,0.0,861,5,0.0001762
5a7a112a5542990783324e2b,noise_gate,0.35,0.5,"drummer
",drummer,1.0,1.0,1.0,1.0,717,6,0.00014820000000000002
5a7a112a5542990783324e2b,noise_gate,0.5,0.5,heavy metal drummers,drummer,0.0,0.0,0.0,0.0,399,7,8.540000000000002e-05
5ab870ee5542990e739ec8f6,noise_gate,0.2,0.55,Madeleine L'Engle,Madeleine L'Engle,1.0,1.0,1.0,1.0,1182,9,0.0002436
5ab870ee5542990e739ec8f6,noise_gate,0.25,0.55,Madeleine L'Engle,Madeleine L'Engle,1.0,1.0,1.0,1.0,1182,9,0.0002436
5ab870ee5542990e739ec8f6,noise_gate,0.3,0.55,Madeleine L'Engle,Madeleine L'Engle,1.0,1.0,1.0,1.0,468,9,0.00010080000000000001
5ab870ee5542990e739ec8f6,noise_gate,0.35,0.55,Madeleine L'Engle,Madeleine L'Engle,1.0,1.0,1.0,1.0,338,9,7.48e-05
5ab870ee5542990e739ec8f6,noise_gate,0.5,0.55,Madeleine L'Engle,Madeleine L'Engle,1.0,1.0,1.0,1.0,164,9,4e-05
5ab870ee5542990e739ec8f6,noise_gate,0.2,0.5,Madeleine L'Engle,Madeleine L'Engle,1.0,1.0,1.0,1.0,1182,9,0.0002436
5ab870ee5542990e739ec8f6,noise_gate,0.25,0.5,Madeleine L'Engle,Madeleine L'Engle,1.0,1.0,1.0,1.0,1182,9,0.0002436
5ab870ee5542990e739ec8f6,noise_gate,0.3,0.5,Madeleine L'Engle,Madeleine L'Engle,1.0,1.0,1.0,1.0,468,9,0.00010080000000000001
5ab870ee5542990e739ec8f6,noise_gate,0.35,0.5,Madeleine L'Engle,Madeleine L'Engle,1.0,1.0,1.0,1.0,338,9,7.48e-05
5ab870ee5542990e739ec8f6,noise_gate,0.5,0.5,Madeleine L'Engle,Madeleine L'Engle,1.0,1.0,1.0,1.0,164,9,4e-05
5a8810485542997e5c09a590,noise_gate,0.2,0.55,1.6 million,1.6 million passengers,0.0,0.8,1.0,0.6666666666666666,1613,7,0.00032820000000000006
5a8810485542997e5c09a590,noise_gate,0.25,0.55,1.6 million,1.6 million passengers,0.0,0.8,1.0,0.6666666666666666,1613,7,0.00032820000000000006
5a8810485542997e5c09a590,noise_gate,0.3,0.55,1660000,1.6 million passengers,0.0,0.0,0.0,0.0,1249,6,0.0002546
5a8810485542997e5c09a590,noise_gate,0.35,0.55,over 1.6 million passengers,1.6 million passengers,0.0,0.8571428571428571,0.75,1.0,889,10,0.00018580000000000002
5a8810485542997e5c09a590,noise_gate,0.5,0.55,1.7 million,1.6 million passengers,0.0,0.4,0.5,0.3333333333333333,161,7,3.7800000000000004e-05
5a8810485542997e5c09a590,noise_gate,0.2,0.5,1.6 million,1.6 million passengers,0.0,0.8,1.0,0.6666666666666666,1613,7,0.00032820000000000006
5a8810485542997e5c09a590,noise_gate,0.25,0.5,1600000,1.6 million passengers,0.0,0.0,0.0,0.0,1613,6,0.00032740000000000004
5a8810485542997e5c09a590,noise_gate,0.3,0.5,1.6 million,1.6 million passengers,0.0,0.8,1.0,0.6666666666666666,1249,7,0.00025540000000000003
5a8810485542997e5c09a590,noise_gate,0.35,0.5,1.6 million passengers,1.6 million passengers,1.0,1.0,1.0,1.0,889,8,0.0001842
5a8810485542997e5c09a590,noise_gate,0.5,0.5,1.6 million,1.6 million passengers,0.0,0.8,1.0,0.6666666666666666,161,7,3.7800000000000004e-05
5a8208ee5542990a1d231f1e,noise_gate,0.2,0.55,dinosaur,dinosaur,1.0,1.0,1.0,1.0,1427,5,0.00028940000000000004
5a8208ee5542990a1d231f1e,noise_gate,0.25,0.55,a large green dinosaur,dinosaur,0.0,0.5,0.3333333333333333,1.0,1427,7,0.000291
5a8208ee5542990a1d231f1e,noise_gate,0.3,0.55,a large green dinosaur,dinosaur,0.0,0.5,0.3333333333333333,1.0,1185,7,0.0002426
5a8208ee5542990a1d231f1e,noise_gate,0.35,0.55,a large green dinosaur,dinosaur,0.0,0.5,0.3333333333333333,1.0,490,7,0.0001036
5a8208ee5542990a1d231f1e,noise_gate,0.5,0.55,dinosaur,dinosaur,1.0,1.0,1.0,1.0,367,5,7.740000000000001e-05
5a8208ee5542990a1d231f1e,noise_gate,0.2,0.5,a large green dinosaur,dinosaur,0.0,0.5,0.3333333333333333,1.0,1427,7,0.000291
5a8208ee5542990a1d231f1e,noise_gate,0.25,0.5,a large green dinosaur,dinosaur,0.0,0.5,0.3333333333333333,1.0,1427,7,0.000291
5a8208ee5542990a1d231f1e,noise_gate,0.3,0.5,a large green dinosaur,dinosaur,0.0,0.5,0.3333333333333333,1.0,1185,7,0.0002426
5a8208ee5542990a1d231f1e,noise_gate,0.35,0.5,a large green dinosaur,dinosaur,0.0,0.5,0.3333333333333333,1.0,490,7,0.0001036
5a8208ee5542990a1d231f1e,noise_gate,0.5,0.5,a large green dinosaur,dinosaur,0.0,0.5,0.3333333333333333,1.0,367,7,7.900000000000001e-05
5a86399e5542994775f60733,noise_gate,0.2,0.55,Punjabi/Pashtun,Punjabi/Pashtun,1.0,1.0,1.0,1.0,1650,9,0.0003372
5a86399e5542994775f60733,noise_gate,0.25,0.55,Punjabi/Pashtun,Punjabi/Pashtun,1.0,1.0,1.0,1.0,1650,9,0.0003372
5a86399e5542994775f60733,noise_gate,0.3,0.55,Punjabi/Pashtun,Punjabi/Pashtun,1.0,1.0,1.0,1.0,1650,9,0.0003372
5a86399e5542994775f60733,noise_gate,0.35,0.55,Punjabi/Pashtun,Punjabi/Pashtun,1.0,1.0,1.0,1.0,1235,9,0.0002542
5a86399e5542994775f60733,noise_gate,0.5,0.55,Norwegian,Punjabi/Pashtun,0.0,0.0,0.0,0.0,323,5,6.860000000000001e-05
5a86399e5542994775f60733,noise_gate,0.2,0.5,Punjabi/Pashtun,Punjabi/Pashtun,1.0,1.0,1.0,1.0,1650,9,0.0003372
5a86399e5542994775f60733,noise_gate,0.25,0.5,Punjabi/Pashtun,Punjabi/Pashtun,1.0,1.0,1.0,1.0,1650,9,0.0003372
5a86399e5542994775f60733,noise_gate,0.3,0.5,Punjabi/Pashtun,Punjabi/Pashtun,1.0,1.0,1.0,1.0,1650,9,0.0003372
5a86399e5542994775f60733,noise_gate,0.35,0.5,Punjabi/Pashtun,Punjabi/Pashtun,1.0,1.0,1.0,1.0,1235,9,0.0002542
5a86399e5542994775f60733,noise_gate,0.5,0.5,Norwegian,Punjabi/Pashtun,0.0,0.0,0.0,0.0,323,5,6.860000000000001e-05
5a78e9a2554299148911f995,noise_gate,0.2,0.55,Drillers Stadium,Drillers Stadium,1.0,1.0,1.0,1.0,1959,6,0.00039660000000000004
5a78e9a2554299148911f995,noise_gate,0.25,0.55,Drillers Stadium,Drillers Stadium,1.0,1.0,1.0,1.0,1514,6,0.0003076
5a78e9a2554299148911f995,noise_gate,0.3,0.55,Drillers Stadium,Drillers Stadium,1.0,1.0,1.0,1.0,1514,6,0.0003076
5a78e9a2554299148911f995,noise_gate,0.35,0.55,Drillers Stadium,Drillers Stadium,1.0,1.0,1.0,1.0,1355,6,0.0002758
5a78e9a2554299148911f995,noise_gate,0.5,0.55,Drillers Stadium,Drillers Stadium,1.0,1.0,1.0,1.0,311,6,6.7e-05
5a78e9a2554299148911f995,noise_gate,0.2,0.5,Drillers Stadium,Drillers Stadium,1.0,1.0,1.0,1.0,1959,6,0.00039660000000000004
5a78e9a2554299148911f995,noise_gate,0.25,0.5,Drillers Stadium,Drillers Stadium,1.0,1.0,1.0,1.0,1514,6,0.0003076
5a78e9a2554299148911f995,noise_gate,0.3,0.5,Drillers Stadium,Drillers Stadium,1.0,1.0,1.0,1.0,1514,6,0.0003076
5a78e9a2554299148911f995,noise_gate,0.35,0.5,Drillers Stadium,Drillers Stadium,1.0,1.0,1.0,1.0,1355,6,0.0002758
5a78e9a2554299148911f995,noise_gate,0.5,0.5,Drillers Stadium,Drillers Stadium,1.0,1.0,1.0,1.0,311,6,6.7e-05
5a84995d5542997b5ce3fee4,noise_gate,0.2,0.55,Alachua County,Alachua,0.0,0.6666666666666666,0.5,1.0,1674,7,0.00034040000000000003
5a84995d5542997b5ce3fee4,noise_gate,0.25,0.55,Alachua County,Alachua,0.0,0.6666666666666666,0.5,1.0,1185,7,0.0002426
5a84995d5542997b5ce3fee4,noise_gate,0.3,0.55,Alachua County,Alachua,0.0,0.6666666666666666,0.5,1.0,1039,7,0.0002134
5a84995d5542997b5ce3fee4,noise_gate,0.35,0.55,Alachua County,Alachua,0.0,0.6666666666666666,0.5,1.0,1039,7,0.0002134
5a84995d5542997b5ce3fee4,noise_gate,0.5,0.55,Alachua County,Alachua,0.0,0.6666666666666666,0.5,1.0,394,7,8.440000000000002e-05
5a84995d5542997b5ce3fee4,noise_gate,0.2,0.5,Alachua County,Alachua,0.0,0.6666666666666666,0.5,1.0,1674,7,0.00034040000000000003
5a84995d5542997b5ce3fee4,noise_gate,0.25,0.5,Alachua County,Alachua,0.0,0.6666666666666666,0.5,1.0,1185,7,0.0002426
5a84995d5542997b5ce3fee4,noise_gate,0.3,0.5,Alachua County,Alachua,0.0,0.6666666666666666,0.5,1.0,1039,7,0.0002134
5a84995d5542997b5ce3fee4,noise_gate,0.35,0.5,Alachua County,Alachua,0.0,0.6666666666666666,0.5,1.0,1039,7,0.0002134
5a84995d5542997b5ce3fee4,noise_gate,0.5,0.5,Alachua County,Alachua,0.0,0.6666666666666666,0.5,1.0,394,13,8.920000000000001e-05
5ab941c2554299743d22ea88,noise_gate,0.2,0.55,C. J. Cherryh,"Carolyn Janice Cherry (born September 1, 1942), better known by the pen name C. J. Cherryh,",0.0,0.33333333333333337,1.0,0.2,1250,9,0.0002572
5ab941c2554299743d22ea88,noise_gate,0.25,0.55,C. J. Cherryh,"Carolyn Janice Cherry (born September 1, 1942), better known by the pen name C. J. Cherryh,",0.0,0.33333333333333337,1.0,0.2,1213,9,0.0002498
5ab941c2554299743d22ea88,noise_gate,0.3,0.55,C. J. Cherryh,"Carolyn Janice Cherry (born September 1, 1942), better known by the pen name C. J. Cherryh,",0.0,0.33333333333333337,1.0,0.2,607,9,0.0001286
5ab941c2554299743d22ea88,noise_gate,0.35,0.55,C. J. Cherryh,"Carolyn Janice Cherry (born September 1, 1942), better known by the pen name C. J. Cherryh,",0.0,0.33333333333333337,1.0,0.2,448,9,9.680000000000001e-05
5ab941c2554299743d22ea88,noise_gate,0.5,0.55,C. J. Cherryh,"Carolyn Janice Cherry (born September 1, 1942), better known by the pen name C. J. Cherryh,",0.0,0.33333333333333337,1.0,0.2,410,9,8.92e-05
5ab941c2554299743d22ea88,noise_gate,0.2,0.5,C. J. Cherryh,"Carolyn Janice Cherry (born September 1, 1942), better known by the pen name C. J. Cherryh,",0.0,0.33333333333333337,1.0,0.2,1250,9,0.0002572
5ab941c2554299743d22ea88,noise_gate,0.25,0.5,C. J. Cherryh,"Carolyn Janice Cherry (born September 1, 1942), better known by the pen name C. J. Cherryh,",0.0,0.33333333333333337,1.0,0.2,1213,9,0.0002498
5ab941c2554299743d22ea88,noise_gate,0.3,0.5,C. J. Cherryh,"Carolyn Janice Cherry (born September 1, 1942), better known by the pen name C. J. Cherryh,",0.0,0.33333333333333337,1.0,0.2,607,9,0.0001286
5ab941c2554299743d22ea88,noise_gate,0.35,0.5,C. J. Cherryh,"Carolyn Janice Cherry (born September 1, 1942), better known by the pen name C. J. Cherryh,",0.0,0.33333333333333337,1.0,0.2,448,9,9.680000000000001e-05
5ab941c2554299743d22ea88,noise_gate,0.5,0.5,C. J. Cherryh,"Carolyn Janice Cherry (born September 1, 1942), better known by the pen name C. J. Cherryh,",0.0,0.33333333333333337,1.0,0.2,410,9,8.92e-05
5a8e5f1f5542995a26add4d6,noise_gate,0.2,0.55,Sapsali,Sapsali,1.0,1.0,1.0,1.0,1695,6,0.0003438
5a8e5f1f5542995a26add4d6,noise_gate,0.25,0.55,Sapsali,Sapsali,1.0,1.0,1.0,1.0,1194,6,0.0002436
5a8e5f1f5542995a26add4d6,noise_gate,0.3,0.55,Sapsali,Sapsali,1.0,1.0,1.0,1.0,590,6,0.0001228
5a8e5f1f5542995a26add4d6,noise_gate,0.35,0.55,Sapsali,Sapsali,1.0,1.0,1.0,1.0,307,6,6.62e-05
5a8e5f1f5542995a26add4d6,noise_gate,0.5,0.55,Sapsali,Sapsali,1.0,1.0,1.0,1.0,307,6,6.62e-05
5a8e5f1f5542995a26add4d6,noise_gate,0.2,0.5,Sapsali,Sapsali,1.0,1.0,1.0,1.0,1695,6,0.0003438
5a8e5f1f5542995a26add4d6,noise_gate,0.25,0.5,Sapsali,Sapsali,1.0,1.0,1.0,1.0,1194,6,0.0002436
5a8e5f1f5542995a26add4d6,noise_gate,0.3,0.5,Sapsali,Sapsali,1.0,1.0,1.0,1.0,590,6,0.0001228
5a8e5f1f5542995a26add4d6,noise_gate,0.35,0.5,Sapsali,Sapsali,1.0,1.0,1.0,1.0,307,6,6.62e-05
5a8e5f1f5542995a26add4d6,noise_gate,0.5,0.5,Sapsali,Sapsali,1.0,1.0,1.0,1.0,307,6,6.62e-05
5abf1ad15542997ec76fd3c2,noise_gate,0.2,0.55,"Gilbert du Motier, Marquis de Lafayette",Marquis de Lafayette,0.0,0.6666666666666666,0.5,1.0,1324,12,0.0002744
5abf1ad15542997ec76fd3c2,noise_gate,0.25,0.55,"Gilbert du Motier, Marquis de Lafayette",Marquis de Lafayette,0.0,0.6666666666666666,0.5,1.0,1324,12,0.0002744
5abf1ad15542997ec76fd3c2,noise_gate,0.3,0.55,"Gilbert du Motier, Marquis de Lafayette",Marquis de Lafayette,0.0,0.6666666666666666,0.5,1.0,1324,12,0.0002744
5abf1ad15542997ec76fd3c2,noise_gate,0.35,0.55,"Gilbert du Motier, Marquis de Lafayette",Marquis de Lafayette,0.0,0.6666666666666666,0.5,1.0,1148,12,0.00023920000000000001
5abf1ad15542997ec76fd3c2,noise_gate,0.5,0.55,Marquis de Lafayette,Marquis de Lafayette,1.0,1.0,1.0,1.0,251,7,5.58e-05
5abf1ad15542997ec76fd3c2,noise_gate,0.2,0.5,Marquis de Lafayette,Marquis de Lafayette,1.0,1.0,1.0,1.0,1324,7,0.00027039999999999996
5abf1ad15542997ec76fd3c2,noise_gate,0.25,0.5,"Gilbert du Motier, Marquis de Lafayette",Marquis de Lafayette,0.0,0.6666666666666666,0.5,1.0,1324,12,0.0002744
5abf1ad15542997ec76fd3c2,noise_gate,0.3,0.5,"Gilbert du Motier, Marquis de Lafayette",Marquis de Lafayette,0.0,0.6666666666666666,0.5,1.0,1324,12,0.0002744
5abf1ad15542997ec76fd3c2,noise_gate,0.35,0.5,"Gilbert du Motier, Marquis de Lafayette",Marquis de Lafayette,0.0,0.6666666666666666,0.5,1.0,1148,12,0.00023920000000000001
5abf1ad15542997ec76fd3c2,noise_gate,0.5,0.5,Marquis de Lafayette,Marquis de Lafayette,1.0,1.0,1.0,1.0,251,7,5.58e-05
5ae5cf625542996de7b71a22,noise_gate,0.2,0.55,University of Texas Longhorns football team,University of Texas Longhorns,0.0,0.8,0.6666666666666666,1.0,1325,11,0.0002738
5ae5cf625542996de7b71a22,noise_gate,0.25,0.55,Texas Longhorns football team,University of Texas Longhorns,0.0,0.5,0.5,0.5,866,9,0.00018040000000000002
5ae5cf625542996de7b71a22,noise_gate,0.3,0.55,University of Texas Longhorns football team,University of Texas Longhorns,0.0,0.8,0.6666666666666666,1.0,763,11,0.0001614
5ae5cf625542996de7b71a22,noise_gate,0.35,0.55,Texas Longhorns,University of Texas Longhorns,0.0,0.6666666666666666,1.0,0.5,763,7,0.0001582
5ae5cf625542996de7b71a22,noise_gate,0.5,0.55,University of Texas Longhorns football team,University of Texas Longhorns,0.0,0.8,0.6666666666666666,1.0,282,11,6.520000000000001e-05
5ae5cf625542996de7b71a22,noise_gate,0.2,0.5,University of Texas Longhorns football team,University of Texas Longhorns,0.0,0.8,0.6666666666666666,1.0,1325,11,0.0002738
5ae5cf625542996de7b71a22,noise_gate,0.25,0.5,Texas Longhorns football team,University of Texas Longhorns,0.0,0.5,0.5,0.5,866,9,0.00018040000000000002
5ae5cf625542996de7b71a22,noise_gate,0.3,0.5,University of Texas Longhorns football team,University of Texas Longhorns,0.0,0.8,0.6666666666666666,1.0,763,11,0.0001614
5ae5cf625542996de7b71a22,noise_gate,0.35,0.5,Texas Longhorns football team,University of Texas Longhorns,0.0,0.5,0.5,0.5,763,9,0.0001598
5ae5cf625542996de7b71a22,noise_gate,0.5,0.5,University of Texas Longhorns football team,University of Texas Longhorns,0.0,0.8,0.6666666666666666,1.0,282,11,6.520000000000001e-05
5a7c8ae855429935c91b5207,noise_gate,0.2,0.55,Alexander Borodin,Alexander Porfiryevich Borodin,0.0,0.8,1.0,0.6666666666666666,1056,6,0.00021600000000000002
5a7c8ae855429935c91b5207,noise_gate,0.25,0.55,Alexander Borodin,Alexander Porfiryevich Borodin,0.0,0.8,1.0,0.6666666666666666,651,6,0.00013500000000000003
5a7c8ae855429935c91b5207,noise_gate,0.3,0.55,Alexander Borodin,Alexander Porfiryevich Borodin,0.0,0.8,1.0,0.6666666666666666,538,6,0.00011240000000000001
5a7c8ae855429935c91b5207,noise_gate,0.35,0.55,Alexander Borodin,Alexander Porfiryevich Borodin,0.0,0.8,1.0,0.6666666666666666,468,6,9.84e-05
5a7c8ae855429935c91b5207,noise_gate,0.5,0.55,Alexander Borodin,Alexander Porfiryevich Borodin,0.0,0.8,1.0,0.6666666666666666,228,6,5.0400000000000005e-05
5a7c8ae855429935c91b5207,noise_gate,0.2,0.5,Alexander Borodin,Alexander Porfiryevich Borodin,0.0,0.8,1.0,0.6666666666666666,1056,6,0.00021600000000000002
5a7c8ae855429935c91b5207,noise_gate,0.25,0.5,Alexander Borodin,Alexander Porfiryevich Borodin,0.0,0.8,1.0,0.6666666666666666,651,6,0.00013500000000000003
5a7c8ae855429935c91b5207,noise_gate,0.3,0.5,Alexander Borodin,Alexander Porfiryevich Borodin,0.0,0.8,1.0,0.6666666666666666,538,6,0.00011240000000000001
5a7c8ae855429935c91b5207,noise_gate,0.35,0.5,Alexander Borodin,Alexander Porfiryevich Borodin,0.0,0.8,1.0,0.6666666666666666,468,6,9.84e-05
5a7c8ae855429935c91b5207,noise_gate,0.5,0.5,Alexander Borodin,Alexander Porfiryevich Borodin,0.0,0.8,1.0,0.6666666666666666,228,6,5.0400000000000005e-05
5a87106555429960ec39b71f,noise_gate,0.2,0.55,Rob Reiner,Rob Reiner,1.0,1.0,1.0,1.0,1262,6,0.0002572
5a87106555429960ec39b71f,noise_gate,0.25,0.55,Rob Reiner,Rob Reiner,1.0,1.0,1.0,1.0,996,6,0.00020400000000000003
5a87106555429960ec39b71f,noise_gate,0.3,0.55,Rob Reiner,Rob Reiner,1.0,1.0,1.0,1.0,562,6,0.0001172
5a87106555429960ec39b71f,noise_gate,0.35,0.55,Rob Reiner,Rob Reiner,1.0,1.0,1.0,1.0,317,6,6.82e-05
5a87106555429960ec39b71f,noise_gate,0.5,0.55,Rob Reiner,Rob Reiner,1.0,1.0,1.0,1.0,317,6,6.82e-05
5a87106555429960ec39b71f,noise_gate,0.2,0.5,Rob Reiner,Rob Reiner,1.0,1.0,1.0,1.0,1262,6,0.0002572
5a87106555429960ec39b71f,noise_gate,0.25,0.5,Rob Reiner,Rob Reiner,1.0,1.0,1.0,1.0,996,6,0.00020400000000000003
5a87106555429960ec39b71f,noise_gate,0.3,0.5,Rob Reiner,Rob Reiner,1.0,1.0,1.0,1.0,562,6,0.0001172
5a87106555429960ec39b71f,noise_gate,0.35,0.5,Rob Reiner,Rob Reiner,1.0,1.0,1.0,1.0,317,6,6.82e-05
5a87106555429960ec39b71f,noise_gate,0.5,0.5,Rob Reiner,Rob Reiner,1.0,1.0,1.0,1.0,317,6,6.82e-05
5a7f296f55429934daa2fd10,noise_gate,0.2,0.55,1974,1974,1.0,1.0,1.0,1.0,1113,5,0.0002266
5a7f296f55429934daa2fd10,noise_gate,0.25,0.55,1974,1974,1.0,1.0,1.0,1.0,1113,5,0.0002266
5a7f296f55429934daa2fd10,noise_gate,0.3,0.55,2004,1974,0.0,0.0,0.0,0.0,967,5,0.0001974
5a7f296f55429934daa2fd10,noise_gate,0.35,0.55,2004,1974,0.0,0.0,0.0,0.0,967,5,0.0001974
5a7f296f55429934daa2fd10,noise_gate,0.5,0.55,1974,1974,1.0,1.0,1.0,1.0,183,5,4.0600000000000004e-05
5a7f296f55429934daa2fd10,noise_gate,0.2,0.5,1974,1974,1.0,1.0,1.0,1.0,1113,5,0.0002266
5a7f296f55429934daa2fd10,noise_gate,0.25,0.5,1974,1974,1.0,1.0,1.0,1.0,1113,5,0.0002266
5a7f296f55429934daa2fd10,noise_gate,0.3,0.5,2004,1974,0.0,0.0,0.0,0.0,967,5,0.0001974
5a7f296f55429934daa2fd10,noise_gate,0.35,0.5,2004,1974,0.0,0.0,0.0,0.0,967,5,0.0001974
5a7f296f55429934daa2fd10,noise_gate,0.5,0.5,1974,1974,1.0,1.0,1.0,1.0,183,5,4.0600000000000004e-05
5ae14b5c55429920d52343aa,noise_gate,0.2,0.55,Anderson Silva,Anderson Silva,1.0,1.0,1.0,1.0,1699,6,0.00034460000000000003
5ae14b5c55429920d52343aa,noise_gate,0.25,0.55,Anderson Silva,Anderson Silva,1.0,1.0,1.0,1.0,1699,6,0.00034460000000000003
5ae14b5c55429920d52343aa,noise_gate,0.3,0.55,Anderson Silva,Anderson Silva,1.0,1.0,1.0,1.0,1596,6,0.00032400000000000007
5ae14b5c55429920d52343aa,noise_gate,0.35,0.55,Anderson Silva,Anderson Silva,1.0,1.0,1.0,1.0,1172,6,0.00023920000000000001
5ae14b5c55429920d52343aa,noise_gate,0.5,0.55,Anderson Silva,Anderson Silva,1.0,1.0,1.0,1.0,439,6,9.26e-05
5ae14b5c55429920d52343aa,noise_gate,0.2,0.5,Anderson Silva,Anderson Silva,1.0,1.0,1.0,1.0,1699,6,0.00034460000000000003
5ae14b5c55429920d52343aa,noise_gate,0.25,0.5,Anderson Silva,Anderson Silva,1.0,1.0,1.0,1.0,1699,6,0.00034460000000000003
5ae14b5c55429920d52343aa,noise_gate,0.3,0.5,Anderson Silva,Anderson Silva,1.0,1.0,1.0,1.0,1596,6,0.00032400000000000007
5ae14b5c55429920d52343aa,noise_gate,0.35,0.5,Anderson Silva,Anderson Silva,1.0,1.0,1.0,1.0,1172,6,0.00023920000000000001
5ae14b5c55429920d52343aa,noise_gate,0.5,0.5,Anderson Silva,Anderson Silva,1.0,1.0,1.0,1.0,439,6,9.26e-05
5a88b3b4554299206df2b336,noise_gate,0.2,0.55,opera,music,0.0,0.0,0.0,0.0,604,4,0.000124
5a88b3b4554299206df2b336,noise_gate,0.25,0.55,opera,music,0.0,0.0,0.0,0.0,450,4,9.32e-05
5a88b3b4554299206df2b336,noise_gate,0.3,0.55,opera,music,0.0,0.0,0.0,0.0,332,4,6.96e-05
5a88b3b4554299206df2b336,noise_gate,0.35,0.55,opera,music,0.0,0.0,0.0,0.0,269,10,6.180000000000001e-05
5a88b3b4554299206df2b336,noise_gate,0.5,0.55,opera,music,0.0,0.0,0.0,0.0,236,10,5.52e-05
5a88b3b4554299206df2b336,noise_gate,0.2,0.5,opera,music,0.0,0.0,0.0,0.0,604,4,0.000124
5a88b3b4554299206df2b336,noise_gate,0.25,0.5,opera,music,0.0,0.0,0.0,0.0,450,4,9.32e-05
5a88b3b4554299206df2b336,noise_gate,0.3,0.5,opera,music,0.0,0.0,0.0,0.0,332,4,6.96e-05
5a88b3b4554299206df2b336,noise_gate,0.35,0.5,opera,music,0.0,0.0,0.0,0.0,269,4,5.700000000000001e-05
5a88b3b4554299206df2b336,noise_gate,0.5,0.5,opera,music,0.0,0.0,0.0,0.0,236,4,5.0400000000000005e-05
5add67705542992ae4cec54f,noise_gate,0.2,0.55,Rafael dos Anjos,Rafael Souza dos Anjos,0.0,0.8571428571428571,1.0,0.75,1757,8,0.0003578
5add67705542992ae4cec54f,noise_gate,0.25,0.55,Rafael dos Anjos,Rafael Souza dos Anjos,0.0,0.8571428571428571,1.0,0.75,1757,8,0.0003578
5add67705542992ae4cec54f,noise_gate,0.3,0.55,Rafael dos Anjos,Rafael Souza dos Anjos,0.0,0.8571428571428571,1.0,0.75,1757,8,0.0003578
5add67705542992ae4cec54f,noise_gate,0.35,0.55,Rafael dos Anjos,Rafael Souza dos Anjos,0.0,0.8571428571428571,1.0,0.75,1142,8,0.0002348
5add67705542992ae4cec54f,noise_gate,0.5,0.55,Rafael Dos Anjos,Rafael Souza dos Anjos,0.0,0.8571428571428571,1.0,0.75,388,8,8.400000000000001e-05
5add67705542992ae4cec54f,noise_gate,0.2,0.5,Rafael dos Anjos,Rafael Souza dos Anjos,0.0,0.8571428571428571,1.0,0.75,1757,8,0.0003578
5add67705542992ae4cec54f,noise_gate,0.25,0.5,Rafael dos Anjos,Rafael Souza dos Anjos,0.0,0.8571428571428571,1.0,0.75,1757,8,0.0003578
5add67705542992ae4cec54f,noise_gate,0.3,0.5,Rafael dos Anjos,Rafael Souza dos Anjos,0.0,0.8571428571428571,1.0,0.75,1757,8,0.0003578
5add67705542992ae4cec54f,noise_gate,0.35,0.5,Rafael dos Anjos,Rafael Souza dos Anjos,0.0,0.8571428571428571,1.0,0.75,1142,8,0.0002348
5add67705542992ae4cec54f,noise_gate,0.5,0.5,Rafael Dos Anjos,Rafael Souza dos Anjos,0.0,0.8571428571428571,1.0,0.75,388,8,8.400000000000001e-05
5a875fee5542996e4f3087ab,noise_gate,0.2,0.55,Lysiloma,Lysiloma,1.0,1.0,1.0,1.0,1366,7,0.00027879999999999995
5a875fee5542996e4f3087ab,noise_gate,0.25,0.55,Lysiloma,Lysiloma,1.0,1.0,1.0,1.0,1366,7,0.00027879999999999995
5a875fee5542996e4f3087ab,noise_gate,0.3,0.55,Lysiloma,Lysiloma,1.0,1.0,1.0,1.0,1214,7,0.0002484
5a875fee5542996e4f3087ab,noise_gate,0.35,0.55,Lysiloma,Lysiloma,1.0,1.0,1.0,1.0,781,7,0.00016180000000000003
5a875fee5542996e4f3087ab,noise_gate,0.5,0.55,Lysiloma,Lysiloma,1.0,1.0,1.0,1.0,239,7,5.3400000000000004e-05
5a875fee5542996e4f3087ab,noise_gate,0.2,0.5,Lysiloma,Lysiloma,1.0,1.0,1.0,1.0,1366,7,0.00027879999999999995
5a875fee5542996e4f3087ab,noise_gate,0.25,0.5,Lysiloma,Lysiloma,1.0,1.0,1.0,1.0,1366,7,0.00027879999999999995
5a875fee5542996e4f3087ab,noise_gate,0.3,0.5,Lysiloma,Lysiloma,1.0,1.0,1.0,1.0,1214,7,0.0002484
5a875fee5542996e4f3087ab,noise_gate,0.35,0.5,Lysiloma,Lysiloma,1.0,1.0,1.0,1.0,781,7,0.00016180000000000003
5a875fee5542996e4f3087ab,noise_gate,0.5,0.5,Lysiloma,Lysiloma,1.0,1.0,1.0,1.0,239,7,5.3400000000000004e-05
5ab2b630554299545a2cfa17,noise_gate,0.2,0.55,yes,yes,1.0,1.0,1.0,1.0,1168,4,0.0002368
5ab2b630554299545a2cfa17,noise_gate,0.25,0.55,yes,yes,1.0,1.0,1.0,1.0,1040,4,0.00021119999999999998
5ab2b630554299545a2cfa17,noise_gate,0.3,0.55,yes,yes,1.0,1.0,1.0,1.0,639,4,0.000131
5ab2b630554299545a2cfa17,noise_gate,0.35,0.55,yes,yes,1.0,1.0,1.0,1.0,579,4,0.000119
5ab2b630554299545a2cfa17,noise_gate,0.5,0.55,yes,yes,1.0,1.0,1.0,1.0,384,4,8e-05
5ab2b630554299545a2cfa17,noise_gate,0.2,0.5,yes,yes,1.0,1.0,1.0,1.0,1168,4,0.0002368
5ab2b630554299545a2cfa17,noise_gate,0.25,0.5,yes,yes,1.0,1.0,1.0,1.0,1040,4,0.00021119999999999998
5ab2b630554299545a2cfa17,noise_gate,0.3,0.5,yes,yes,1.0,1.0,1.0,1.0,639,4,0.000131
5ab2b630554299545a2cfa17,noise_gate,0.35,0.5,yes,yes,1.0,1.0,1.0,1.0,579,4,0.000119
5ab2b630554299545a2cfa17,noise_gate,0.5,0.5,yes,yes,1.0,1.0,1.0,1.0,384,4,8e-05
5a851ba95542997175ce1f81,noise_gate,0.2,0.55,Dallas,Dallas,1.0,1.0,1.0,1.0,1422,4,0.00028760000000000005
5a851ba95542997175ce1f81,noise_gate,0.25,0.55,Dallas,Dallas,1.0,1.0,1.0,1.0,1422,4,0.00028760000000000005
5a851ba95542997175ce1f81,noise_gate,0.3,0.55,Dallas,Dallas,1.0,1.0,1.0,1.0,1422,4,0.00028760000000000005
5a851ba95542997175ce1f81,noise_gate,0.35,0.55,Dallas,Dallas,1.0,1.0,1.0,1.0,1379,4,0.00027900000000000006
5a851ba95542997175ce1f81,noise_gate,0.5,0.55,Dallas,Dallas,1.0,1.0,1.0,1.0,717,4,0.0001466
5a851ba95542997175ce1f81,noise_gate,0.2,0.5,Dallas,Dallas,1.0,1.0,1.0,1.0,1422,4,0.00028760000000000005
5a851ba95542997175ce1f81,noise_gate,0.25,0.5,Dallas,Dallas,1.0,1.0,1.0,1.0,1422,4,0.00028760000000000005
5a851ba95542997175ce1f81,noise_gate,0.3,0.5,Dallas,Dallas,1.0,1.0,1.0,1.0,1422,4,0.00028760000000000005
5a851ba95542997175ce1f81,noise_gate,0.35,0.5,Dallas,Dallas,1.0,1.0,1.0,1.0,1379,4,0.00027900000000000006
5a851ba95542997175ce1f81,noise_gate,0.5,0.5,Dallas,Dallas,1.0,1.0,1.0,1.0,717,4,0.0001466
5ae1d0e8554299234fd0430a,noise_gate,0.2,0.55,Guthred,Guthred or Guthfrith,0.0,0.5,1.0,0.3333333333333333,1325,6,0.0002698
5ae1d0e8554299234fd0430a,noise_gate,0.25,0.55,Guthred,Guthred or Guthfrith,0.0,0.5,1.0,0.3333333333333333,1325,6,0.0002698
5ae1d0e8554299234fd0430a,noise_gate,0.3,0.55,Guthred,Guthred or Guthfrith,0.0,0.5,1.0,0.3333333333333333,1325,6,0.0002698
5ae1d0e8554299234fd0430a,noise_gate,0.35,0.55,Guthred,Guthred or Guthfrith,0.0,0.5,1.0,0.3333333333333333,1325,6,0.0002698
5ae1d0e8554299234fd0430a,noise_gate,0.5,0.55,Guthred,Guthred or Guthfrith,0.0,0.5,1.0,0.3333333333333333,783,6,0.00016140000000000002
5ae1d0e8554299234fd0430a,noise_gate,0.2,0.5,Guthred,Guthred or Guthfrith,0.0,0.5,1.0,0.3333333333333333,1325,6,0.0002698
5ae1d0e8554299234fd0430a,noise_gate,0.25,0.5,Guthred,Guthred or Guthfrith,0.0,0.5,1.0,0.3333333333333333,1325,6,0.0002698
5ae1d0e8554299234fd0430a,noise_gate,0.3,0.5,Guthred,Guthred or Guthfrith,0.0,0.5,1.0,0.3333333333333333,1325,6,0.0002698
5ae1d0e8554299234fd0430a,noise_gate,0.35,0.5,Guthred,Guthred or Guthfrith,0.0,0.5,1.0,0.3333333333333333,1325,6,0.0002698
5ae1d0e8554299234fd0430a,noise_gate,0.5,0.5,Guthred,Guthred or Guthfrith,0.0,0.5,1.0,0.3333333333333333,783,6,0.00016140000000000002
5ae1ebf95542997283cd22f2,noise_gate,0.2,0.55,Interstate 22,Interstate 22,1.0,1.0,1.0,1.0,1755,7,0.0003566
5ae1ebf95542997283cd22f2,noise_gate,0.25,0.55,Interstate 22,Interstate 22,1.0,1.0,1.0,1.0,1755,7,0.0003566
5ae1ebf95542997283cd22f2,noise_gate,0.3,0.55,Interstate 22,Interstate 22,1.0,1.0,1.0,1.0,1516,7,0.0003088
5ae1ebf95542997283cd22f2,noise_gate,0.35,0.55,Interstate 22,Interstate 22,1.0,1.0,1.0,1.0,1140,7,0.0002336
5ae1ebf95542997283cd22f2,noise_gate,0.5,0.55,Interstate 22,Interstate 22,1.0,1.0,1.0,1.0,864,7,0.0001784
5ae1ebf95542997283cd22f2,noise_gate,0.2,0.5,Interstate 22,Interstate 22,1.0,1.0,1.0,1.0,1755,7,0.0003566
5ae1ebf95542997283cd22f2,noise_gate,0.25,0.5,Interstate 22,Interstate 22,1.0,1.0,1.0,1.0,1755,7,0.0003566
5ae1ebf95542997283cd22f2,noise_gate,0.3,0.5,Interstate 22,Interstate 22,1.0,1.0,1.0,1.0,1516,7,0.0003088
5ae1ebf95542997283cd22f2,noise_gate,0.35,0.5,Interstate 22,Interstate 22,1.0,1.0,1.0,1.0,1140,7,0.0002336
5ae1ebf95542997283cd22f2,noise_gate,0.5,0.5,Interstate 22,Interstate 22,1.0,1.0,1.0,1.0,864,7,0.0001784
5a81d0515542990a1d231ed4,noise_gate,0.2,0.55,Flamingo Las Vegas,"Las Vegas Strip in Paradise, Nevada",0.0,0.4444444444444444,0.6666666666666666,0.3333333333333333,918,8,0.00019
5a81d0515542990a1d231ed4,noise_gate,0.25,0.55,Flamingo Las Vegas,"Las Vegas Strip in Paradise, Nevada",0.0,0.4444444444444444,0.6666666666666666,0.3333333333333333,665,8,0.0001394
5a81d0515542990a1d231ed4,noise_gate,0.3,0.55,Flamingo Las Vegas,"Las Vegas Strip in Paradise, Nevada",0.0,0.4444444444444444,0.6666666666666666,0.3333333333333333,553,8,0.00011700000000000001
5a81d0515542990a1d231ed4,noise_gate,0.35,0.55,Flamingo Las Vegas,"Las Vegas Strip in Paradise, Nevada",0.0,0.4444444444444444,0.6666666666666666,0.3333333333333333,177,8,4.18e-05
5a81d0515542990a1d231ed4,noise_gate,0.5,0.55,Flamingo Las Vegas,"Las Vegas Strip in Paradise, Nevada",0.0,0.4444444444444444,0.6666666666666666,0.3333333333333333,177,8,4.18e-05
5a81d0515542990a1d231ed4,noise_gate,0.2,0.5,Flamingo Las Vegas,"Las Vegas Strip in Paradise, Nevada",0.0,0.4444444444444444,0.6666666666666666,0.3333333333333333,918,8,0.00019
5a81d0515542990a1d231ed4,noise_gate,0.25,0.5,Flamingo Las Vegas,"Las Vegas Strip in Paradise, Nevada",0.0,0.4444444444444444,0.6666666666666666,0.3333333333333333,665,8,0.0001394
5a81d0515542990a1d231ed4,noise_gate,0.3,0.5,"Donny & Marie Showroom, at the Flamingo Las Vegas","Las Vegas Strip in Paradise, Nevada",0.0,0.30769230769230765,0.2857142857142857,0.3333333333333333,553,16,0.00012340000000000002
5a81d0515542990a1d231ed4,noise_gate,0.35,0.5,Flamingo Las Vegas,"Las Vegas Strip in Paradise, Nevada",0.0,0.4444444444444444,0.6666666666666666,0.3333333333333333,177,8,4.18e-05
5a81d0515542990a1d231ed4,noise_gate,0.5,0.5,Flamingo Las Vegas,"Las Vegas Strip in Paradise, Nevada",0.0,0.4444444444444444,0.6666666666666666,0.3333333333333333,177,8,4.18e-05
5ae35e8c5542990afbd1e120,noise_gate,0.2,0.55,Jeff Meldrum,"Don Jeffrey ""Jeff"" Meldrum (born May 24, 1958) is a Professor of Anatomy and Anthropology",0.0,0.25,1.0,0.14285714285714285,1091,6,0.00022300000000000003
5ae35e8c5542990afbd1e120,noise_gate,0.25,0.55,Jeff Meldrum,"Don Jeffrey ""Jeff"" Meldrum (born May 24, 1958) is a Professor of Anatomy and Anthropology",0.0,0.25,1.0,0.14285714285714285,1091,6,0.00022300000000000003
5ae35e8c5542990afbd1e120,noise_gate,0.3,0.55,Jeff Meldrum,"Don Jeffrey ""Jeff"" Meldrum (born May 24, 1958) is a Professor of Anatomy and Anthropology",0.0,0.25,1.0,0.14285714285714285,959,6,0.0001966
5ae35e8c5542990afbd1e120,noise_gate,0.35,0.55,Jeff Meldrum,"Don Jeffrey ""Jeff"" Meldrum (born May 24, 1958) is a Professor of Anatomy and Anthropology",0.0,0.25,1.0,0.14285714285714285,441,6,9.3e-05
5ae35e8c5542990afbd1e120,noise_gate,0.5,0.55,Jeff Meldrum,"Don Jeffrey ""Jeff"" Meldrum (born May 24, 1958) is a Professor of Anatomy and Anthropology",0.0,0.25,1.0,0.14285714285714285,243,6,5.3400000000000004e-05
5ae35e8c5542990afbd1e120,noise_gate,0.2,0.5,Jeff Meldrum,"Don Jeffrey ""Jeff"" Meldrum (born May 24, 1958) is a Professor of Anatomy and Anthropology",0.0,0.25,1.0,0.14285714285714285,1091,6,0.00022300000000000003
5ae35e8c5542990afbd1e120,noise_gate,0.25,0.5,Jeff Meldrum,"Don Jeffrey ""Jeff"" Meldrum (born May 24, 1958) is a Professor of Anatomy and Anthropology",0.0,0.25,1.0,0.14285714285714285,1091,6,0.00022300000000000003
5ae35e8c5542990afbd1e120,noise_gate,0.3,0.5,Jeff Meldrum,"Don Jeffrey ""Jeff"" Meldrum (born May 24, 1958) is a Professor of Anatomy and Anthropology",0.0,0.25,1.0,0.14285714285714285,959,6,0.0001966
5ae35e8c5542990afbd1e120,noise_gate,0.35,0.5,Jeff Meldrum,"Don Jeffrey ""Jeff"" Meldrum (born May 24, 1958) is a Professor of Anatomy and Anthropology",0.0,0.25,1.0,0.14285714285714285,441,6,9.3e-05
5ae35e8c5542990afbd1e120,noise_gate,0.5,0.5,Jeff Meldrum,"Don Jeffrey ""Jeff"" Meldrum (born May 24, 1958) is a Professor of Anatomy and Anthropology",0.0,0.25,1.0,0.14285714285714285,243,6,5.3400000000000004e-05
5a87ed5b5542994846c1cdfc,noise_gate,0.2,0.55,GNU GPLv3,GNU GPLv3,1.0,1.0,1.0,1.0,1475,7,0.00030060000000000004
5a87ed5b5542994846c1cdfc,noise_gate,0.25,0.55,GNU GPLv3,GNU GPLv3,1.0,1.0,1.0,1.0,1475,7,0.00030060000000000004
5a87ed5b5542994846c1cdfc,noise_gate,0.3,0.55,GNU GPLv3,GNU GPLv3,1.0,1.0,1.0,1.0,1244,13,0.0002592
5a87ed5b5542994846c1cdfc,noise_gate,0.35,0.55,GNU GPLv3 license,GNU GPLv3,0.0,0.8,0.6666666666666666,1.0,1244,8,0.0002552
5a87ed5b5542994846c1cdfc,noise_gate,0.5,0.55,GNU GPLv3 license,GNU GPLv3,0.0,0.8,0.6666666666666666,1.0,599,8,0.0001262
5a87ed5b5542994846c1cdfc,noise_gate,0.2,0.5,GNU GPLv3,GNU GPLv3,1.0,1.0,1.0,1.0,1475,7,0.00030060000000000004
5a87ed5b5542994846c1cdfc,noise_gate,0.25,0.5,GNU GPLv3,GNU GPLv3,1.0,1.0,1.0,1.0,1475,13,0.0003054
5a87ed5b5542994846c1cdfc,noise_gate,0.3,0.5,GNU GPLv3,GNU GPLv3,1.0,1.0,1.0,1.0,1244,7,0.0002544
5a87ed5b5542994846c1cdfc,noise_gate,0.35,0.5,GNU GPLv3,GNU GPLv3,1.0,1.0,1.0,1.0,1244,7,0.0002544
5a87ed5b5542994846c1cdfc,noise_gate,0.5,0.5,"GNU GPLv3
",GNU GPLv3,1.0,1.0,1.0,1.0,599,8,0.0001262
5abc41315542993a06baf8bb,noise_gate,0.2,0.55,Julie Taymor,Julie Taymor,1.0,1.0,1.0,1.0,886,6,0.00018200000000000003
5abc41315542993a06baf8bb,noise_gate,0.25,0.55,Julie Taymor,Julie Taymor,1.0,1.0,1.0,1.0,886,6,0.00018200000000000003
5abc41315542993a06baf8bb,noise_gate,0.3,0.55,Julie Taymor,Julie Taymor,1.0,1.0,1.0,1.0,802,6,0.0001652
5abc41315542993a06baf8bb,noise_gate,0.35,0.55,Julie Taymor,Julie Taymor,1.0,1.0,1.0,1.0,661,6,0.00013700000000000002
5abc41315542993a06baf8bb,noise_gate,0.5,0.55,Julie Taymor,Julie Taymor,1.0,1.0,1.0,1.0,189,6,4.2600000000000005e-05
5abc41315542993a06baf8bb,noise_gate,0.2,0.5,Julie Taymor,Julie Taymor,1.0,1.0,1.0,1.0,886,6,0.00018200000000000003
5abc41315542993a06baf8bb,noise_gate,0.25,0.5,Julie Taymor,Julie Taymor,1.0,1.0,1.0,1.0,886,6,0.00018200000000000003
5abc41315542993a06baf8bb,noise_gate,0.3,0.5,Julie Taymor,Julie Taymor,1.0,1.0,1.0,1.0,802,6,0.0001652
5abc41315542993a06baf8bb,noise_gate,0.35,0.5,Julie Taymor,Julie Taymor,1.0,1.0,1.0,1.0,661,6,0.00013700000000000002
5abc41315542993a06baf8bb,noise_gate,0.5,0.5,Julie Taymor,Julie Taymor,1.0,1.0,1.0,1.0,189,6,4.2600000000000005e-05
5a7be1ab5542997c3ec972a9,noise_gate,0.2,0.55,Fortean subjects,Fortean,0.0,0.6666666666666666,0.5,1.0,1081,7,0.00022180000000000002
5a7be1ab5542997c3ec972a9,noise_gate,0.25,0.55,Fortean subjects,Fortean,0.0,0.6666666666666666,0.5,1.0,1081,7,0.00022180000000000002
5a7be1ab5542997c3ec972a9,noise_gate,0.3,0.55,Fortean subjects,Fortean,0.0,0.6666666666666666,0.5,1.0,867,7,0.00017900000000000001
5a7be1ab5542997c3ec972a9,noise_gate,0.35,0.55,Fortean subjects,Fortean,0.0,0.6666666666666666,0.5,1.0,867,7,0.00017900000000000001
5a7be1ab5542997c3ec972a9,noise_gate,0.5,0.55,Fortean subjects,Fortean,0.0,0.6666666666666666,0.5,1.0,677,7,0.000141
5a7be1ab5542997c3ec972a9,noise_gate,0.2,0.5,Fortean subjects,Fortean,0.0,0.6666666666666666,0.5,1.0,1081,7,0.00022180000000000002
5a7be1ab5542997c3ec972a9,noise_gate,0.25,0.5,Fortean subjects,Fortean,0.0,0.6666666666666666,0.5,1.0,1081,7,0.00022180000000000002
5a7be1ab5542997c3ec972a9,noise_gate,0.3,0.5,Fortean subjects,Fortean,0.0,0.6666666666666666,0.5,1.0,867,7,0.00017900000000000001
5a7be1ab5542997c3ec972a9,noise_gate,0.35,0.5,Fortean subjects,Fortean,0.0,0.6666666666666666,0.5,1.0,867,7,0.00017900000000000001
5a7be1ab5542997c3ec972a9,noise_gate,0.5,0.5,Fortean subjects,Fortean,0.0,0.6666666666666666,0.5,1.0,677,7,0.000141
5a840e395542992ef85e239d,noise_gate,0.2,0.55,no,no,1.0,1.0,1.0,1.0,917,4,0.0001866
5a840e395542992ef85e239d,noise_gate,0.25,0.55,no,no,1.0,1.0,1.0,1.0,483,4,9.98e-05
5a840e395542992ef85e239d,noise_gate,0.3,0.55,no,no,1.0,1.0,1.0,1.0,483,4,9.98e-05
5a840e395542992ef85e239d,noise_gate,0.35,0.55,no,no,1.0,1.0,1.0,1.0,452,4,9.36e-05
5a840e395542992ef85e239d,noise_gate,0.5,0.55,no,no,1.0,1.0,1.0,1.0,228,4,4.880000000000001e-05
5a840e395542992ef85e239d,noise_gate,0.2,0.5,no,no,1.0,1.0,1.0,1.0,917,4,0.0001866
5a840e395542992ef85e239d,noise_gate,0.25,0.5,no,no,1.0,1.0,1.0,1.0,483,4,9.98e-05
5a840e395542992ef85e239d,noise_gate,0.3,0.5,no,no,1.0,1.0,1.0,1.0,483,4,9.98e-05
5a840e395542992ef85e239d,noise_gate,0.35,0.5,no,no,1.0,1.0,1.0,1.0,452,4,9.36e-05
5a840e395542992ef85e239d,noise_gate,0.5,0.5,no,no,1.0,1.0,1.0,1.0,228,4,4.880000000000001e-05
5ae8167b55429952e35eaa06,noise_gate,0.2,0.55,Battle of the Rosebud,Battle of the Rosebud,1.0,1.0,1.0,1.0,1262,8,0.0002588
5ae8167b55429952e35eaa06,noise_gate,0.25,0.55,Battle of the Rosebud,Battle of the Rosebud,1.0,1.0,1.0,1.0,1262,8,0.0002588
5ae8167b55429952e35eaa06,noise_gate,0.3,0.55,Battle of the Rosebud,Battle of the Rosebud,1.0,1.0,1.0,1.0,1144,8,0.0002352
5ae8167b55429952e35eaa06,noise_gate,0.35,0.55,Battle of the Rosebud,Battle of the Rosebud,1.0,1.0,1.0,1.0,433,8,9.300000000000001e-05
5ae8167b55429952e35eaa06,noise_gate,0.5,0.55,Battle of the Rosebud,Battle of the Rosebud,1.0,1.0,1.0,1.0,296,8,6.560000000000001e-05
5ae8167b55429952e35eaa06,noise_gate,0.2,0.5,Battle of the Rosebud,Battle of the Rosebud,1.0,1.0,1.0,1.0,1262,8,0.0002588
5ae8167b55429952e35eaa06,noise_gate,0.25,0.5,Battle of the Rosebud,Battle of the Rosebud,1.0,1.0,1.0,1.0,1262,8,0.0002588
5ae8167b55429952e35eaa06,noise_gate,0.3,0.5,Battle of the Rosebud,Battle of the Rosebud,1.0,1.0,1.0,1.0,1144,8,0.0002352
5ae8167b55429952e35eaa06,noise_gate,0.35,0.5,Battle of the Rosebud,Battle of the Rosebud,1.0,1.0,1.0,1.0,433,8,9.300000000000001e-05
5ae8167b55429952e35eaa06,noise_gate,0.5,0.5,Battle of the Rosebud,Battle of the Rosebud,1.0,1.0,1.0,1.0,296,8,6.560000000000001e-05
5a776a805542993735360269,noise_gate,0.2,0.55,Double Agent,Double Agent,1.0,1.0,1.0,1.0,1572,5,0.00031840000000000004
5a776a805542993735360269,noise_gate,0.25,0.55,Double Agent,Double Agent,1.0,1.0,1.0,1.0,1572,5,0.00031840000000000004
5a776a805542993735360269,noise_gate,0.3,0.55,Double Agent,Double Agent,1.0,1.0,1.0,1.0,725,5,0.000149
5a776a805542993735360269,noise_gate,0.35,0.55,noanswer,Double Agent,0.0,0.0,0.0,0.0,353,5,7.460000000000001e-05
5a776a805542993735360269,noise_gate,0.5,0.55,The Princess Bride,Double Agent,0.0,0.0,0.0,0.0,197,6,4.420000000000001e-05
5a776a805542993735360269,noise_gate,0.2,0.5,Double Agent,Double Agent,1.0,1.0,1.0,1.0,1572,5,0.00031840000000000004
5a776a805542993735360269,noise_gate,0.25,0.5,Double Agent,Double Agent,1.0,1.0,1.0,1.0,1572,5,0.00031840000000000004
5a776a805542993735360269,noise_gate,0.3,0.5,Double Agent,Double Agent,1.0,1.0,1.0,1.0,725,5,0.000149
5a776a805542993735360269,noise_gate,0.35,0.5,Big John Studd,Double Agent,0.0,0.0,0.0,0.0,353,7,7.620000000000001e-05
5a776a805542993735360269,noise_gate,0.5,0.5,The Garbage Pail Kids Movie,Double Agent,0.0,0.0,0.0,0.0,197,9,4.660000000000001e-05
5ab4b9f75542990594ba9ca4,noise_gate,0.2,0.55,People!,People! and The Carnabeats,0.0,0.5,1.0,0.3333333333333333,1949,5,0.0003938
5ab4b9f75542990594ba9ca4,noise_gate,0.25,0.55,People!,People! and The Carnabeats,0.0,0.5,1.0,0.3333333333333333,1668,5,0.0003376
5ab4b9f75542990594ba9ca4,noise_gate,0.3,0.55,People!,People! and The Carnabeats,0.0,0.5,1.0,0.3333333333333333,1247,5,0.0002534
5ab4b9f75542990594ba9ca4,noise_gate,0.35,0.55,People!,People! and The Carnabeats,0.0,0.5,1.0,0.3333333333333333,1092,5,0.00022239999999999998
5ab4b9f75542990594ba9ca4,noise_gate,0.5,0.55,People! and The Carnabeats,People! and The Carnabeats,1.0,1.0,1.0,1.0,166,10,4.12e-05
5ab4b9f75542990594ba9ca4,noise_gate,0.2,0.5,People!,People! and The Carnabeats,0.0,0.5,1.0,0.3333333333333333,1949,5,0.0003938
5ab4b9f75542990594ba9ca4,noise_gate,0.25,0.5,People!,People! and The Carnabeats,0.0,0.5,1.0,0.3333333333333333,1668,5,0.0003376
5ab4b9f75542990594ba9ca4,noise_gate,0.3,0.5,People!,People! and The Carnabeats,0.0,0.5,1.0,0.3333333333333333,1247,5,0.0002534
5ab4b9f75542990594ba9ca4,noise_gate,0.35,0.5,People!,People! and The Carnabeats,0.0,0.5,1.0,0.3333333333333333,1092,5,0.00022239999999999998
5ab4b9f75542990594ba9ca4,noise_gate,0.5,0.5,People! and The Carnabeats,People! and The Carnabeats,1.0,1.0,1.0,1.0,166,10,4.12e-05
5a78e3b955429974737f78f1,noise_gate,0.2,0.55,Sherwood Stewart,Sherwood Stewart,1.0,1.0,1.0,1.0,473,6,9.94e-05
5a78e3b955429974737f78f1,noise_gate,0.25,0.55,Sherwood Stewart,Sherwood Stewart,1.0,1.0,1.0,1.0,404,6,8.560000000000001e-05
5a78e3b955429974737f78f1,noise_gate,0.3,0.55,Sherwood Stewart,Sherwood Stewart,1.0,1.0,1.0,1.0,350,6,7.479999999999999e-05
5a78e3b955429974737f78f1,noise_gate,0.35,0.55,Sherwood Stewart,Sherwood Stewart,1.0,1.0,1.0,1.0,308,6,6.64e-05
5a78e3b955429974737f78f1,noise_gate,0.5,0.55,Sherwood Stewart,Sherwood Stewart,1.0,1.0,1.0,1.0,204,6,4.5600000000000004e-05
5a78e3b955429974737f78f1,noise_gate,0.2,0.5,Sherwood Stewart,Sherwood Stewart,1.0,1.0,1.0,1.0,473,6,9.94e-05
5a78e3b955429974737f78f1,noise_gate,0.25,0.5,Sherwood Stewart,Sherwood Stewart,1.0,1.0,1.0,1.0,404,6,8.560000000000001e-05
5a78e3b955429974737f78f1,noise_gate,0.3,0.5,Sherwood Stewart,Sherwood Stewart,1.0,1.0,1.0,1.0,350,6,7.479999999999999e-05
5a78e3b955429974737f78f1,noise_gate,0.35,0.5,Sherwood Stewart,Sherwood Stewart,1.0,1.0,1.0,1.0,308,6,6.64e-05
5a78e3b955429974737f78f1,noise_gate,0.5,0.5,Sherwood Stewart,Sherwood Stewart,1.0,1.0,1.0,1.0,204,6,4.5600000000000004e-05
5a851b0d5542997175ce1f7f,noise_gate,0.2,0.55,yes,yes,1.0,1.0,1.0,1.0,1339,4,0.00027100000000000003
5a851b0d5542997175ce1f7f,noise_gate,0.25,0.55,yes,yes,1.0,1.0,1.0,1.0,1339,4,0.00027100000000000003
5a851b0d5542997175ce1f7f,noise_gate,0.3,0.55,yes,yes,1.0,1.0,1.0,1.0,1339,4,0.00027100000000000003
5a851b0d5542997175ce1f7f,noise_gate,0.35,0.55,yes,yes,1.0,1.0,1.0,1.0,1098,4,0.00022280000000000002
5a851b0d5542997175ce1f7f,noise_gate,0.5,0.55,yes,yes,1.0,1.0,1.0,1.0,371,4,7.74e-05
5a851b0d5542997175ce1f7f,noise_gate,0.2,0.5,yes,yes,1.0,1.0,1.0,1.0,1339,4,0.00027100000000000003
5a851b0d5542997175ce1f7f,noise_gate,0.25,0.5,yes,yes,1.0,1.0,1.0,1.0,1339,4,0.00027100000000000003
5a851b0d5542997175ce1f7f,noise_gate,0.3,0.5,yes,yes,1.0,1.0,1.0,1.0,1339,4,0.00027100000000000003
5a851b0d5542997175ce1f7f,noise_gate,0.35,0.5,yes,yes,1.0,1.0,1.0,1.0,1098,4,0.00022280000000000002
5a851b0d5542997175ce1f7f,noise_gate,0.5,0.5,yes,yes,1.0,1.0,1.0,1.0,371,4,7.74e-05
5a78b5f7554299148911f95b,noise_gate,0.2,0.55,Todd McFarlane,Todd McFarlane,1.0,1.0,1.0,1.0,1076,8,0.00022160000000000002
5a78b5f7554299148911f95b,noise_gate,0.25,0.55,Todd McFarlane,Todd McFarlane,1.0,1.0,1.0,1.0,931,8,0.00019260000000000002
5a78b5f7554299148911f95b,noise_gate,0.3,0.55,Todd McFarlane,Todd McFarlane,1.0,1.0,1.0,1.0,668,8,0.00014
5a78b5f7554299148911f95b,noise_gate,0.35,0.55,Todd McFarlane,Todd McFarlane,1.0,1.0,1.0,1.0,668,8,0.00014
5a78b5f7554299148911f95b,noise_gate,0.5,0.55,Todd McFarlane,Todd McFarlane,1.0,1.0,1.0,1.0,351,8,7.66e-05
5a78b5f7554299148911f95b,noise_gate,0.2,0.5,Todd McFarlane,Todd McFarlane,1.0,1.0,1.0,1.0,1076,8,0.00022160000000000002
5a78b5f7554299148911f95b,noise_gate,0.25,0.5,Todd McFarlane,Todd McFarlane,1.0,1.0,1.0,1.0,931,8,0.00019260000000000002
5a78b5f7554299148911f95b,noise_gate,0.3,0.5,Todd McFarlane,Todd McFarlane,1.0,1.0,1.0,1.0,668,8,0.00014
5a78b5f7554299148911f95b,noise_gate,0.35,0.5,Todd McFarlane,Todd McFarlane,1.0,1.0,1.0,1.0,668,8,0.00014
5a78b5f7554299148911f95b,noise_gate,0.5,0.5,Todd McFarlane,Todd McFarlane,1.0,1.0,1.0,1.0,351,8,7.66e-05
5ab4304a55429942dd415ec5,noise_gate,0.2,0.55,South America,South America,1.0,1.0,1.0,1.0,527,5,0.0001094
5ab4304a55429942dd415ec5,noise_gate,0.25,0.55,South America,South America,1.0,1.0,1.0,1.0,466,5,9.72e-05
5ab4304a55429942dd415ec5,noise_gate,0.3,0.55,Argentina,South America,0.0,0.0,0.0,0.0,313,4,6.58e-05
5ab4304a55429942dd415ec5,noise_gate,0.35,0.55,Argentina,South America,0.0,0.0,0.0,0.0,313,4,6.58e-05
5ab4304a55429942dd415ec5,noise_gate,0.5,0.55,Argentina,South America,0.0,0.0,0.0,0.0,95,10,2.7e-05
5ab4304a55429942dd415ec5,noise_gate,0.2,0.5,South America,South America,1.0,1.0,1.0,1.0,527,5,0.0001094
5ab4304a55429942dd415ec5,noise_gate,0.25,0.5,South America,South America,1.0,1.0,1.0,1.0,466,5,9.72e-05
5ab4304a55429942dd415ec5,noise_gate,0.3,0.5,Argentina,South America,0.0,0.0,0.0,0.0,313,10,7.060000000000001e-05
5ab4304a55429942dd415ec5,noise_gate,0.35,0.5,South America,South America,1.0,1.0,1.0,1.0,313,5,6.66e-05
5ab4304a55429942dd415ec5,noise_gate,0.5,0.5,Brazil,South America,0.0,0.0,0.0,0.0,95,10,2.7e-05
5a72dcb45542992359bc31af,noise_gate,0.2,0.55,Aloe Vera of America,Aloe Vera of America,1.0,1.0,1.0,1.0,1470,8,0.0003004
5a72dcb45542992359bc31af,noise_gate,0.25,0.55,Aloe Vera of America,Aloe Vera of America,1.0,1.0,1.0,1.0,1470,8,0.0003004
5a72dcb45542992359bc31af,noise_gate,0.3,0.55,Forever Living Products,Aloe Vera of America,0.0,0.0,0.0,0.0,1337,6,0.00027220000000000006
5a72dcb45542992359bc31af,noise_gate,0.35,0.55,Forever Living Products,Aloe Vera of America,0.0,0.0,0.0,0.0,1080,6,0.0002208
5a72dcb45542992359bc31af,noise_gate,0.5,0.55,Forever Living Products,Aloe Vera of America,0.0,0.0,0.0,0.0,665,6,0.00013780000000000002
5a72dcb45542992359bc31af,noise_gate,0.2,0.5,Aloe Vera of America,Aloe Vera of America,1.0,1.0,1.0,1.0,1470,8,0.0003004
5a72dcb45542992359bc31af,noise_gate,0.25,0.5,Aloe Vera of America,Aloe Vera of America,1.0,1.0,1.0,1.0,1470,8,0.0003004
5a72dcb45542992359bc31af,noise_gate,0.3,0.5,Forever Living Products,Aloe Vera of America,0.0,0.0,0.0,0.0,1337,6,0.00027220000000000006
5a72dcb45542992359bc31af,noise_gate,0.35,0.5,Forever Living Products,Aloe Vera of America,0.0,0.0,0.0,0.0,1080,6,0.0002208
5a72dcb45542992359bc31af,noise_gate,0.5,0.5,Forever Living Products,Aloe Vera of America,0.0,0.0,0.0,0.0,665,6,0.00013780000000000002
5a7e0ed25542991319bc9424,noise_gate,0.2,0.55,"November 1, 2000","November 1, 2000",1.0,1.0,1.0,1.0,1029,10,0.00021380000000000002
5a7e0ed25542991319bc9424,noise_gate,0.25,0.55,"November 1, 2000","November 1, 2000",1.0,1.0,1.0,1.0,1029,10,0.00021380000000000002
5a7e0ed25542991319bc9424,noise_gate,0.3,0.55,"November 1, 2000","November 1, 2000",1.0,1.0,1.0,1.0,571,10,0.0001222
5a7e0ed25542991319bc9424,noise_gate,0.35,0.55,"November 1, 2000","November 1, 2000",1.0,1.0,1.0,1.0,571,10,0.0001222
5a7e0ed25542991319bc9424,noise_gate,0.5,0.55,"November 1, 2000","November 1, 2000",1.0,1.0,1.0,1.0,495,10,0.000107
5a7e0ed25542991319bc9424,noise_gate,0.2,0.5,"November 1, 2000","November 1, 2000",1.0,1.0,1.0,1.0,1029,10,0.00021380000000000002
5a7e0ed25542991319bc9424,noise_gate,0.25,0.5,"November 1, 2000","November 1, 2000",1.0,1.0,1.0,1.0,1029,10,0.00021380000000000002
5a7e0ed25542991319bc9424,noise_gate,0.3,0.5,"November 1, 2000","November 1, 2000",1.0,1.0,1.0,1.0,571,10,0.0001222
5a7e0ed25542991319bc9424,noise_gate,0.35,0.5,"November 1, 2000","November 1, 2000",1.0,1.0,1.0,1.0,571,10,0.0001222
5a7e0ed25542991319bc9424,noise_gate,0.5,0.5,"November 1, 2000","November 1, 2000",1.0,1.0,1.0,1.0,495,10,0.000107
5ab9e477554299232ef4a25d,noise_gate,0.2,0.55,Woolworth Building,Woolworth Building,1.0,1.0,1.0,1.0,1661,7,0.0003378000000000001
5ab9e477554299232ef4a25d,noise_gate,0.25,0.55,Woolworth Building,Woolworth Building,1.0,1.0,1.0,1.0,1538,7,0.0003132
5ab9e477554299232ef4a25d,noise_gate,0.3,0.55,Woolworth Building,Woolworth Building,1.0,1.0,1.0,1.0,1216,7,0.00024880000000000003
5ab9e477554299232ef4a25d,noise_gate,0.35,0.55,Woolworth Building,Woolworth Building,1.0,1.0,1.0,1.0,675,7,0.0001406
5ab9e477554299232ef4a25d,noise_gate,0.5,0.55,Woolworth Building,Woolworth Building,1.0,1.0,1.0,1.0,565,7,0.0001186
5ab9e477554299232ef4a25d,noise_gate,0.2,0.5,Woolworth Building,Woolworth Building,1.0,1.0,1.0,1.0,1661,7,0.0003378000000000001
5ab9e477554299232ef4a25d,noise_gate,0.25,0.5,Woolworth Building,Woolworth Building,1.0,1.0,1.0,1.0,1538,7,0.0003132
5ab9e477554299232ef4a25d,noise_gate,0.3,0.5,Woolworth Building,Woolworth Building,1.0,1.0,1.0,1.0,1216,7,0.00024880000000000003
5ab9e477554299232ef4a25d,noise_gate,0.35,0.5,Woolworth Building,Woolworth Building,1.0,1.0,1.0,1.0,675,7,0.0001406
5ab9e477554299232ef4a25d,noise_gate,0.5,0.5,Woolworth Building,Woolworth Building,1.0,1.0,1.0,1.0,565,7,0.0001186
5ab900045542991b5579f0c0,noise_gate,0.2,0.55,Carnegie Hall,"Midtown Manhattan in New York City,",0.0,0.0,0.0,0.0,1477,7,0.00030100000000000005
5ab900045542991b5579f0c0,noise_gate,0.25,0.55,"Midtown Manhattan, New York City","Midtown Manhattan in New York City,",0.0,0.9090909090909091,1.0,0.8333333333333334,1194,16,0.0002516
5ab900045542991b5579f0c0,noise_gate,0.3,0.55,Carnegie Hall,"Midtown Manhattan in New York City,",0.0,0.0,0.0,0.0,963,7,0.00019820000000000002
5ab900045542991b5579f0c0,noise_gate,0.35,0.55,Carnegie Hall,"Midtown Manhattan in New York City,",0.0,0.0,0.0,0.0,763,7,0.0001582
5ab900045542991b5579f0c0,noise_gate,0.5,0.55,Carnegie Hall,"Midtown Manhattan in New York City,",0.0,0.0,0.0,0.0,313,7,6.82e-05
5ab900045542991b5579f0c0,noise_gate,0.2,0.5,Carnegie Hall,"Midtown Manhattan in New York City,",0.0,0.0,0.0,0.0,1477,7,0.00030100000000000005
5ab900045542991b5579f0c0,noise_gate,0.25,0.5,"Midtown Manhattan, New York City","Midtown Manhattan in New York City,",0.0,0.9090909090909091,1.0,0.8333333333333334,1194,10,0.0002468
5ab900045542991b5579f0c0,noise_gate,0.3,0.5,Carnegie Hall,"Midtown Manhattan in New York City,",0.0,0.0,0.0,0.0,963,7,0.00019820000000000002
5ab900045542991b5579f0c0,noise_gate,0.35,0.5,"St. Petersburg, Florida","Midtown Manhattan in New York City,",0.0,0.0,0.0,0.0,763,8,0.000159
5ab900045542991b5579f0c0,noise_gate,0.5,0.5,Carnegie Hall,"Midtown Manhattan in New York City,",0.0,0.0,0.0,0.0,313,7,6.82e-05
5ab6e848554299710c8d1faa,noise_gate,0.2,0.55,1968,"August 19, 1968",0.0,0.5,1.0,0.3333333333333333,1719,5,0.0003478
5ab6e848554299710c8d1faa,noise_gate,0.25,0.55,1968,"August 19, 1968",0.0,0.5,1.0,0.3333333333333333,1312,5,0.0002664
5ab6e848554299710c8d1faa,noise_gate,0.3,0.55,1968,"August 19, 1968",0.0,0.5,1.0,0.3333333333333333,731,5,0.00015020000000000002
5ab6e848554299710c8d1faa,noise_gate,0.35,0.55,1968,"August 19, 1968",0.0,0.5,1.0,0.3333333333333333,731,5,0.00015020000000000002
5ab6e848554299710c8d1faa,noise_gate,0.5,0.55,1968,"August 19, 1968",0.0,0.5,1.0,0.3333333333333333,388,5,8.16e-05
5ab6e848554299710c8d1faa,noise_gate,0.2,0.5,1968,"August 19, 1968",0.0,0.5,1.0,0.3333333333333333,1719,5,0.0003478
5ab6e848554299710c8d1faa,noise_gate,0.25,0.5,1968,"August 19, 1968",0.0,0.5,1.0,0.3333333333333333,1312,5,0.0002664
5ab6e848554299710c8d1faa,noise_gate,0.3,0.5,1968,"August 19, 1968",0.0,0.5,1.0,0.3333333333333333,731,5,0.00015020000000000002
5ab6e848554299710c8d1faa,noise_gate,0.35,0.5,1968,"August 19, 1968",0.0,0.5,1.0,0.3333333333333333,731,5,0.00015020000000000002
5ab6e848554299710c8d1faa,noise_gate,0.5,0.5,1968,"August 19, 1968",0.0,0.5,1.0,0.3333333333333333,388,5,8.16e-05
5a7dc2495542997cc2c4749a,noise_gate,0.2,0.55,1984 South Asian Games,1984 South Asian Games,1.0,1.0,1.0,1.0,1383,8,0.000283
5a7dc2495542997cc2c4749a,noise_gate,0.25,0.55,1984 South Asian Games,1984 South Asian Games,1.0,1.0,1.0,1.0,1383,8,0.000283
5a7dc2495542997cc2c4749a,noise_gate,0.3,0.55,1984 South Asian Games,1984 South Asian Games,1.0,1.0,1.0,1.0,1383,8,0.000283
5a7dc2495542997cc2c4749a,noise_gate,0.35,0.55,1984 South Asian Games,1984 South Asian Games,1.0,1.0,1.0,1.0,706,8,0.0001476
5a7dc2495542997cc2c4749a,noise_gate,0.5,0.55,South Asian Games,1984 South Asian Games,0.0,0.8571428571428571,1.0,0.75,301,6,6.5e-05
5a7dc2495542997cc2c4749a,noise_gate,0.2,0.5,1984 South Asian Games,1984 South Asian Games,1.0,1.0,1.0,1.0,1257,8,0.0002578
5a7dc2495542997cc2c4749a,noise_gate,0.25,0.5,1984 South Asian Games,1984 South Asian Games,1.0,1.0,1.0,1.0,1257,8,0.0002578
5a7dc2495542997cc2c4749a,noise_gate,0.3,0.5,1984 South Asian Games,1984 South Asian Games,1.0,1.0,1.0,1.0,1257,8,0.0002578
5a7dc2495542997cc2c4749a,noise_gate,0.35,0.5,1984 South Asian Games,1984 South Asian Games,1.0,1.0,1.0,1.0,706,8,0.0001476
5a7dc2495542997cc2c4749a,noise_gate,0.5,0.5,South Asian Games,1984 South Asian Games,0.0,0.8571428571428571,1.0,0.75,301,6,6.5e-05
5a84e9d35542994c784dda84,noise_gate,0.2,0.55,Switzerland ազգային team,the Switzerland national team,0.0,0.6666666666666666,0.6666666666666666,0.6666666666666666,1133,7,0.00023220000000000003
5a84e9d35542994c784dda84,noise_gate,0.25,0.55,Switzerland national team,the Switzerland national team,1.0,1.0,1.0,1.0,1133,7,0.00023220000000000003
5a84e9d35542994c784dda84,noise_gate,0.3,0.55,Switzerland national team,the Switzerland national team,1.0,1.0,1.0,1.0,1133,7,0.00023220000000000003
5a84e9d35542994c784dda84,noise_gate,0.35,0.55,Switzerland национ team,the Switzerland national team,0.0,0.6666666666666666,0.6666666666666666,0.6666666666666666,956,7,0.0001968
5a84e9d35542994c784dda84,noise_gate,0.5,0.55,England,the Switzerland national team,0.0,0.0,0.0,0.0,252,4,5.360000000000001e-05
5a84e9d35542994c784dda84,noise_gate,0.2,0.5,Switzerland national team,the Switzerland national team,1.0,1.0,1.0,1.0,1133,7,0.00023220000000000003
5a84e9d35542994c784dda84,noise_gate,0.25,0.5,Switzerland national team,the Switzerland national team,1.0,1.0,1.0,1.0,1133,7,0.00023220000000000003
5a84e9d35542994c784dda84,noise_gate,0.3,0.5,Switzerland national team,the Switzerland national team,1.0,1.0,1.0,1.0,1133,7,0.00023220000000000003
5a84e9d35542994c784dda84,noise_gate,0.35,0.5,Switzerland national team,the Switzerland national team,1.0,1.0,1.0,1.0,956,7,0.0001968
5a84e9d35542994c784dda84,noise_gate,0.5,0.5,Switzerland,the Switzerland national team,0.0,0.5,1.0,0.3333333333333333,252,5,5.440000000000001e-05
5a7cfea2554299452d57babe,noise_gate,0.2,0.55,Werner Herzog Eats His Shoe,Werner Herzog Eats His Shoe,1.0,1.0,1.0,1.0,1213,9,0.0002498
5a7cfea2554299452d57babe,noise_gate,0.25,0.55,Werner Herzog Eats His Shoe,Werner Herzog Eats His Shoe,1.0,1.0,1.0,1.0,1213,9,0.0002498
5a7cfea2554299452d57babe,noise_gate,0.3,0.55,Werner Herzog Eats His Shoe,Werner Herzog Eats His Shoe,1.0,1.0,1.0,1.0,1171,9,0.00024140000000000004
5a7cfea2554299452d57babe,noise_gate,0.35,0.55,Werner Herzog Eats His Shoe,Werner Herzog Eats His Shoe,1.0,1.0,1.0,1.0,1106,9,0.00022840000000000002
5a7cfea2554299452d57babe,noise_gate,0.5,0.55,Werner Herzog Eats His Shoe,Werner Herzog Eats His Shoe,1.0,1.0,1.0,1.0,341,9,7.54e-05
5a7cfea2554299452d57babe,noise_gate,0.2,0.5,Werner Herzog Eats His Shoe,Werner Herzog Eats His Shoe,1.0,1.0,1.0,1.0,1213,9,0.0002498
5a7cfea2554299452d57babe,noise_gate,0.25,0.5,Werner Herzog Eats His Shoe,Werner Herzog Eats His Shoe,1.0,1.0,1.0,1.0,1213,9,0.0002498
5a7cfea2554299452d57babe,noise_gate,0.3,0.5,Werner Herzog Eats His Shoe,Werner Herzog Eats His Shoe,1.0,1.0,1.0,1.0,1171,9,0.00024140000000000004
5a7cfea2554299452d57babe,noise_gate,0.35,0.5,Werner Herzog Eats His Shoe,Werner Herzog Eats His Shoe,1.0,1.0,1.0,1.0,1106,9,0.00022840000000000002
5a7cfea2554299452d57babe,noise_gate,0.5,0.5,Werner Herzog Eats His Shoe,Werner Herzog Eats His Shoe,1.0,1.0,1.0,1.0,341,9,7.54e-05
5ae497f15542995ad6573db8,noise_gate,0.2,0.55,Distillery,Distillery,1.0,1.0,1.0,1.0,1190,5,0.000242
5ae497f15542995ad6573db8,noise_gate,0.25,0.55,Distillery,Distillery,1.0,1.0,1.0,1.0,1190,5,0.000242
5ae497f15542995ad6573db8,noise_gate,0.3,0.55,Distillery,Distillery,1.0,1.0,1.0,1.0,1190,5,0.000242
5ae497f15542995ad6573db8,noise_gate,0.35,0.55,Distillery,Distillery,1.0,1.0,1.0,1.0,1190,5,0.000242
5ae497f15542995ad6573db8,noise_gate,0.5,0.55,Donegal Celtic F.C.,Distillery,0.0,0.0,0.0,0.0,857,9,0.00017860000000000003
5ae497f15542995ad6573db8,noise_gate,0.2,0.5,Distillery,Distillery,1.0,1.0,1.0,1.0,1190,5,0.000242
5ae497f15542995ad6573db8,noise_gate,0.25,0.5,Distillery,Distillery,1.0,1.0,1.0,1.0,1190,5,0.000242
5ae497f15542995ad6573db8,noise_gate,0.3,0.5,Distillery,Distillery,1.0,1.0,1.0,1.0,1190,5,0.000242
5ae497f15542995ad6573db8,noise_gate,0.35,0.5,Distillery,Distillery,1.0,1.0,1.0,1.0,1190,5,0.000242
5ae497f15542995ad6573db8,noise_gate,0.5,0.5,Donegal Celtic F.C.,Distillery,0.0,0.0,0.0,0.0,857,9,0.00017860000000000003
5ae2133e554299495565d9e3,noise_gate,0.2,0.55,Kristine Leahy,Kristine Leahy,1.0,1.0,1.0,1.0,1375,7,0.0002806
5ae2133e554299495565d9e3,noise_gate,0.25,0.55,Kristine Leahy,Kristine Leahy,1.0,1.0,1.0,1.0,1375,7,0.0002806
5ae2133e554299495565d9e3,noise_gate,0.3,0.55,Kristine Leahy,Kristine Leahy,1.0,1.0,1.0,1.0,1221,7,0.0002498
5ae2133e554299495565d9e3,noise_gate,0.35,0.55,Kristine Leahy,Kristine Leahy,1.0,1.0,1.0,1.0,1221,7,0.0002498
5ae2133e554299495565d9e3,noise_gate,0.5,0.55,Kristine Leahy,Kristine Leahy,1.0,1.0,1.0,1.0,1065,7,0.0002186
5ae2133e554299495565d9e3,noise_gate,0.2,0.5,Kristine Leahy,Kristine Leahy,1.0,1.0,1.0,1.0,1375,7,0.0002806
5ae2133e554299495565d9e3,noise_gate,0.25,0.5,Kristine Leahy,Kristine Leahy,1.0,1.0,1.0,1.0,1375,7,0.0002806
5ae2133e554299495565d9e3,noise_gate,0.3,0.5,Jenn Brown,Kristine Leahy,0.0,0.0,0.0,0.0,1221,5,0.0002482
5ae2133e554299495565d9e3,noise_gate,0.35,0.5,Jenn Brown,Kristine Leahy,0.0,0.0,0.0,0.0,1221,5,0.0002482
5ae2133e554299495565d9e3,noise_gate,0.5,0.5,Kristine Leahy,Kristine Leahy,1.0,1.0,1.0,1.0,1065,7,0.0002186
5abfe1115542997d64295909,noise_gate,0.2,0.55,Native American tradition,Native American,0.0,0.8,0.6666666666666666,1.0,924,6,0.00018960000000000003
5abfe1115542997d64295909,noise_gate,0.25,0.55,Native American tradition,Native American,0.0,0.8,0.6666666666666666,1.0,566,6,0.000118
5abfe1115542997d64295909,noise_gate,0.3,0.55,Native American tradition,Native American,0.0,0.8,0.6666666666666666,1.0,533,6,0.0001114
5abfe1115542997d64295909,noise_gate,0.35,0.55,paranormal phenomena,Native American,0.0,0.0,0.0,0.0,304,13,7.120000000000001e-05
5abfe1115542997d64295909,noise_gate,0.5,0.55,paranormal phenomena,Native American,0.0,0.0,0.0,0.0,304,7,6.640000000000001e-05
5abfe1115542997d64295909,noise_gate,0.2,0.5,Thunderbird,Native American,0.0,0.0,0.0,0.0,924,5,0.0001888
5abfe1115542997d64295909,noise_gate,0.25,0.5,Native American tradition,Native American,0.0,0.8,0.6666666666666666,1.0,566,6,0.000118
5abfe1115542997d64295909,noise_gate,0.3,0.5,Native American tradition,Native American,0.0,0.8,0.6666666666666666,1.0,533,6,0.0001114
5abfe1115542997d64295909,noise_gate,0.35,0.5,paranormal phenomena,Native American,0.0,0.0,0.0,0.0,304,7,6.640000000000001e-05
5abfe1115542997d64295909,noise_gate,0.5,0.5,paranormal phenomena,Native American,0.0,0.0,0.0,0.0,304,7,6.640000000000001e-05
5a8ce55f554299441c6b9f62,noise_gate,0.2,0.55,"Tulsa, Oklahoma",Tulsa,0.0,0.6666666666666666,0.5,1.0,1831,7,0.00037180000000000004
5a8ce55f554299441c6b9f62,noise_gate,0.25,0.55,"Tulsa, Oklahoma",Tulsa,0.0,0.6666666666666666,0.5,1.0,1831,7,0.00037180000000000004
5a8ce55f554299441c6b9f62,noise_gate,0.3,0.55,"Tulsa, Oklahoma",Tulsa,0.0,0.6666666666666666,0.5,1.0,1760,7,0.0003576
5a8ce55f554299441c6b9f62,noise_gate,0.35,0.55,"Tulsa, Oklahoma",Tulsa,0.0,0.6666666666666666,0.5,1.0,1454,7,0.00029640000000000005
5a8ce55f554299441c6b9f62,noise_gate,0.5,0.55,Tulsa,Tulsa,1.0,1.0,1.0,1.0,438,5,9.160000000000002e-05
5a8ce55f554299441c6b9f62,noise_gate,0.2,0.5,"Tulsa, Oklahoma",Tulsa,0.0,0.6666666666666666,0.5,1.0,1831,7,0.00037180000000000004
5a8ce55f554299441c6b9f62,noise_gate,0.25,0.5,"Tulsa, Oklahoma",Tulsa,0.0,0.6666666666666666,0.5,1.0,1831,7,0.00037180000000000004
5a8ce55f554299441c6b9f62,noise_gate,0.3,0.5,"Tulsa, Oklahoma",Tulsa,0.0,0.6666666666666666,0.5,1.0,1760,7,0.0003576
5a8ce55f554299441c6b9f62,noise_gate,0.35,0.5,"Tulsa, Oklahoma",Tulsa,0.0,0.6666666666666666,0.5,1.0,1454,7,0.00029640000000000005
5a8ce55f554299441c6b9f62,noise_gate,0.5,0.5,Tulsa,Tulsa,1.0,1.0,1.0,1.0,438,5,9.160000000000002e-05
5a7c47c35542990527d55481,noise_gate,0.2,0.55,House of Fraser,Army & Navy Stores,0.0,0.0,0.0,0.0,1440,6,0.0002928
5a7c47c35542990527d55481,noise_gate,0.25,0.55,House of Fraser,Army & Navy Stores,0.0,0.0,0.0,0.0,1440,6,0.0002928
5a7c47c35542990527d55481,noise_gate,0.3,0.55,House of Fraser,Army & Navy Stores,0.0,0.0,0.0,0.0,1440,6,0.0002928
5a7c47c35542990527d55481,noise_gate,0.35,0.55,House of Fraser,Army & Navy Stores,0.0,0.0,0.0,0.0,950,6,0.00019480000000000002
5a7c47c35542990527d55481,noise_gate,0.5,0.55,House of Fraser,Army & Navy Stores,0.0,0.0,0.0,0.0,629,6,0.00013060000000000003
5a7c47c35542990527d55481,noise_gate,0.2,0.5,House of Fraser,Army & Navy Stores,0.0,0.0,0.0,0.0,1440,6,0.0002928
5a7c47c35542990527d55481,noise_gate,0.25,0.5,House of Fraser,Army & Navy Stores,0.0,0.0,0.0,0.0,1440,6,0.0002928
5a7c47c35542990527d55481,noise_gate,0.3,0.5,House of Fraser,Army & Navy Stores,0.0,0.0,0.0,0.0,1440,6,0.0002928
5a7c47c35542990527d55481,noise_gate,0.35,0.5,House of Fraser,Army & Navy Stores,0.0,0.0,0.0,0.0,950,6,0.00019480000000000002
5a7c47c35542990527d55481,noise_gate,0.5,0.5,House of Fraser,Army & Navy Stores,0.0,0.0,0.0,0.0,629,6,0.00013060000000000003
5ab4107a554299753aec5a2f,noise_gate,0.2,0.55,1961,1961,1.0,1.0,1.0,1.0,1444,5,0.0002928
5ab4107a554299753aec5a2f,noise_gate,0.25,0.55,1961,1961,1.0,1.0,1.0,1.0,1050,5,0.000214
5ab4107a554299753aec5a2f,noise_gate,0.3,0.55,1961,1961,1.0,1.0,1.0,1.0,633,5,0.0001306
5ab4107a554299753aec5a2f,noise_gate,0.35,0.55,1961,1961,1.0,1.0,1.0,1.0,214,5,4.6800000000000006e-05
5ab4107a554299753aec5a2f,noise_gate,0.5,0.55,1961,1961,1.0,1.0,1.0,1.0,214,5,4.6800000000000006e-05
5ab4107a554299753aec5a2f,noise_gate,0.2,0.5,1961,1961,1.0,1.0,1.0,1.0,1444,5,0.0002928
5ab4107a554299753aec5a2f,noise_gate,0.25,0.5,1961,1961,1.0,1.0,1.0,1.0,1050,5,0.000214
5ab4107a554299753aec5a2f,noise_gate,0.3,0.5,1961,1961,1.0,1.0,1.0,1.0,633,5,0.0001306
5ab4107a554299753aec5a2f,noise_gate,0.35,0.5,1961,1961,1.0,1.0,1.0,1.0,214,5,4.6800000000000006e-05
5ab4107a554299753aec5a2f,noise_gate,0.5,0.5,1961,1961,1.0,1.0,1.0,1.0,214,5,4.6800000000000006e-05
5a774e415542994aec3b7280,noise_gate,0.2,0.55,Kait Parker,Kait Parker,1.0,1.0,1.0,1.0,1568,6,0.00031840000000000004
5a774e415542994aec3b7280,noise_gate,0.25,0.55,Kait Parker,Kait Parker,1.0,1.0,1.0,1.0,910,6,0.00018680000000000001
5a774e415542994aec3b7280,noise_gate,0.3,0.55,Kait Parker,Kait Parker,1.0,1.0,1.0,1.0,808,6,0.00016640000000000003
5a774e415542994aec3b7280,noise_gate,0.35,0.55,Kait Parker,Kait Parker,1.0,1.0,1.0,1.0,576,6,0.00012
5a774e415542994aec3b7280,noise_gate,0.5,0.55,Kait Parker,Kait Parker,1.0,1.0,1.0,1.0,475,12,0.00010460000000000001
5a774e415542994aec3b7280,noise_gate,0.2,0.5,Kait Parker,Kait Parker,1.0,1.0,1.0,1.0,1568,6,0.00031840000000000004
5a774e415542994aec3b7280,noise_gate,0.25,0.5,Kait Parker,Kait Parker,1.0,1.0,1.0,1.0,910,12,0.0001916
5a774e415542994aec3b7280,noise_gate,0.3,0.5,Kait Parker,Kait Parker,1.0,1.0,1.0,1.0,808,6,0.00016640000000000003
5a774e415542994aec3b7280,noise_gate,0.35,0.5,Kait Parker,Kait Parker,1.0,1.0,1.0,1.0,576,6,0.00012
5a774e415542994aec3b7280,noise_gate,0.5,0.5,Kait Parker,Kait Parker,1.0,1.0,1.0,1.0,475,6,9.98e-05
5abdf06355429976d4830a2d,noise_gate,0.2,0.55,heart was weighed against the feather of truth,against the feather of truth,0.0,0.7272727272727273,0.5714285714285714,1.0,1544,11,0.0003176
5abdf06355429976d4830a2d,noise_gate,0.25,0.55,heart,against the feather of truth,0.0,0.0,0.0,0.0,1544,4,0.00031200000000000005
5abdf06355429976d4830a2d,noise_gate,0.3,0.55,heart,against the feather of truth,0.0,0.0,0.0,0.0,1414,4,0.000286
5abdf06355429976d4830a2d,noise_gate,0.35,0.55,heart against the feather of truth,against the feather of truth,0.0,0.888888888888889,0.8,1.0,1189,9,0.000245
5abdf06355429976d4830a2d,noise_gate,0.5,0.55,"heart
",against the feather of truth,0.0,0.0,0.0,0.0,359,5,7.58e-05
5abdf06355429976d4830a2d,noise_gate,0.2,0.5,heart,against the feather of truth,0.0,0.0,0.0,0.0,1544,4,0.00031200000000000005
5abdf06355429976d4830a2d,noise_gate,0.25,0.5,heart against the feather of truth,against the feather of truth,0.0,0.888888888888889,0.8,1.0,1544,9,0.00031600000000000004
5abdf06355429976d4830a2d,noise_gate,0.3,0.5,heart was weighed against the feather of truth,against the feather of truth,0.0,0.7272727272727273,0.5714285714285714,1.0,1414,11,0.0002916
5abdf06355429976d4830a2d,noise_gate,0.35,0.5,heart,against the feather of truth,0.0,0.0,0.0,0.0,1189,4,0.000241
5abdf06355429976d4830a2d,noise_gate,0.5,0.5,their heart was weighed against the feather of truth,against the feather of truth,0.0,0.6666666666666666,0.5,1.0,359,12,8.14e-05
5a8ac4dd5542992d82986f76,noise_gate,0.2,0.55,Barnoldswick,Barnoldswick,1.0,1.0,1.0,1.0,1311,6,0.000267
5a8ac4dd5542992d82986f76,noise_gate,0.25,0.55,Barnoldswick,Barnoldswick,1.0,1.0,1.0,1.0,1311,6,0.000267
5a8ac4dd5542992d82986f76,noise_gate,0.3,0.55,Barnoldswick,Barnoldswick,1.0,1.0,1.0,1.0,1311,6,0.000267
5a8ac4dd5542992d82986f76,noise_gate,0.35,0.55,Barnoldswick,Barnoldswick,1.0,1.0,1.0,1.0,1203,6,0.0002454
5a8ac4dd5542992d82986f76,noise_gate,0.5,0.55,Barnoldswick,Barnoldswick,1.0,1.0,1.0,1.0,437,6,9.22e-05
5a8ac4dd5542992d82986f76,noise_gate,0.2,0.5,Barnoldswick,Barnoldswick,1.0,1.0,1.0,1.0,1311,6,0.000267
5a8ac4dd5542992d82986f76,noise_gate,0.25,0.5,Barnoldswick,Barnoldswick,1.0,1.0,1.0,1.0,1311,6,0.000267
5a8ac4dd5542992d82986f76,noise_gate,0.3,0.5,Barnoldswick,Barnoldswick,1.0,1.0,1.0,1.0,1311,6,0.000267
5a8ac4dd5542992d82986f76,noise_gate,0.35,0.5,Barnoldswick,Barnoldswick,1.0,1.0,1.0,1.0,1203,6,0.0002454
5a8ac4dd5542992d82986f76,noise_gate,0.5,0.5,Barnoldswick,Barnoldswick,1.0,1.0,1.0,1.0,437,6,9.22e-05
5a8f503c5542992414482a34,noise_gate,0.2,0.55,English,English,1.0,1.0,1.0,1.0,952,4,0.0001936
5a8f503c5542992414482a34,noise_gate,0.25,0.55,British,English,0.0,0.0,0.0,0.0,509,4,0.000105
5a8f503c5542992414482a34,noise_gate,0.3,0.55,British,English,0.0,0.0,0.0,0.0,357,4,7.46e-05
5a8f503c5542992414482a34,noise_gate,0.35,0.55,British,English,0.0,0.0,0.0,0.0,254,4,5.4000000000000005e-05
5a8f503c5542992414482a34,noise_gate,0.5,0.55,British,English,0.0,0.0,0.0,0.0,223,4,4.78e-05
5a8f503c5542992414482a34,noise_gate,0.2,0.5,English,English,1.0,1.0,1.0,1.0,952,4,0.0001936
5a8f503c5542992414482a34,noise_gate,0.25,0.5,British,English,0.0,0.0,0.0,0.0,509,4,0.000105
5a8f503c5542992414482a34,noise_gate,0.3,0.5,British,English,0.0,0.0,0.0,0.0,357,4,7.46e-05
5a8f503c5542992414482a34,noise_gate,0.35,0.5,British,English,0.0,0.0,0.0,0.0,254,4,5.4000000000000005e-05
5a8f503c5542992414482a34,noise_gate,0.5,0.5,English,English,1.0,1.0,1.0,1.0,223,4,4.78e-05
5a8ec55f5542995a26add50c,noise_gate,0.2,0.55,Black Mountain,4145 ft,0.0,0.0,0.0,0.0,1186,5,0.0002412
5a8ec55f5542995a26add50c,noise_gate,0.25,0.55,4145 ft,4145 ft,1.0,1.0,1.0,1.0,1186,6,0.00024200000000000003
5a8ec55f5542995a26add50c,noise_gate,0.3,0.55,noanswer,4145 ft,0.0,0.0,0.0,0.0,1091,5,0.0002222
5a8ec55f5542995a26add50c,noise_gate,0.35,0.55,Port Orchard,4145 ft,0.0,0.0,0.0,0.0,1091,5,0.0002222
5a8ec55f5542995a26add50c,noise_gate,0.5,0.55,noanswer,4145 ft,0.0,0.0,0.0,0.0,811,5,0.0001662
5a8ec55f5542995a26add50c,noise_gate,0.2,0.5,noanswer,4145 ft,0.0,0.0,0.0,0.0,1186,5,0.0002412
5a8ec55f5542995a26add50c,noise_gate,0.25,0.5,Black Mountain,4145 ft,0.0,0.0,0.0,0.0,1186,5,0.0002412
5a8ec55f5542995a26add50c,noise_gate,0.3,0.5,noanswer,4145 ft,0.0,0.0,0.0,0.0,1091,5,0.0002222
5a8ec55f5542995a26add50c,noise_gate,0.35,0.5,SR 16,4145 ft,0.0,0.0,0.0,0.0,1091,6,0.00022300000000000003
5a8ec55f5542995a26add50c,noise_gate,0.5,0.5,Black Mountain,4145 ft,0.0,0.0,0.0,0.0,811,5,0.0001662
5ae1338d55429901ffe4ade1,noise_gate,0.2,0.55,la fée verte,the green fairy,0.0,0.0,0.0,0.0,1159,7,0.00023740000000000002
5ae1338d55429901ffe4ade1,noise_gate,0.25,0.55,la fée verte,the green fairy,0.0,0.0,0.0,0.0,1159,7,0.00023740000000000002
5ae1338d55429901ffe4ade1,noise_gate,0.3,0.55,la fée verte,the green fairy,0.0,0.0,0.0,0.0,990,7,0.0002036
5ae1338d55429901ffe4ade1,noise_gate,0.35,0.55,la fée verte,the green fairy,0.0,0.0,0.0,0.0,732,7,0.000152
5ae1338d55429901ffe4ade1,noise_gate,0.5,0.55,absinthe,the green fairy,0.0,0.0,0.0,0.0,195,5,4.3e-05
5ae1338d55429901ffe4ade1,noise_gate,0.2,0.5,la fée verte,the green fairy,0.0,0.0,0.0,0.0,1159,7,0.00023740000000000002
5ae1338d55429901ffe4ade1,noise_gate,0.25,0.5,la fée verte,the green fairy,0.0,0.0,0.0,0.0,1159,7,0.00023740000000000002
5ae1338d55429901ffe4ade1,noise_gate,0.3,0.5,the green fairy,the green fairy,1.0,1.0,1.0,1.0,990,6,0.0002028
5ae1338d55429901ffe4ade1,noise_gate,0.35,0.5,la fée verte,the green fairy,0.0,0.0,0.0,0.0,732,7,0.000152
5ae1338d55429901ffe4ade1,noise_gate,0.5,0.5,wormwood-related spirit,the green fairy,0.0,0.0,0.0,0.0,195,7,4.46e-05
5a7bea3d5542996dd594b847,noise_gate,0.2,0.55,Sean Maguire,Sean Maguire,1.0,1.0,1.0,1.0,1839,6,0.0003726
5a7bea3d5542996dd594b847,noise_gate,0.25,0.55,Sean Maguire,Sean Maguire,1.0,1.0,1.0,1.0,1386,6,0.00028199999999999997
5a7bea3d5542996dd594b847,noise_gate,0.3,0.55,Sean Maguire,Sean Maguire,1.0,1.0,1.0,1.0,813,6,0.00016740000000000003
5a7bea3d5542996dd594b847,noise_gate,0.35,0.55,Sean Maguire,Sean Maguire,1.0,1.0,1.0,1.0,588,6,0.00012240000000000002
5a7bea3d5542996dd594b847,noise_gate,0.5,0.55,Sean Maguire,Sean Maguire,1.0,1.0,1.0,1.0,242,6,5.3200000000000006e-05
5a7bea3d5542996dd594b847,noise_gate,0.2,0.5,Sean Maguire,Sean Maguire,1.0,1.0,1.0,1.0,1839,6,0.0003726
5a7bea3d5542996dd594b847,noise_gate,0.25,0.5,Sean Maguire,Sean Maguire,1.0,1.0,1.0,1.0,1386,6,0.00028199999999999997
5a7bea3d5542996dd594b847,noise_gate,0.3,0.5,Sean Maguire,Sean Maguire,1.0,1.0,1.0,1.0,813,6,0.00016740000000000003
5a7bea3d5542996dd594b847,noise_gate,0.35,0.5,Sean Maguire,Sean Maguire,1.0,1.0,1.0,1.0,588,6,0.00012240000000000002
5a7bea3d5542996dd594b847,noise_gate,0.5,0.5,Sean Maguire,Sean Maguire,1.0,1.0,1.0,1.0,242,6,5.3200000000000006e-05
5a7f567e5542992097ad2f22,noise_gate,0.2,0.55,2001,2001,1.0,1.0,1.0,1.0,1943,5,0.0003926
5a7f567e5542992097ad2f22,noise_gate,0.25,0.55,2001,2001,1.0,1.0,1.0,1.0,1943,5,0.0003926
5a7f567e5542992097ad2f22,noise_gate,0.3,0.55,2001,2001,1.0,1.0,1.0,1.0,1943,5,0.0003926
5a7f567e5542992097ad2f22,noise_gate,0.35,0.55,2001,2001,1.0,1.0,1.0,1.0,1943,5,0.0003926
5a7f567e5542992097ad2f22,noise_gate,0.5,0.55,2001,2001,1.0,1.0,1.0,1.0,1033,5,0.00021060000000000002
5a7f567e5542992097ad2f22,noise_gate,0.2,0.5,2001,2001,1.0,1.0,1.0,1.0,1943,5,0.0003926
5a7f567e5542992097ad2f22,noise_gate,0.25,0.5,2001,2001,1.0,1.0,1.0,1.0,1943,5,0.0003926
5a7f567e5542992097ad2f22,noise_gate,0.3,0.5,2001,2001,1.0,1.0,1.0,1.0,1943,5,0.0003926
5a7f567e5542992097ad2f22,noise_gate,0.35,0.5,2001,2001,1.0,1.0,1.0,1.0,1943,5,0.0003926
5a7f567e5542992097ad2f22,noise_gate,0.5,0.5,2001,2001,1.0,1.0,1.0,1.0,1033,5,0.00021060000000000002
5ac26ac15542992f1f2b38bc,noise_gate,0.2,0.55,Hustle & Flow,Sam Phillips,0.0,0.0,0.0,0.0,1298,8,0.000266
5ac26ac15542992f1f2b38bc,noise_gate,0.25,0.55,noanswer,Sam Phillips,0.0,0.0,0.0,0.0,1244,5,0.0002528
5ac26ac15542992f1f2b38bc,noise_gate,0.3,0.55,Hustle & Flow,Sam Phillips,0.0,0.0,0.0,0.0,983,8,0.00020300000000000003
5ac26ac15542992f1f2b38bc,noise_gate,0.35,0.55,Hustle & Flow,Sam Phillips,0.0,0.0,0.0,0.0,738,8,0.00015399999999999998
5ac26ac15542992f1f2b38bc,noise_gate,0.5,0.55,Hustle & Flow,Sam Phillips,0.0,0.0,0.0,0.0,587,8,0.0001238
5ac26ac15542992f1f2b38bc,noise_gate,0.2,0.5,Hustle & Flow,Sam Phillips,0.0,0.0,0.0,0.0,1298,8,0.000266
5ac26ac15542992f1f2b38bc,noise_gate,0.25,0.5,Hustle & Flow,Sam Phillips,0.0,0.0,0.0,0.0,1244,8,0.0002552
5ac26ac15542992f1f2b38bc,noise_gate,0.3,0.5,Hustle & Flow,Sam Phillips,0.0,0.0,0.0,0.0,983,8,0.00020300000000000003
5ac26ac15542992f1f2b38bc,noise_gate,0.35,0.5,Hustle & Flow,Sam Phillips,0.0,0.0,0.0,0.0,738,8,0.00015399999999999998
5ac26ac15542992f1f2b38bc,noise_gate,0.5,0.5,Hustle & Flow,Sam Phillips,0.0,0.0,0.0,0.0,587,8,0.0001238
5adbcc085542996e6852523c,noise_gate,0.2,0.55,"poi, Kalua pig, poke, lomi salmon, opihi, haupia and beer","poi, Kalua pig, poke, lomi salmon, opihi, haupia",0.0,0.888888888888889,0.8,1.0,762,22,0.00017
5adbcc085542996e6852523c,noise_gate,0.25,0.55,"poi, Kalua pig, poke, lomi salmon, opihi, haupia and beer","poi, Kalua pig, poke, lomi salmon, opihi, haupia",0.0,0.888888888888889,0.8,1.0,643,22,0.00014619999999999998
5adbcc085542996e6852523c,noise_gate,0.3,0.55,"poi, Kalua pig, poke, lomi salmon, opihi, haupia, and beer","poi, Kalua pig, poke, lomi salmon, opihi, haupia",0.0,0.888888888888889,0.8,1.0,432,23,0.0001048
5adbcc085542996e6852523c,noise_gate,0.35,0.55,"poi, Kalua pig, poke, lomi salmon, opihi, haupia and beer","poi, Kalua pig, poke, lomi salmon, opihi, haupia",0.0,0.888888888888889,0.8,1.0,432,22,0.00010400000000000001
5adbcc085542996e6852523c,noise_gate,0.5,0.55,Polynesian-style food,"poi, Kalua pig, poke, lomi salmon, opihi, haupia",0.0,0.0,0.0,0.0,326,8,7.16e-05
5adbcc085542996e6852523c,noise_gate,0.2,0.5,"poi, Kalua pig, poke, lomi salmon, opihi, haupia","poi, Kalua pig, poke, lomi salmon, opihi, haupia",1.0,1.0,1.0,1.0,762,20,0.00016840000000000003
5adbcc085542996e6852523c,noise_gate,0.25,0.5,"poi, Kalua pig, poke, lomi salmon, opihi, haupia and beer","poi, Kalua pig, poke, lomi salmon, opihi, haupia",0.0,0.888888888888889,0.8,1.0,643,22,0.00014619999999999998
5adbcc085542996e6852523c,noise_gate,0.3,0.5,"poi, Kalua pig, poke, lomi salmon, opihi, haupia and beer","poi, Kalua pig, poke, lomi salmon, opihi, haupia",0.0,0.888888888888889,0.8,1.0,432,22,0.00010400000000000001
5adbcc085542996e6852523c,noise_gate,0.35,0.5,"poi, Kalua pig, poke, lomi salmon, opihi, haupia
","poi, Kalua pig, poke, lomi salmon, opihi, haupia",1.0,1.0,1.0,1.0,432,21,0.0001032
5adbcc085542996e6852523c,noise_gate,0.5,0.5,noanswer,"poi, Kalua pig, poke, lomi salmon, opihi, haupia",0.0,0.0,0.0,0.0,326,5,6.92e-05
5ae531695542990ba0bbb1fb,noise_gate,0.2,0.55,1945,1945,1.0,1.0,1.0,1.0,1129,5,0.0002298
5ae531695542990ba0bbb1fb,noise_gate,0.25,0.55,1945,1945,1.0,1.0,1.0,1.0,1129,5,0.0002298
5ae531695542990ba0bbb1fb,noise_gate,0.3,0.55,1945,1945,1.0,1.0,1.0,1.0,1129,5,0.0002298
5ae531695542990ba0bbb1fb,noise_gate,0.35,0.55,1945,1945,1.0,1.0,1.0,1.0,1129,5,0.0002298
5ae531695542990ba0bbb1fb,noise_gate,0.5,0.55,1935,1945,0.0,0.0,0.0,0.0,1025,5,0.00020899999999999998
5ae531695542990ba0bbb1fb,noise_gate,0.2,0.5,1945,1945,1.0,1.0,1.0,1.0,1129,5,0.0002298
5ae531695542990ba0bbb1fb,noise_gate,0.25,0.5,1945,1945,1.0,1.0,1.0,1.0,1129,5,0.0002298
5ae531695542990ba0bbb1fb,noise_gate,0.3,0.5,1945,1945,1.0,1.0,1.0,1.0,1129,5,0.0002298
5ae531695542990ba0bbb1fb,noise_gate,0.35,0.5,1945,1945,1.0,1.0,1.0,1.0,1129,5,0.0002298
5ae531695542990ba0bbb1fb,noise_gate,0.5,0.5,1945,1945,1.0,1.0,1.0,1.0,1025,5,0.00020899999999999998
5ac2cb09554299657fa29066,noise_gate,0.2,0.55,Texas Longhorns men's basketball team,Texas Longhorns men's basketball team,1.0,1.0,1.0,1.0,1635,10,0.00033499999999999996
5ac2cb09554299657fa29066,noise_gate,0.25,0.55,Texas Longhorns men's basketball team,Texas Longhorns men's basketball team,1.0,1.0,1.0,1.0,1635,10,0.00033499999999999996
5ac2cb09554299657fa29066,noise_gate,0.3,0.55,Texas Longhorns men's basketball team,Texas Longhorns men's basketball team,1.0,1.0,1.0,1.0,1380,10,0.00028399999999999996
5ac2cb09554299657fa29066,noise_gate,0.35,0.55,Texas Longhorns men's basketball team,Texas Longhorns men's basketball team,1.0,1.0,1.0,1.0,1009,10,0.0002098
5ac2cb09554299657fa29066,noise_gate,0.5,0.55,Texas Longhorns,Texas Longhorns men's basketball team,0.0,0.5714285714285715,1.0,0.4,248,7,5.52e-05
5ac2cb09554299657fa29066,noise_gate,0.2,0.5,Texas Longhorns men's basketball team,Texas Longhorns men's basketball team,1.0,1.0,1.0,1.0,1635,10,0.00033499999999999996
5ac2cb09554299657fa29066,noise_gate,0.25,0.5,Texas Longhorns men's basketball team,Texas Longhorns men's basketball team,1.0,1.0,1.0,1.0,1635,10,0.00033499999999999996
5ac2cb09554299657fa29066,noise_gate,0.3,0.5,Texas Longhorns men's basketball team,Texas Longhorns men's basketball team,1.0,1.0,1.0,1.0,1380,10,0.00028399999999999996
5ac2cb09554299657fa29066,noise_gate,0.35,0.5,Texas Longhorns,Texas Longhorns men's basketball team,0.0,0.5714285714285715,1.0,0.4,1009,7,0.0002074
5ac2cb09554299657fa29066,noise_gate,0.5,0.5,Texas Longhorns,Texas Longhorns men's basketball team,0.0,0.5714285714285715,1.0,0.4,248,7,5.52e-05
5a82817555429954d2e2eb5a,noise_gate,0.2,0.55,Naked Killer,"""Naked Killer""",1.0,1.0,1.0,1.0,1423,6,0.00028940000000000004
5a82817555429954d2e2eb5a,noise_gate,0.25,0.55,Naked Killer,"""Naked Killer""",1.0,1.0,1.0,1.0,1307,6,0.0002662
5a82817555429954d2e2eb5a,noise_gate,0.3,0.55,Naked Killer,"""Naked Killer""",1.0,1.0,1.0,1.0,1224,6,0.0002496
5a82817555429954d2e2eb5a,noise_gate,0.35,0.55,Naked Killer,"""Naked Killer""",1.0,1.0,1.0,1.0,930,6,0.0001908
5a82817555429954d2e2eb5a,noise_gate,0.5,0.55,Naked Killer,"""Naked Killer""",1.0,1.0,1.0,1.0,290,6,6.28e-05
5a82817555429954d2e2eb5a,noise_gate,0.2,0.5,Naked Killer,"""Naked Killer""",1.0,1.0,1.0,1.0,1423,6,0.00028940000000000004
5a82817555429954d2e2eb5a,noise_gate,0.25,0.5,Naked Killer,"""Naked Killer""",1.0,1.0,1.0,1.0,1307,6,0.0002662
5a82817555429954d2e2eb5a,noise_gate,0.3,0.5,Naked Killer,"""Naked Killer""",1.0,1.0,1.0,1.0,1224,6,0.0002496
5a82817555429954d2e2eb5a,noise_gate,0.35,0.5,Naked Killer,"""Naked Killer""",1.0,1.0,1.0,1.0,930,6,0.0001908
5a82817555429954d2e2eb5a,noise_gate,0.5,0.5,Naked Killer,"""Naked Killer""",1.0,1.0,1.0,1.0,290,6,6.28e-05
5ae34b275542992e3233c371,noise_gate,0.2,0.55,Drama Desk Award for Outstanding Lighting Design,Outstanding Lighting Design,0.0,0.6,0.42857142857142855,1.0,897,10,0.0001874
5ae34b275542992e3233c371,noise_gate,0.25,0.55,Drama Desk Award for Outstanding Lighting Design,Outstanding Lighting Design,0.0,0.6,0.42857142857142855,1.0,897,10,0.0001874
5ae34b275542992e3233c371,noise_gate,0.3,0.55,Drama Desk Award for Outstanding Lighting Design,Outstanding Lighting Design,0.0,0.6,0.42857142857142855,1.0,897,10,0.0001874
5ae34b275542992e3233c371,noise_gate,0.35,0.55,Drama Desk Award for Outstanding Lighting Design,Outstanding Lighting Design,0.0,0.6,0.42857142857142855,1.0,571,10,0.0001222
5ae34b275542992e3233c371,noise_gate,0.5,0.55,Drama Desk Award for Outstanding Lighting Design,Outstanding Lighting Design,0.0,0.6,0.42857142857142855,1.0,375,10,8.3e-05
5ae34b275542992e3233c371,noise_gate,0.2,0.5,Drama Desk Award for Outstanding Lighting Design,Outstanding Lighting Design,0.0,0.6,0.42857142857142855,1.0,897,10,0.0001874
5ae34b275542992e3233c371,noise_gate,0.25,0.5,Drama Desk Award for Outstanding Lighting Design,Outstanding Lighting Design,0.0,0.6,0.42857142857142855,1.0,897,10,0.0001874
5ae34b275542992e3233c371,noise_gate,0.3,0.5,Drama Desk Award for Outstanding Lighting Design,Outstanding Lighting Design,0.0,0.6,0.42857142857142855,1.0,897,10,0.0001874
5ae34b275542992e3233c371,noise_gate,0.35,0.5,Drama Desk Award for Outstanding Lighting Design,Outstanding Lighting Design,0.0,0.6,0.42857142857142855,1.0,571,10,0.0001222
5ae34b275542992e3233c371,noise_gate,0.5,0.5,Drama Desk Award for Outstanding Lighting Design,Outstanding Lighting Design,0.0,0.6,0.42857142857142855,1.0,375,10,8.3e-05
5a74f5155542993748c89750,noise_gate,0.2,0.55,Colomac Mine,The Colomac Mine,1.0,1.0,1.0,1.0,1687,6,0.0003422
5a74f5155542993748c89750,noise_gate,0.25,0.55,Colomac Mine,The Colomac Mine,1.0,1.0,1.0,1.0,1687,6,0.0003422
5a74f5155542993748c89750,noise_gate,0.3,0.55,Colomac Mine,The Colomac Mine,1.0,1.0,1.0,1.0,1541,6,0.00031300000000000007
5a74f5155542993748c89750,noise_gate,0.35,0.55,Colomac Mine,The Colomac Mine,1.0,1.0,1.0,1.0,1199,6,0.0002446
5a74f5155542993748c89750,noise_gate,0.5,0.55,Colomac Mine,The Colomac Mine,1.0,1.0,1.0,1.0,477,6,0.0001002
5a74f5155542993748c89750,noise_gate,0.2,0.5,Colomac Mine,The Colomac Mine,1.0,1.0,1.0,1.0,1687,6,0.0003422
5a74f5155542993748c89750,noise_gate,0.25,0.5,Colomac Mine,The Colomac Mine,1.0,1.0,1.0,1.0,1687,6,0.0003422
5a74f5155542993748c89750,noise_gate,0.3,0.5,Colomac Mine,The Colomac Mine,1.0,1.0,1.0,1.0,1541,6,0.00031300000000000007
5a74f5155542993748c89750,noise_gate,0.35,0.5,Colomac Mine,The Colomac Mine,1.0,1.0,1.0,1.0,1199,6,0.0002446
5a74f5155542993748c89750,noise_gate,0.5,0.5,Colomac Mine,The Colomac Mine,1.0,1.0,1.0,1.0,477,6,0.0001002
5add0f635542994ed6169c56,noise_gate,0.2,0.55,yes,yes,1.0,1.0,1.0,1.0,1132,4,0.0002296
5add0f635542994ed6169c56,noise_gate,0.25,0.55,yes,yes,1.0,1.0,1.0,1.0,1132,4,0.0002296
5add0f635542994ed6169c56,noise_gate,0.3,0.55,yes,yes,1.0,1.0,1.0,1.0,1132,4,0.0002296
5add0f635542994ed6169c56,noise_gate,0.35,0.55,yes,yes,1.0,1.0,1.0,1.0,735,4,0.0001502
5add0f635542994ed6169c56,noise_gate,0.5,0.55,yes,yes,1.0,1.0,1.0,1.0,501,4,0.00010339999999999999
5add0f635542994ed6169c56,noise_gate,0.2,0.5,yes,yes,1.0,1.0,1.0,1.0,1132,4,0.0002296
5add0f635542994ed6169c56,noise_gate,0.25,0.5,yes,yes,1.0,1.0,1.0,1.0,1132,4,0.0002296
5add0f635542994ed6169c56,noise_gate,0.3,0.5,yes,yes,1.0,1.0,1.0,1.0,1132,4,0.0002296
5add0f635542994ed6169c56,noise_gate,0.35,0.5,yes,yes,1.0,1.0,1.0,1.0,735,4,0.0001502
5add0f635542994ed6169c56,noise_gate,0.5,0.5,yes,yes,1.0,1.0,1.0,1.0,501,4,0.00010339999999999999
5ab4428c5542990594ba9bda,noise_gate,0.2,0.55,yes,yes,1.0,1.0,1.0,1.0,1482,4,0.00029960000000000007
5ab4428c5542990594ba9bda,noise_gate,0.25,0.55,no,yes,0.0,0.0,0.0,0.0,1295,4,0.00026220000000000003
5ab4428c5542990594ba9bda,noise_gate,0.3,0.55,yes,yes,1.0,1.0,1.0,1.0,658,4,0.0001348
5ab4428c5542990594ba9bda,noise_gate,0.35,0.55,yes,yes,1.0,1.0,1.0,1.0,552,4,0.0001136
5ab4428c5542990594ba9bda,noise_gate,0.5,0.55,yes,yes,1.0,1.0,1.0,1.0,350,4,7.319999999999999e-05
5ab4428c5542990594ba9bda,noise_gate,0.2,0.5,yes,yes,1.0,1.0,1.0,1.0,1482,4,0.00029960000000000007
5ab4428c5542990594ba9bda,noise_gate,0.25,0.5,no,yes,0.0,0.0,0.0,0.0,1295,4,0.00026220000000000003
5ab4428c5542990594ba9bda,noise_gate,0.3,0.5,yes,yes,1.0,1.0,1.0,1.0,658,4,0.0001348
5ab4428c5542990594ba9bda,noise_gate,0.35,0.5,yes,yes,1.0,1.0,1.0,1.0,552,4,0.0001136
5ab4428c5542990594ba9bda,noise_gate,0.5,0.5,yes,yes,1.0,1.0,1.0,1.0,350,4,7.319999999999999e-05
5a721a7655429971e9dc9271,noise_gate,0.2,0.55,Christopher Rich,Christopher Rich,1.0,1.0,1.0,1.0,1751,5,0.00035420000000000004
5a721a7655429971e9dc9271,noise_gate,0.25,0.55,Christopher Rich,Christopher Rich,1.0,1.0,1.0,1.0,1584,5,0.0003208
5a721a7655429971e9dc9271,noise_gate,0.3,0.55,Christopher Rich,Christopher Rich,1.0,1.0,1.0,1.0,1584,5,0.0003208
5a721a7655429971e9dc9271,noise_gate,0.35,0.55,Christopher Rich,Christopher Rich,1.0,1.0,1.0,1.0,769,5,0.0001578
5a721a7655429971e9dc9271,noise_gate,0.5,0.55,Charles Robinson,Christopher Rich,0.0,0.0,0.0,0.0,95,11,2.78e-05
5a721a7655429971e9dc9271,noise_gate,0.2,0.5,Christopher Rich,Christopher Rich,1.0,1.0,1.0,1.0,1751,5,0.00035420000000000004
5a721a7655429971e9dc9271,noise_gate,0.25,0.5,Christopher Rich,Christopher Rich,1.0,1.0,1.0,1.0,1584,5,0.0003208
5a721a7655429971e9dc9271,noise_gate,0.3,0.5,Christopher Rich,Christopher Rich,1.0,1.0,1.0,1.0,1584,5,0.0003208
5a721a7655429971e9dc9271,noise_gate,0.35,0.5,Christopher Rich,Christopher Rich,1.0,1.0,1.0,1.0,769,5,0.0001578
5a721a7655429971e9dc9271,noise_gate,0.5,0.5,Joe Regalbuto,Christopher Rich,0.0,0.0,0.0,0.0,95,13,2.9400000000000003e-05
5ae532365542992663a4f150,noise_gate,0.2,0.55,2015,2015,1.0,1.0,1.0,1.0,1442,5,0.0002924
5ae532365542992663a4f150,noise_gate,0.25,0.55,2015,2015,1.0,1.0,1.0,1.0,1442,5,0.0002924
5ae532365542992663a4f150,noise_gate,0.3,0.55,2015,2015,1.0,1.0,1.0,1.0,1442,5,0.0002924
5ae532365542992663a4f150,noise_gate,0.35,0.55,2015,2015,1.0,1.0,1.0,1.0,1366,5,0.00027719999999999996
5ae532365542992663a4f150,noise_gate,0.5,0.55,2015,2015,1.0,1.0,1.0,1.0,383,5,8.060000000000001e-05
5ae532365542992663a4f150,noise_gate,0.2,0.5,2015,2015,1.0,1.0,1.0,1.0,1442,5,0.0002924
5ae532365542992663a4f150,noise_gate,0.25,0.5,2015,2015,1.0,1.0,1.0,1.0,1442,5,0.0002924
5ae532365542992663a4f150,noise_gate,0.3,0.5,2015,2015,1.0,1.0,1.0,1.0,1442,5,0.0002924
5ae532365542992663a4f150,noise_gate,0.35,0.5,2015,2015,1.0,1.0,1.0,1.0,1366,5,0.00027719999999999996
5ae532365542992663a4f150,noise_gate,0.5,0.5,2015,2015,1.0,1.0,1.0,1.0,383,5,8.060000000000001e-05
5a72f1cf5542994cef4bc414,noise_gate,0.2,0.55,Gary Oldman,Gary Oldman,1.0,1.0,1.0,1.0,1238,6,0.0002524
5a72f1cf5542994cef4bc414,noise_gate,0.25,0.55,Gary Oldman,Gary Oldman,1.0,1.0,1.0,1.0,1238,6,0.0002524
5a72f1cf5542994cef4bc414,noise_gate,0.3,0.55,Gary Oldman,Gary Oldman,1.0,1.0,1.0,1.0,1183,6,0.00024140000000000004
5a72f1cf5542994cef4bc414,noise_gate,0.35,0.55,Gary Oldman,Gary Oldman,1.0,1.0,1.0,1.0,1022,6,0.00020920000000000002
5a72f1cf5542994cef4bc414,noise_gate,0.5,0.55,Gary Oldman,Gary Oldman,1.0,1.0,1.0,1.0,294,6,6.36e-05
5a72f1cf5542994cef4bc414,noise_gate,0.2,0.5,Gary Oldman,Gary Oldman,1.0,1.0,1.0,1.0,1238,6,0.0002524
5a72f1cf5542994cef4bc414,noise_gate,0.25,0.5,Gary Oldman,Gary Oldman,1.0,1.0,1.0,1.0,1238,6,0.0002524
5a72f1cf5542994cef4bc414,noise_gate,0.3,0.5,Gary Oldman,Gary Oldman,1.0,1.0,1.0,1.0,1183,6,0.00024140000000000004
5a72f1cf5542994cef4bc414,noise_gate,0.35,0.5,Gary Oldman,Gary Oldman,1.0,1.0,1.0,1.0,1022,6,0.00020920000000000002
5a72f1cf5542994cef4bc414,noise_gate,0.5,0.5,Gary Oldman,Gary Oldman,1.0,1.0,1.0,1.0,294,6,6.36e-05
5a749e1855429979e28829c3,noise_gate,0.2,0.55,Emilio Sánchez,Emilio Ángel Sánchez Vicario,0.0,0.6666666666666666,1.0,0.5,981,6,0.00020100000000000003
5a749e1855429979e28829c3,noise_gate,0.25,0.55,Emilio Sánchez,Emilio Ángel Sánchez Vicario,0.0,0.6666666666666666,1.0,0.5,981,6,0.00020100000000000003
5a749e1855429979e28829c3,noise_gate,0.3,0.55,Emilio Sánchez,Emilio Ángel Sánchez Vicario,0.0,0.6666666666666666,1.0,0.5,981,6,0.00020100000000000003
5a749e1855429979e28829c3,noise_gate,0.35,0.55,Emilio Sánchez,Emilio Ángel Sánchez Vicario,0.0,0.6666666666666666,1.0,0.5,672,6,0.00013920000000000002
5a749e1855429979e28829c3,noise_gate,0.5,0.55,Emilio Sánchez,Emilio Ángel Sánchez Vicario,0.0,0.6666666666666666,1.0,0.5,271,6,5.9000000000000004e-05
5a749e1855429979e28829c3,noise_gate,0.2,0.5,Emilio Sánchez,Emilio Ángel Sánchez Vicario,0.0,0.6666666666666666,1.0,0.5,981,6,0.00020100000000000003
5a749e1855429979e28829c3,noise_gate,0.25,0.5,Emilio Sánchez,Emilio Ángel Sánchez Vicario,0.0,0.6666666666666666,1.0,0.5,981,6,0.00020100000000000003
5a749e1855429979e28829c3,noise_gate,0.3,0.5,Emilio Sánchez,Emilio Ángel Sánchez Vicario,0.0,0.6666666666666666,1.0,0.5,981,6,0.00020100000000000003
5a749e1855429979e28829c3,noise_gate,0.35,0.5,Emilio Sánchez,Emilio Ángel Sánchez Vicario,0.0,0.6666666666666666,1.0,0.5,672,6,0.00013920000000000002
5a749e1855429979e28829c3,noise_gate,0.5,0.5,Emilio Sánchez,Emilio Ángel Sánchez Vicario,0.0,0.6666666666666666,1.0,0.5,271,6,5.9000000000000004e-05
5a8b051255429971feec460e,noise_gate,0.2,0.55,Pat McCarran,U.S. Senator Pat McCarran,0.0,0.6666666666666666,1.0,0.5,1276,7,0.00026080000000000005
5a8b051255429971feec460e,noise_gate,0.25,0.55,Pat McCarran,U.S. Senator Pat McCarran,0.0,0.6666666666666666,1.0,0.5,1161,7,0.0002378
5a8b051255429971feec460e,noise_gate,0.3,0.55,Pat McCarran,U.S. Senator Pat McCarran,0.0,0.6666666666666666,1.0,0.5,815,7,0.0001686
5a8b051255429971feec460e,noise_gate,0.35,0.55,Pat McCarran,U.S. Senator Pat McCarran,0.0,0.6666666666666666,1.0,0.5,595,7,0.0001246
5a8b051255429971feec460e,noise_gate,0.5,0.55,Pat McCarran,U.S. Senator Pat McCarran,0.0,0.6666666666666666,1.0,0.5,276,7,6.08e-05
5a8b051255429971feec460e,noise_gate,0.2,0.5,Pat McCarran,U.S. Senator Pat McCarran,0.0,0.6666666666666666,1.0,0.5,1276,7,0.00026080000000000005
5a8b051255429971feec460e,noise_gate,0.25,0.5,Pat McCarran,U.S. Senator Pat McCarran,0.0,0.6666666666666666,1.0,0.5,1161,7,0.0002378
5a8b051255429971feec460e,noise_gate,0.3,0.5,Pat McCarran,U.S. Senator Pat McCarran,0.0,0.6666666666666666,1.0,0.5,815,7,0.0001686
5a8b051255429971feec460e,noise_gate,0.35,0.5,Pat McCarran,U.S. Senator Pat McCarran,0.0,0.6666666666666666,1.0,0.5,595,7,0.0001246
5a8b051255429971feec460e,noise_gate,0.5,0.5,Pat McCarran,U.S. Senator Pat McCarran,0.0,0.6666666666666666,1.0,0.5,276,7,6.08e-05
5a7616755542992d0ec06028,noise_gate,0.2,0.55,Biloxi,"Gulfport, Biloxi",0.0,0.6666666666666666,1.0,0.5,1385,5,0.000281
5a7616755542992d0ec06028,noise_gate,0.25,0.55,Biloxi,"Gulfport, Biloxi",0.0,0.6666666666666666,1.0,0.5,1262,5,0.0002564
5a7616755542992d0ec06028,noise_gate,0.3,0.55,Biloxi,"Gulfport, Biloxi",0.0,0.6666666666666666,1.0,0.5,1103,5,0.0002246
5a7616755542992d0ec06028,noise_gate,0.35,0.55,Biloxi,"Gulfport, Biloxi",0.0,0.6666666666666666,1.0,0.5,568,5,0.00011760000000000001
5a7616755542992d0ec06028,noise_gate,0.5,0.55,"Harrison County, Mississippi","Gulfport, Biloxi",0.0,0.0,0.0,0.0,369,8,8.02e-05
5a7616755542992d0ec06028,noise_gate,0.2,0.5,Biloxi,"Gulfport, Biloxi",0.0,0.6666666666666666,1.0,0.5,1385,5,0.000281
5a7616755542992d0ec06028,noise_gate,0.25,0.5,Biloxi,"Gulfport, Biloxi",0.0,0.6666666666666666,1.0,0.5,1262,5,0.0002564
5a7616755542992d0ec06028,noise_gate,0.3,0.5,Biloxi,"Gulfport, Biloxi",0.0,0.6666666666666666,1.0,0.5,1103,5,0.0002246
5a7616755542992d0ec06028,noise_gate,0.35,0.5,Biloxi,"Gulfport, Biloxi",0.0,0.6666666666666666,1.0,0.5,568,5,0.00011760000000000001
5a7616755542992d0ec06028,noise_gate,0.5,0.5,"Harrison County, Mississippi","Gulfport, Biloxi",0.0,0.0,0.0,0.0,369,8,8.02e-05
5ac0fd56554299012d1db679,noise_gate,0.2,0.55,Missouri,Missouri,1.0,1.0,1.0,1.0,976,5,0.00019920000000000002
5ac0fd56554299012d1db679,noise_gate,0.25,0.55,Missouri,Missouri,1.0,1.0,1.0,1.0,976,5,0.00019920000000000002
5ac0fd56554299012d1db679,noise_gate,0.3,0.55,Missouri,Missouri,1.0,1.0,1.0,1.0,614,5,0.0001268
5ac0fd56554299012d1db679,noise_gate,0.35,0.55,Missouri,Missouri,1.0,1.0,1.0,1.0,614,5,0.0001268
5ac0fd56554299012d1db679,noise_gate,0.5,0.55,Missouri,Missouri,1.0,1.0,1.0,1.0,314,5,6.680000000000001e-05
5ac0fd56554299012d1db679,noise_gate,0.2,0.5,Missouri,Missouri,1.0,1.0,1.0,1.0,976,5,0.00019920000000000002
5ac0fd56554299012d1db679,noise_gate,0.25,0.5,Missouri,Missouri,1.0,1.0,1.0,1.0,976,5,0.00019920000000000002
5ac0fd56554299012d1db679,noise_gate,0.3,0.5,Missouri,Missouri,1.0,1.0,1.0,1.0,614,5,0.0001268
5ac0fd56554299012d1db679,noise_gate,0.35,0.5,Missouri,Missouri,1.0,1.0,1.0,1.0,614,5,0.0001268
5ac0fd56554299012d1db679,noise_gate,0.5,0.5,noanswer,Missouri,0.0,0.0,0.0,0.0,314,5,6.680000000000001e-05
5adde73f5542992200553b94,noise_gate,0.2,0.55,Spider-Man,comic,0.0,0.0,0.0,0.0,1778,5,0.0003596
5adde73f5542992200553b94,noise_gate,0.25,0.55,Spider-Man,comic,0.0,0.0,0.0,0.0,1778,5,0.0003596
5adde73f5542992200553b94,noise_gate,0.3,0.55,"Spider-Man
",comic,0.0,0.0,0.0,0.0,1778,6,0.00036040000000000003
5adde73f5542992200553b94,noise_gate,0.35,0.55,"Spider-Man
",comic,0.0,0.0,0.0,0.0,1778,6,0.00036040000000000003
5adde73f5542992200553b94,noise_gate,0.5,0.55,Spider-Man,comic,0.0,0.0,0.0,0.0,215,5,4.7000000000000004e-05
5adde73f5542992200553b94,noise_gate,0.2,0.5,"Spider-Man
",comic,0.0,0.0,0.0,0.0,1778,6,0.00036040000000000003
5adde73f5542992200553b94,noise_gate,0.25,0.5,Spider-Man,comic,0.0,0.0,0.0,0.0,1778,5,0.0003596
5adde73f5542992200553b94,noise_gate,0.3,0.5,Spider-Man,comic,0.0,0.0,0.0,0.0,1778,5,0.0003596
5adde73f5542992200553b94,noise_gate,0.35,0.5,"Spider-Man
",comic,0.0,0.0,0.0,0.0,1778,6,0.00036040000000000003
5adde73f5542992200553b94,noise_gate,0.5,0.5,Spider-Man,comic,0.0,0.0,0.0,0.0,215,5,4.7000000000000004e-05
5ab506a05542990594ba9cd6,noise_gate,0.2,0.55,Scaevola,Sonerila,0.0,0.0,0.0,0.0,1060,7,0.0002176
5ab506a05542990594ba9cd6,noise_gate,0.25,0.55,Scaevola,Sonerila,0.0,0.0,0.0,0.0,1060,7,0.0002176
5ab506a05542990594ba9cd6,noise_gate,0.3,0.55,Scaevola,Sonerila,0.0,0.0,0.0,0.0,868,7,0.00017920000000000002
5ab506a05542990594ba9cd6,noise_gate,0.35,0.55,Scaevola,Sonerila,0.0,0.0,0.0,0.0,791,7,0.00016380000000000002
5ab506a05542990594ba9cd6,noise_gate,0.5,0.55,Scaevola,Sonerila,0.0,0.0,0.0,0.0,674,7,0.00014040000000000002
5ab506a05542990594ba9cd6,noise_gate,0.2,0.5,Scaevola,Sonerila,0.0,0.0,0.0,0.0,1060,7,0.0002176
5ab506a05542990594ba9cd6,noise_gate,0.25,0.5,Scaevola,Sonerila,0.0,0.0,0.0,0.0,1060,7,0.0002176
5ab506a05542990594ba9cd6,noise_gate,0.3,0.5,Scaevola,Sonerila,0.0,0.0,0.0,0.0,868,7,0.00017920000000000002
5ab506a05542990594ba9cd6,noise_gate,0.35,0.5,Scaevola,Sonerila,0.0,0.0,0.0,0.0,791,7,0.00016380000000000002
5ab506a05542990594ba9cd6,noise_gate,0.5,0.5,Scaevola,Sonerila,0.0,0.0,0.0,0.0,674,7,0.00014040000000000002
5a7f57a45542992097ad2f29,noise_gate,0.2,0.55,Venstre,"Liberal ""Venstre"" party",0.0,0.5,1.0,0.3333333333333333,1218,5,0.0002476
5a7f57a45542992097ad2f29,noise_gate,0.25,0.55,Venstre party,"Liberal ""Venstre"" party",0.0,0.8,1.0,0.6666666666666666,1218,6,0.0002484
5a7f57a45542992097ad2f29,noise_gate,0.3,0.55,"Liberal ""Venstre"" party","Liberal ""Venstre"" party",1.0,1.0,1.0,1.0,1046,10,0.00021720000000000002
5a7f57a45542992097ad2f29,noise_gate,0.35,0.55,Venstre,"Liberal ""Venstre"" party",0.0,0.5,1.0,0.3333333333333333,920,5,0.000188
5a7f57a45542992097ad2f29,noise_gate,0.5,0.55,Venstre,"Liberal ""Venstre"" party",0.0,0.5,1.0,0.3333333333333333,433,5,9.06e-05
5a7f57a45542992097ad2f29,noise_gate,0.2,0.5,Venstre,"Liberal ""Venstre"" party",0.0,0.5,1.0,0.3333333333333333,1218,5,0.0002476
5a7f57a45542992097ad2f29,noise_gate,0.25,0.5,Venstre,"Liberal ""Venstre"" party",0.0,0.5,1.0,0.3333333333333333,1218,5,0.0002476
5a7f57a45542992097ad2f29,noise_gate,0.3,0.5,Venstre party,"Liberal ""Venstre"" party",0.0,0.8,1.0,0.6666666666666666,1046,6,0.00021400000000000002
5a7f57a45542992097ad2f29,noise_gate,0.35,0.5,Venstre party,"Liberal ""Venstre"" party",0.0,0.8,1.0,0.6666666666666666,920,6,0.0001888
5a7f57a45542992097ad2f29,noise_gate,0.5,0.5,Venstre,"Liberal ""Venstre"" party",0.0,0.5,1.0,0.3333333333333333,433,5,9.06e-05
5a8dee2455429917b4a5bce1,noise_gate,0.2,0.55,Milk,Pineapple Express,0.0,0.0,0.0,0.0,1162,4,0.0002356
5a8dee2455429917b4a5bce1,noise_gate,0.25,0.55,Milk,Pineapple Express,0.0,0.0,0.0,0.0,884,4,0.00018
5a8dee2455429917b4a5bce1,noise_gate,0.3,0.55,Milk,Pineapple Express,0.0,0.0,0.0,0.0,884,4,0.00018
5a8dee2455429917b4a5bce1,noise_gate,0.35,0.55,Milk,Pineapple Express,0.0,0.0,0.0,0.0,884,4,0.00018
5a8dee2455429917b4a5bce1,noise_gate,0.5,0.55,Milk,Pineapple Express,0.0,0.0,0.0,0.0,575,4,0.0001182
5a8dee2455429917b4a5bce1,noise_gate,0.2,0.5,Milk,Pineapple Express,0.0,0.0,0.0,0.0,1162,4,0.0002356
5a8dee2455429917b4a5bce1,noise_gate,0.25,0.5,Milk,Pineapple Express,0.0,0.0,0.0,0.0,884,4,0.00018
5a8dee2455429917b4a5bce1,noise_gate,0.3,0.5,Milk,Pineapple Express,0.0,0.0,0.0,0.0,884,4,0.00018
5a8dee2455429917b4a5bce1,noise_gate,0.35,0.5,Milk,Pineapple Express,0.0,0.0,0.0,0.0,884,4,0.00018
5a8dee2455429917b4a5bce1,noise_gate,0.5,0.5,Milk,Pineapple Express,0.0,0.0,0.0,0.0,575,4,0.0001182
5a7cd7f055429909bec7683e,noise_gate,0.2,0.55,Juilliard School,Juilliard School,1.0,1.0,1.0,1.0,1355,7,0.0002766
5a7cd7f055429909bec7683e,noise_gate,0.25,0.55,Juilliard School,Juilliard School,1.0,1.0,1.0,1.0,1355,7,0.0002766
5a7cd7f055429909bec7683e,noise_gate,0.3,0.55,Juilliard School,Juilliard School,1.0,1.0,1.0,1.0,1118,7,0.00022920000000000001
5a7cd7f055429909bec7683e,noise_gate,0.35,0.55,Juilliard School,Juilliard School,1.0,1.0,1.0,1.0,1024,7,0.00021040000000000002
5a7cd7f055429909bec7683e,noise_gate,0.5,0.55,Juilliard School,Juilliard School,1.0,1.0,1.0,1.0,343,7,7.420000000000001e-05
5a7cd7f055429909bec7683e,noise_gate,0.2,0.5,Juilliard School,Juilliard School,1.0,1.0,1.0,1.0,1355,7,0.0002766
5a7cd7f055429909bec7683e,noise_gate,0.25,0.5,Juilliard School,Juilliard School,1.0,1.0,1.0,1.0,1355,7,0.0002766
5a7cd7f055429909bec7683e,noise_gate,0.3,0.5,Juilliard School,Juilliard School,1.0,1.0,1.0,1.0,1118,7,0.00022920000000000001
5a7cd7f055429909bec7683e,noise_gate,0.35,0.5,Juilliard School,Juilliard School,1.0,1.0,1.0,1.0,1024,7,0.00021040000000000002
5a7cd7f055429909bec7683e,noise_gate,0.5,0.5,Juilliard School,Juilliard School,1.0,1.0,1.0,1.0,343,7,7.420000000000001e-05
5a7cb8bc554299452d57b9be,noise_gate,0.2,0.55,27000,"27,000",1.0,1.0,1.0,1.0,1274,5,0.0002588
5a7cb8bc554299452d57b9be,noise_gate,0.25,0.55,27000,"27,000",1.0,1.0,1.0,1.0,1274,5,0.0002588
5a7cb8bc554299452d57b9be,noise_gate,0.3,0.55,27000,"27,000",1.0,1.0,1.0,1.0,1274,5,0.0002588
5a7cb8bc554299452d57b9be,noise_gate,0.35,0.55,27000,"27,000",1.0,1.0,1.0,1.0,1063,5,0.0002166
5a7cb8bc554299452d57b9be,noise_gate,0.5,0.55,"27,000","27,000",1.0,1.0,1.0,1.0,630,6,0.0001308
5a7cb8bc554299452d57b9be,noise_gate,0.2,0.5,27000,"27,000",1.0,1.0,1.0,1.0,1274,5,0.0002588
5a7cb8bc554299452d57b9be,noise_gate,0.25,0.5,27000,"27,000",1.0,1.0,1.0,1.0,1274,5,0.0002588
5a7cb8bc554299452d57b9be,noise_gate,0.3,0.5,27000,"27,000",1.0,1.0,1.0,1.0,1274,5,0.0002588
5a7cb8bc554299452d57b9be,noise_gate,0.35,0.5,27000,"27,000",1.0,1.0,1.0,1.0,1063,5,0.0002166
5a7cb8bc554299452d57b9be,noise_gate,0.5,0.5,27000,"27,000",1.0,1.0,1.0,1.0,630,5,0.00013
5ab9547755429970cfb8ea6c,noise_gate,0.2,0.55,87,87,1.0,1.0,1.0,1.0,1202,4,0.0002436
5ab9547755429970cfb8ea6c,noise_gate,0.25,0.55,87,87,1.0,1.0,1.0,1.0,1202,4,0.0002436
5ab9547755429970cfb8ea6c,noise_gate,0.3,0.55,87,87,1.0,1.0,1.0,1.0,980,4,0.0001992
5ab9547755429970cfb8ea6c,noise_gate,0.35,0.55,87,87,1.0,1.0,1.0,1.0,847,4,0.0001726
5ab9547755429970cfb8ea6c,noise_gate,0.5,0.55,eighty-eight,87,0.0,0.0,0.0,0.0,255,6,5.58e-05
5ab9547755429970cfb8ea6c,noise_gate,0.2,0.5,87,87,1.0,1.0,1.0,1.0,1202,4,0.0002436
5ab9547755429970cfb8ea6c,noise_gate,0.25,0.5,87,87,1.0,1.0,1.0,1.0,1202,4,0.0002436
5ab9547755429970cfb8ea6c,noise_gate,0.3,0.5,87,87,1.0,1.0,1.0,1.0,980,4,0.0001992
5ab9547755429970cfb8ea6c,noise_gate,0.35,0.5,87,87,1.0,1.0,1.0,1.0,847,4,0.0001726
5ab9547755429970cfb8ea6c,noise_gate,0.5,0.5,eighty-eight,87,0.0,0.0,0.0,0.0,255,6,5.58e-05
5a8cfa2e554299585d9e378b,noise_gate,0.2,0.55,professional footballer,professional footballer,1.0,1.0,1.0,1.0,961,6,0.00019700000000000002
5a8cfa2e554299585d9e378b,noise_gate,0.25,0.55,professional footballer,professional footballer,1.0,1.0,1.0,1.0,961,6,0.00019700000000000002
5a8cfa2e554299585d9e378b,noise_gate,0.3,0.55,professional footballer,professional footballer,1.0,1.0,1.0,1.0,961,6,0.00019700000000000002
5a8cfa2e554299585d9e378b,noise_gate,0.35,0.55,noanswer,professional footballer,0.0,0.0,0.0,0.0,902,5,0.00018439999999999998
5a8cfa2e554299585d9e378b,noise_gate,0.5,0.55,noanswer,professional footballer,0.0,0.0,0.0,0.0,559,5,0.00011580000000000001
5a8cfa2e554299585d9e378b,noise_gate,0.2,0.5,professional footballer,professional footballer,1.0,1.0,1.0,1.0,961,6,0.00019700000000000002
5a8cfa2e554299585d9e378b,noise_gate,0.25,0.5,professional footballer,professional footballer,1.0,1.0,1.0,1.0,961,6,0.00019700000000000002
5a8cfa2e554299585d9e378b,noise_gate,0.3,0.5,professional footballer,professional footballer,1.0,1.0,1.0,1.0,961,6,0.00019700000000000002
5a8cfa2e554299585d9e378b,noise_gate,0.35,0.5,noanswer,professional footballer,0.0,0.0,0.0,0.0,902,11,0.0001892
5a8cfa2e554299585d9e378b,noise_gate,0.5,0.5,noanswer,professional footballer,0.0,0.0,0.0,0.0,559,5,0.00011580000000000001
5ab67bd355429954757d32f2,noise_gate,0.2,0.55,New York Giants,New York Giants,1.0,1.0,1.0,1.0,1295,6,0.0002638
5ab67bd355429954757d32f2,noise_gate,0.25,0.55,New York Giants,New York Giants,1.0,1.0,1.0,1.0,1222,6,0.00024920000000000004
5ab67bd355429954757d32f2,noise_gate,0.3,0.55,New York Giants,New York Giants,1.0,1.0,1.0,1.0,966,6,0.00019800000000000002
5ab67bd355429954757d32f2,noise_gate,0.35,0.55,New York Giants,New York Giants,1.0,1.0,1.0,1.0,656,6,0.00013600000000000003
5ab67bd355429954757d32f2,noise_gate,0.5,0.55,New York Giants,New York Giants,1.0,1.0,1.0,1.0,493,6,0.0001034
5ab67bd355429954757d32f2,noise_gate,0.2,0.5,New York Giants,New York Giants,1.0,1.0,1.0,1.0,1295,6,0.0002638
5ab67bd355429954757d32f2,noise_gate,0.25,0.5,New York Giants,New York Giants,1.0,1.0,1.0,1.0,1222,6,0.00024920000000000004
5ab67bd355429954757d32f2,noise_gate,0.3,0.5,New York Giants,New York Giants,1.0,1.0,1.0,1.0,966,6,0.00019800000000000002
5ab67bd355429954757d32f2,noise_gate,0.35,0.5,New York Giants,New York Giants,1.0,1.0,1.0,1.0,656,6,0.00013600000000000003
5ab67bd355429954757d32f2,noise_gate,0.5,0.5,New York Giants,New York Giants,1.0,1.0,1.0,1.0,493,6,0.0001034
5abecdf45542997719eab5d4,noise_gate,0.2,0.55,Polk County,Polk,0.0,0.6666666666666666,0.5,1.0,1570,6,0.0003188
5abecdf45542997719eab5d4,noise_gate,0.25,0.55,Polk County,Polk,0.0,0.6666666666666666,0.5,1.0,1570,6,0.0003188
5abecdf45542997719eab5d4,noise_gate,0.3,0.55,Polk County,Polk,0.0,0.6666666666666666,0.5,1.0,1356,6,0.000276
5abecdf45542997719eab5d4,noise_gate,0.35,0.55,Polk County,Polk,0.0,0.6666666666666666,0.5,1.0,1106,6,0.00022600000000000002
5abecdf45542997719eab5d4,noise_gate,0.5,0.55,Polk County,Polk,0.0,0.6666666666666666,0.5,1.0,251,6,5.5e-05
5abecdf45542997719eab5d4,noise_gate,0.2,0.5,Polk County,Polk,0.0,0.6666666666666666,0.5,1.0,1570,6,0.0003188
5abecdf45542997719eab5d4,noise_gate,0.25,0.5,Polk County,Polk,0.0,0.6666666666666666,0.5,1.0,1570,6,0.0003188
5abecdf45542997719eab5d4,noise_gate,0.3,0.5,Polk County,Polk,0.0,0.6666666666666666,0.5,1.0,1356,6,0.000276
5abecdf45542997719eab5d4,noise_gate,0.35,0.5,Polk County,Polk,0.0,0.6666666666666666,0.5,1.0,1106,6,0.00022600000000000002
5abecdf45542997719eab5d4,noise_gate,0.5,0.5,Polk County,Polk,0.0,0.6666666666666666,0.5,1.0,251,6,5.5e-05
5a7e37095542995ed0d166d5,noise_gate,0.2,0.55,Robert Z. Leonard,Sinclair Hill,0.0,0.0,0.0,0.0,858,7,0.00017720000000000002
5a7e37095542995ed0d166d5,noise_gate,0.25,0.55,Robert Z. Leonard,Sinclair Hill,0.0,0.0,0.0,0.0,570,7,0.00011960000000000001
5a7e37095542995ed0d166d5,noise_gate,0.3,0.55,Robert Z. Leonard,Sinclair Hill,0.0,0.0,0.0,0.0,483,7,0.0001022
5a7e37095542995ed0d166d5,noise_gate,0.35,0.55,Robert Z. Leonard,Sinclair Hill,0.0,0.0,0.0,0.0,364,7,7.84e-05
5a7e37095542995ed0d166d5,noise_gate,0.5,0.55,Robert Z. Leonard,Sinclair Hill,0.0,0.0,0.0,0.0,226,7,5.08e-05
5a7e37095542995ed0d166d5,noise_gate,0.2,0.5,Robert Z. Leonard,Sinclair Hill,0.0,0.0,0.0,0.0,858,7,0.00017720000000000002
5a7e37095542995ed0d166d5,noise_gate,0.25,0.5,Robert Z. Leonard,Sinclair Hill,0.0,0.0,0.0,0.0,570,7,0.00011960000000000001
5a7e37095542995ed0d166d5,noise_gate,0.3,0.5,Robert Z. Leonard,Sinclair Hill,0.0,0.0,0.0,0.0,483,7,0.0001022
5a7e37095542995ed0d166d5,noise_gate,0.35,0.5,Robert Z. Leonard,Sinclair Hill,0.0,0.0,0.0,0.0,364,7,7.84e-05
5a7e37095542995ed0d166d5,noise_gate,0.5,0.5,Sinclair Hill,Sinclair Hill,1.0,1.0,1.0,1.0,226,6,5e-05
5a8f18d555429918e830d189,noise_gate,0.2,0.55,Caistor,Caistor is a town,0.0,0.5,1.0,0.3333333333333333,1055,5,0.000215
5a8f18d555429918e830d189,noise_gate,0.25,0.55,Caistor,Caistor is a town,0.0,0.5,1.0,0.3333333333333333,1055,11,0.0002198
5a8f18d555429918e830d189,noise_gate,0.3,0.55,Caistor,Caistor is a town,0.0,0.5,1.0,0.3333333333333333,1055,5,0.000215
5a8f18d555429918e830d189,noise_gate,0.35,0.55,Caistor,Caistor is a town,0.0,0.5,1.0,0.3333333333333333,1055,5,0.000215
5a8f18d555429918e830d189,noise_gate,0.5,0.55,Caistor,Caistor is a town,0.0,0.5,1.0,0.3333333333333333,531,5,0.00011020000000000001
5a8f18d555429918e830d189,noise_gate,0.2,0.5,Caistor,Caistor is a town,0.0,0.5,1.0,0.3333333333333333,1055,5,0.000215
5a8f18d555429918e830d189,noise_gate,0.25,0.5,Caistor,Caistor is a town,0.0,0.5,1.0,0.3333333333333333,1055,5,0.000215
5a8f18d555429918e830d189,noise_gate,0.3,0.5,Caistor,Caistor is a town,0.0,0.5,1.0,0.3333333333333333,1055,11,0.0002198
5a8f18d555429918e830d189,noise_gate,0.35,0.5,Caistor,Caistor is a town,0.0,0.5,1.0,0.3333333333333333,1055,5,0.000215
5a8f18d555429918e830d189,noise_gate,0.5,0.5,Caistor,Caistor is a town,0.0,0.5,1.0,0.3333333333333333,531,5,0.00011020000000000001
5a7b85ac5542997c3ec971ef,noise_gate,0.2,0.55,Robot Overlords,Robot Overlords,1.0,1.0,1.0,1.0,839,6,0.00017260000000000002
5a7b85ac5542997c3ec971ef,noise_gate,0.25,0.55,Robot Overlords,Robot Overlords,1.0,1.0,1.0,1.0,673,6,0.0001394
5a7b85ac5542997c3ec971ef,noise_gate,0.3,0.55,Robot Overlords,Robot Overlords,1.0,1.0,1.0,1.0,628,6,0.00013040000000000003
5a7b85ac5542997c3ec971ef,noise_gate,0.35,0.55,Robot Overlords,Robot Overlords,1.0,1.0,1.0,1.0,628,6,0.00013040000000000003
5a7b85ac5542997c3ec971ef,noise_gate,0.5,0.55,Mr. Holmes,Robot Overlords,0.0,0.0,0.0,0.0,173,12,4.4200000000000004e-05
5a7b85ac5542997c3ec971ef,noise_gate,0.2,0.5,Robot Overlords,Robot Overlords,1.0,1.0,1.0,1.0,839,6,0.00017260000000000002
5a7b85ac5542997c3ec971ef,noise_gate,0.25,0.5,Robot Overlords,Robot Overlords,1.0,1.0,1.0,1.0,673,6,0.0001394
5a7b85ac5542997c3ec971ef,noise_gate,0.35,0.5,Robot Overlords,Robot Overlords,1.0,1.0,1.0,1.0,628,6,0.00013040000000000003
5a7b85ac5542997c3ec971ef,noise_gate,0.5,0.5,Mr. Holmes,Robot Overlords,0.0,0.0,0.0,0.0,173,6,3.94e-05
5ae617285542996de7b71b4c,noise_gate,0.2,0.55,South African-born,South African-born,1.0,1.0,1.0,1.0,940,6,0.0001928
5ae617285542996de7b71b4c,noise_gate,0.25,0.55,South African-born,South African-born,1.0,1.0,1.0,1.0,782,6,0.00016120000000000002
5ae617285542996de7b71b4c,noise_gate,0.3,0.55,South African-born,South African-born,1.0,1.0,1.0,1.0,732,6,0.00015120000000000002
5ae617285542996de7b71b4c,noise_gate,0.35,0.55,South African-born,South African-born,1.0,1.0,1.0,1.0,692,6,0.0001432
5ae617285542996de7b71b4c,noise_gate,0.5,0.55,Irish,South African-born,0.0,0.0,0.0,0.0,208,4,4.4800000000000005e-05
5ae617285542996de7b71b4c,noise_gate,0.2,0.5,South African-born,South African-born,1.0,1.0,1.0,1.0,940,6,0.0001928
5ae617285542996de7b71b4c,noise_gate,0.3,0.5,South African-born,South African-born,1.0,1.0,1.0,1.0,732,6,0.00015120000000000002
5ae617285542996de7b71b4c,noise_gate,0.35,0.5,South African-born,South African-born,1.0,1.0,1.0,1.0,692,6,0.0001432
5ae617285542996de7b71b4c,noise_gate,0.5,0.5,Australian,South African-born,0.0,0.0,0.0,0.0,208,4,4.4800000000000005e-05
5ae7247b5542992ae0d163c1,noise_gate,0.2,0.55,"November 10, 2017","November 10, 2017",1.0,1.0,1.0,1.0,1660,10,0.00033999999999999997
5ae7247b5542992ae0d163c1,noise_gate,0.3,0.55,"November 10, 2017","November 10, 2017",1.0,1.0,1.0,1.0,1660,10,0.00033999999999999997
5ae7247b5542992ae0d163c1,noise_gate,0.35,0.55,"November 10, 2017","November 10, 2017",1.0,1.0,1.0,1.0,1660,10,0.00033999999999999997
5ae7247b5542992ae0d163c1,noise_gate,0.5,0.55,"November 10, 2017","November 10, 2017",1.0,1.0,1.0,1.0,759,10,0.0001598
5ae7247b5542992ae0d163c1,noise_gate,0.2,0.5,"November 10, 2017","November 10, 2017",1.0,1.0,1.0,1.0,1660,10,0.00033999999999999997
5ae7247b5542992ae0d163c1,noise_gate,0.25,0.5,"November 10, 2017","November 10, 2017",1.0,1.0,1.0,1.0,1660,10,0.00033999999999999997
5ae7247b5542992ae0d163c1,noise_gate,0.3,0.5,"November 10, 2017","November 10, 2017",1.0,1.0,1.0,1.0,1660,10,0.00033999999999999997
5ae7247b5542992ae0d163c1,noise_gate,0.35,0.5,"November 10, 2017","November 10, 2017",1.0,1.0,1.0,1.0,1660,10,0.00033999999999999997
5ae7247b5542992ae0d163c1,noise_gate,0.5,0.5,"November 10, 2017","November 10, 2017",1.0,1.0,1.0,1.0,759,10,0.0001598
5ae0ae4555429945ae959419,noise_gate,0.2,0.55,mermaid,A mermaid,1.0,1.0,1.0,1.0,609,5,0.0001258
5ae0ae4555429945ae959419,noise_gate,0.25,0.55,mermaid,A mermaid,1.0,1.0,1.0,1.0,609,5,0.0001258
5ae0ae4555429945ae959419,noise_gate,0.3,0.55,mermaid,A mermaid,1.0,1.0,1.0,1.0,535,5,0.000111
5ae0ae4555429945ae959419,noise_gate,0.35,0.55,mermaid,A mermaid,1.0,1.0,1.0,1.0,456,5,9.520000000000001e-05
5ae0ae4555429945ae959419,noise_gate,0.5,0.55,mermaid,A mermaid,1.0,1.0,1.0,1.0,318,5,6.76e-05
5ae0ae4555429945ae959419,noise_gate,0.2,0.5,mermaid,A mermaid,1.0,1.0,1.0,1.0,609,5,0.0001258
5ae0ae4555429945ae959419,noise_gate,0.25,0.5,mermaid,A mermaid,1.0,1.0,1.0,1.0,609,5,0.0001258
5ae0ae4555429945ae959419,noise_gate,0.3,0.5,mermaid,A mermaid,1.0,1.0,1.0,1.0,535,5,0.000111
5ae0ae4555429945ae959419,noise_gate,0.35,0.5,mermaid,A mermaid,1.0,1.0,1.0,1.0,456,5,9.520000000000001e-05
5ae0ae4555429945ae959419,noise_gate,0.5,0.5,mermaid,A mermaid,1.0,1.0,1.0,1.0,318,5,6.76e-05
5ae306115542992decbdcdc4,noise_gate,0.2,0.55,Spam,Hormel Foods Corporation,0.0,0.0,0.0,0.0,1452,4,0.00029360000000000003
5ae306115542992decbdcdc4,noise_gate,0.25,0.55,Spam,Hormel Foods Corporation,0.0,0.0,0.0,0.0,1107,4,0.0002246
5ae306115542992decbdcdc4,noise_gate,0.3,0.55,Spam,Hormel Foods Corporation,0.0,0.0,0.0,0.0,1107,4,0.0002246
5ae306115542992decbdcdc4,noise_gate,0.35,0.55,Spam,Hormel Foods Corporation,0.0,0.0,0.0,0.0,621,4,0.0001274
5ae306115542992decbdcdc4,noise_gate,0.5,0.55,Spam,Hormel Foods Corporation,0.0,0.0,0.0,0.0,166,4,3.6400000000000004e-05
5ae306115542992decbdcdc4,noise_gate,0.2,0.5,Spam,Hormel Foods Corporation,0.0,0.0,0.0,0.0,1452,4,0.00029360000000000003
5ae306115542992decbdcdc4,noise_gate,0.25,0.5,Spam,Hormel Foods Corporation,0.0,0.0,0.0,0.0,1107,4,0.0002246
5ae306115542992decbdcdc4,noise_gate,0.3,0.5,Spam,Hormel Foods Corporation,0.0,0.0,0.0,0.0,1107,4,0.0002246
5ae306115542992decbdcdc4,noise_gate,0.35,0.5,Spam,Hormel Foods Corporation,0.0,0.0,0.0,0.0,621,4,0.0001274
5ae306115542992decbdcdc4,noise_gate,0.5,0.5,Spam,Hormel Foods Corporation,0.0,0.0,0.0,0.0,166,4,3.6400000000000004e-05
5ade4fcc5542997c77adeded,noise_gate,0.2,0.55,Pim Fortuyn,"Wilhelmus Simon Petrus Fortuijn, known as Pim Fortuyn",0.0,0.4,1.0,0.25,825,8,0.0001714
5ade4fcc5542997c77adeded,noise_gate,0.25,0.55,Pim Fortuyn,"Wilhelmus Simon Petrus Fortuijn, known as Pim Fortuyn",0.0,0.4,1.0,0.25,825,8,0.0001714
5ade4fcc5542997c77adeded,noise_gate,0.3,0.55,Pim Fortuyn,"Wilhelmus Simon Petrus Fortuijn, known as Pim Fortuyn",0.0,0.4,1.0,0.25,825,8,0.0001714
5ade4fcc5542997c77adeded,noise_gate,0.35,0.55,Pim Fortuyn,"Wilhelmus Simon Petrus Fortuijn, known as Pim Fortuyn",0.0,0.4,1.0,0.25,680,8,0.0001424
5ade4fcc5542997c77adeded,noise_gate,0.5,0.55,Pim Fortuyn,"Wilhelmus Simon Petrus Fortuijn, known as Pim Fortuyn",0.0,0.4,1.0,0.25,253,8,5.7e-05
5ade4fcc5542997c77adeded,noise_gate,0.2,0.5,Pim Fortuyn,"Wilhelmus Simon Petrus Fortuijn, known as Pim Fortuyn",0.0,0.4,1.0,0.25,825,8,0.0001714
5ade4fcc5542997c77adeded,noise_gate,0.25,0.5,Pim Fortuyn,"Wilhelmus Simon Petrus Fortuijn, known as Pim Fortuyn",0.0,0.4,1.0,0.25,825,8,0.0001714
5ade4fcc5542997c77adeded,noise_gate,0.3,0.5,Pim Fortuyn,"Wilhelmus Simon Petrus Fortuijn, known as Pim Fortuyn",0.0,0.4,1.0,0.25,825,8,0.0001714
5ade4fcc5542997c77adeded,noise_gate,0.35,0.5,Pim Fortuyn,"Wilhelmus Simon Petrus Fortuijn, known as Pim Fortuyn",0.0,0.4,1.0,0.25,680,8,0.0001424
5ade4fcc5542997c77adeded,noise_gate,0.5,0.5,Pim Fortuyn,"Wilhelmus Simon Petrus Fortuijn, known as Pim Fortuyn",0.0,0.4,1.0,0.25,253,8,5.7e-05
5abdd08d5542991f6610604c,noise_gate,0.2,0.55,Guardians of the Galaxy Vol. 2,Guardians of the Galaxy Vol. 2,1.0,1.0,1.0,1.0,1045,12,0.0002186
5abdd08d5542991f6610604c,noise_gate,0.25,0.55,Guardians of the Galaxy Vol. 2,Guardians of the Galaxy Vol. 2,1.0,1.0,1.0,1.0,1045,12,0.0002186
5abdd08d5542991f6610604c,noise_gate,0.3,0.55,Guardians of the Galaxy Vol. 2,Guardians of the Galaxy Vol. 2,1.0,1.0,1.0,1.0,1045,12,0.0002186
5abdd08d5542991f6610604c,noise_gate,0.35,0.55,Guardians of the Galaxy Vol. 2,Guardians of the Galaxy Vol. 2,1.0,1.0,1.0,1.0,1045,12,0.0002186
5abdd08d5542991f6610604c,noise_gate,0.5,0.55,Guardians of the Galaxy Vol. 2,Guardians of the Galaxy Vol. 2,1.0,1.0,1.0,1.0,534,12,0.00011640000000000001
5abdd08d5542991f6610604c,noise_gate,0.2,0.5,Guardians of the Galaxy Vol. 2,Guardians of the Galaxy Vol. 2,1.0,1.0,1.0,1.0,1045,12,0.0002186
5abdd08d5542991f6610604c,noise_gate,0.25,0.5,Guardians of the Galaxy Vol. 2,Guardians of the Galaxy Vol. 2,1.0,1.0,1.0,1.0,1045,12,0.0002186
5abdd08d5542991f6610604c,noise_gate,0.3,0.5,Guardians of the Galaxy Vol. 2,Guardians of the Galaxy Vol. 2,1.0,1.0,1.0,1.0,1045,12,0.0002186
5abdd08d5542991f6610604c,noise_gate,0.35,0.5,Guardians of the Galaxy Vol. 2,Guardians of the Galaxy Vol. 2,1.0,1.0,1.0,1.0,1045,12,0.0002186
5abdd08d5542991f6610604c,noise_gate,0.5,0.5,Guardians of the Galaxy Vol. 2,Guardians of the Galaxy Vol. 2,1.0,1.0,1.0,1.0,534,12,0.00011640000000000001
5a72abb95542992359bc3162,noise_gate,0.2,0.55,Smith!,Smith!,1.0,1.0,1.0,1.0,1303,5,0.00026460000000000003
5a72abb95542992359bc3162,noise_gate,0.25,0.55,Smith!,Smith!,1.0,1.0,1.0,1.0,1303,5,0.00026460000000000003
5a72abb95542992359bc3162,noise_gate,0.3,0.55,Smith!,Smith!,1.0,1.0,1.0,1.0,965,5,0.000197
5a72abb95542992359bc3162,noise_gate,0.35,0.55,Smith!,Smith!,1.0,1.0,1.0,1.0,881,5,0.00018020000000000002
5a72abb95542992359bc3162,noise_gate,0.5,0.55,Cars 3 (2009 film),Smith!,0.0,0.0,0.0,0.0,332,11,7.52e-05
5a72abb95542992359bc3162,noise_gate,0.2,0.5,Smith!,Smith!,1.0,1.0,1.0,1.0,1303,5,0.00026460000000000003
5a72abb95542992359bc3162,noise_gate,0.25,0.5,Smith!,Smith!,1.0,1.0,1.0,1.0,1303,5,0.00026460000000000003
5a72abb95542992359bc3162,noise_gate,0.3,0.5,Smith!,Smith!,1.0,1.0,1.0,1.0,965,5,0.000197
5a72abb95542992359bc3162,noise_gate,0.35,0.5,Smith!,Smith!,1.0,1.0,1.0,1.0,881,5,0.00018020000000000002
5a72abb95542992359bc3162,noise_gate,0.5,0.5,Cars 3 (2009 film),Smith!,0.0,0.0,0.0,0.0,332,11,7.52e-05
5a7f54665542992097ad2f1a,noise_gate,0.2,0.55,Isar and Havel,Bow River and the Elbow River,0.0,0.25,0.3333333333333333,0.2,1162,8,0.0002388
5a7f54665542992097ad2f1a,noise_gate,0.25,0.55,Isar and Würm,Bow River and the Elbow River,0.0,0.25,0.3333333333333333,0.2,1162,8,0.0002388
5a7f54665542992097ad2f1a,noise_gate,0.3,0.55,Isar and Havel,Bow River and the Elbow River,0.0,0.25,0.3333333333333333,0.2,1162,8,0.0002388
5a7f54665542992097ad2f1a,noise_gate,0.35,0.55,Spree and Havel,Bow River and the Elbow River,0.0,0.25,0.3333333333333333,0.2,993,8,0.00020500000000000002
5a7f54665542992097ad2f1a,noise_gate,0.5,0.55,Yangtze and Yongding Rivers,Bow River and the Elbow River,0.0,0.22222222222222224,0.25,0.2,209,10,4.9800000000000004e-05
5a7f54665542992097ad2f1a,noise_gate,0.2,0.5,Piedmont and Monongahela rivers,Bow River and the Elbow River,0.0,0.22222222222222224,0.25,0.2,1162,11,0.0002412
5a7f54665542992097ad2f1a,noise_gate,0.25,0.5,Isar and Würm,Bow River and the Elbow River,0.0,0.25,0.3333333333333333,0.2,1162,8,0.0002388
5a7f54665542992097ad2f1a,noise_gate,0.3,0.5,Isar and Amper,Bow River and the Elbow River,0.0,0.25,0.3333333333333333,0.2,1162,8,0.0002388
5a7f54665542992097ad2f1a,noise_gate,0.35,0.5,Isar and Würm,Bow River and the Elbow River,0.0,0.25,0.3333333333333333,0.2,993,8,0.00020500000000000002
5a7f54665542992097ad2f1a,noise_gate,0.5,0.5,Chang Jiang and Yongding River,Bow River and the Elbow River,0.0,0.4000000000000001,0.4,0.4,209,9,4.9000000000000005e-05
5ae0bc185542993d6555ec29,noise_gate,0.2,0.55,Ben Savage,Ben Savage,1.0,1.0,1.0,1.0,1411,5,0.00028619999999999996
5ae0bc185542993d6555ec29,noise_gate,0.25,0.55,Todd Bridges,Ben Savage,0.0,0.0,0.0,0.0,1164,5,0.0002368
5ae0bc185542993d6555ec29,noise_gate,0.3,0.55,Kaley Cuoco,Ben Savage,0.0,0.0,0.0,0.0,1042,7,0.000214
5ae0bc185542993d6555ec29,noise_gate,0.35,0.55,Todd Bridges,Ben Savage,0.0,0.0,0.0,0.0,701,5,0.0001442
5ae0bc185542993d6555ec29,noise_gate,0.5,0.55,noanswer,Ben Savage,0.0,0.0,0.0,0.0,343,5,7.260000000000002e-05
5ae0bc185542993d6555ec29,noise_gate,0.2,0.5,Ben Savage,Ben Savage,1.0,1.0,1.0,1.0,1411,5,0.00028619999999999996
5ae0bc185542993d6555ec29,noise_gate,0.25,0.5,Cress Williams,Ben Savage,0.0,0.0,0.0,0.0,1164,6,0.00023760000000000003
5ae0bc185542993d6555ec29,noise_gate,0.3,0.5,Kaley Cuoco,Ben Savage,0.0,0.0,0.0,0.0,1042,7,0.000214
5ae0bc185542993d6555ec29,noise_gate,0.35,0.5,Todd Bridges,Ben Savage,0.0,0.0,0.0,0.0,701,5,0.0001442
5ae0bc185542993d6555ec29,noise_gate,0.5,0.5,Tamera Mowry,Ben Savage,0.0,0.0,0.0,0.0,343,8,7.500000000000002e-05
5a864d9e5542994775f6073d,noise_gate,0.2,0.55,no,no,1.0,1.0,1.0,1.0,1247,4,0.0002526
5a864d9e5542994775f6073d,noise_gate,0.25,0.55,no,no,1.0,1.0,1.0,1.0,1129,4,0.000229
5a864d9e5542994775f6073d,noise_gate,0.3,0.55,no,no,1.0,1.0,1.0,1.0,1068,4,0.0002168
5a864d9e5542994775f6073d,noise_gate,0.35,0.55,no,no,1.0,1.0,1.0,1.0,785,4,0.0001602
5a864d9e5542994775f6073d,noise_gate,0.5,0.55,no,no,1.0,1.0,1.0,1.0,200,4,4.3200000000000007e-05
5a864d9e5542994775f6073d,noise_gate,0.2,0.5,no,no,1.0,1.0,1.0,1.0,1247,4,0.0002526
5a864d9e5542994775f6073d,noise_gate,0.25,0.5,no,no,1.0,1.0,1.0,1.0,1129,4,0.000229
5a864d9e5542994775f6073d,noise_gate,0.3,0.5,no,no,1.0,1.0,1.0,1.0,1068,4,0.0002168
5a864d9e5542994775f6073d,noise_gate,0.35,0.5,no,no,1.0,1.0,1.0,1.0,785,4,0.0001602
5a864d9e5542994775f6073d,noise_gate,0.5,0.5,no,no,1.0,1.0,1.0,1.0,200,4,4.3200000000000007e-05
5ae5b25d5542990ba0bbb2bb,noise_gate,0.2,0.55,Christopher Guest,Christopher Haden-Guest,0.0,0.5,0.5,0.5,1016,5,0.0002072
5ae5b25d5542990ba0bbb2bb,noise_gate,0.25,0.55,Christopher Guest,Christopher Haden-Guest,0.0,0.5,0.5,0.5,655,5,0.000135
5ae5b25d5542990ba0bbb2bb,noise_gate,0.3,0.55,Christopher Guest,Christopher Haden-Guest,0.0,0.5,0.5,0.5,522,5,0.0001084
5ae5b25d5542990ba0bbb2bb,noise_gate,0.35,0.55,Christopher Guest,Christopher Haden-Guest,0.0,0.5,0.5,0.5,369,5,7.78e-05
5ae5b25d5542990ba0bbb2bb,noise_gate,0.5,0.55,Christopher Guest,Christopher Haden-Guest,0.0,0.5,0.5,0.5,369,5,7.78e-05
5ae5b25d5542990ba0bbb2bb,noise_gate,0.2,0.5,Christopher Guest,Christopher Haden-Guest,0.0,0.5,0.5,0.5,1016,5,0.0002072
5ae5b25d5542990ba0bbb2bb,noise_gate,0.25,0.5,Christopher Guest,Christopher Haden-Guest,0.0,0.5,0.5,0.5,655,5,0.000135
5ae5b25d5542990ba0bbb2bb,noise_gate,0.3,0.5,Christopher Guest,Christopher Haden-Guest,0.0,0.5,0.5,0.5,522,5,0.0001084
5ae5b25d5542990ba0bbb2bb,noise_gate,0.35,0.5,Christopher Guest,Christopher Haden-Guest,0.0,0.5,0.5,0.5,369,5,7.78e-05
5ae5b25d5542990ba0bbb2bb,noise_gate,0.5,0.5,Christopher Guest,Christopher Haden-Guest,0.0,0.5,0.5,0.5,369,5,7.78e-05
5ae5e62455429929b0807a07,noise_gate,0.2,0.55,Italian,Italian,1.0,1.0,1.0,1.0,1480,4,0.0002992
5ae5e62455429929b0807a07,noise_gate,0.25,0.55,Italian,Italian,1.0,1.0,1.0,1.0,1411,4,0.0002854
5ae5e62455429929b0807a07,noise_gate,0.3,0.55,Italian,Italian,1.0,1.0,1.0,1.0,1411,4,0.0002854
5ae5e62455429929b0807a07,noise_gate,0.35,0.55,Italian,Italian,1.0,1.0,1.0,1.0,1411,4,0.0002854
5ae5e62455429929b0807a07,noise_gate,0.5,0.55,Italian,Italian,1.0,1.0,1.0,1.0,201,4,4.3400000000000005e-05
5ae5e62455429929b0807a07,noise_gate,0.2,0.5,Italian,Italian,1.0,1.0,1.0,1.0,1480,4,0.0002992
5ae5e62455429929b0807a07,noise_gate,0.25,0.5,Italian,Italian,1.0,1.0,1.0,1.0,1411,4,0.0002854
5ae5e62455429929b0807a07,noise_gate,0.3,0.5,Italian,Italian,1.0,1.0,1.0,1.0,1411,4,0.0002854
5ae5e62455429929b0807a07,noise_gate,0.35,0.5,Italian,Italian,1.0,1.0,1.0,1.0,1411,4,0.0002854
5ae5e62455429929b0807a07,noise_gate,0.5,0.5,Italian,Italian,1.0,1.0,1.0,1.0,201,4,4.3400000000000005e-05
5ae0120155429925eb1afbfb,noise_gate,0.2,0.55,"My Boss, My Hero","My Boss, My Hero",1.0,1.0,1.0,1.0,979,8,0.0002022
5ae0120155429925eb1afbfb,noise_gate,0.25,0.55,"My Boss, My Hero","My Boss, My Hero",1.0,1.0,1.0,1.0,827,8,0.0001718
5ae0120155429925eb1afbfb,noise_gate,0.3,0.55,"My Boss, My Hero","My Boss, My Hero",1.0,1.0,1.0,1.0,572,8,0.00012080000000000001
5ae0120155429925eb1afbfb,noise_gate,0.35,0.55,"My Boss, My Hero","My Boss, My Hero",1.0,1.0,1.0,1.0,572,8,0.00012080000000000001
5ae0120155429925eb1afbfb,noise_gate,0.5,0.55,"My Boss, My Hero","My Boss, My Hero",1.0,1.0,1.0,1.0,400,8,8.640000000000001e-05
5ae0120155429925eb1afbfb,noise_gate,0.2,0.5,"My Boss, My Hero","My Boss, My Hero",1.0,1.0,1.0,1.0,979,8,0.0002022
5ae0120155429925eb1afbfb,noise_gate,0.25,0.5,"My Boss, My Hero","My Boss, My Hero",1.0,1.0,1.0,1.0,827,8,0.0001718
5ae0120155429925eb1afbfb,noise_gate,0.3,0.5,"My Boss, My Hero","My Boss, My Hero",1.0,1.0,1.0,1.0,572,8,0.00012080000000000001
5ae0120155429925eb1afbfb,noise_gate,0.35,0.5,"My Boss, My Hero","My Boss, My Hero",1.0,1.0,1.0,1.0,572,8,0.00012080000000000001
5ae0120155429925eb1afbfb,noise_gate,0.5,0.5,"My Boss, My Hero","My Boss, My Hero",1.0,1.0,1.0,1.0,400,8,8.640000000000001e-05
5abe87cb5542993f32c2a156,noise_gate,0.2,0.55,National Lottery,state-franchised,0.0,0.0,0.0,0.0,798,5,0.00016360000000000002
5abe87cb5542993f32c2a156,noise_gate,0.25,0.55,National Lottery,state-franchised,0.0,0.0,0.0,0.0,561,5,0.0001162
5abe87cb5542993f32c2a156,noise_gate,0.3,0.55,National Lottery,state-franchised,0.0,0.0,0.0,0.0,399,5,8.380000000000002e-05
5abe87cb5542993f32c2a156,noise_gate,0.35,0.55,National Lottery,state-franchised,0.0,0.0,0.0,0.0,399,5,8.380000000000002e-05
5abe87cb5542993f32c2a156,noise_gate,0.5,0.55,National Lottery,state-franchised,0.0,0.0,0.0,0.0,230,5,5e-05
5abe87cb5542993f32c2a156,noise_gate,0.2,0.5,National Lottery,state-franchised,0.0,0.0,0.0,0.0,798,5,0.00016360000000000002
5abe87cb5542993f32c2a156,noise_gate,0.25,0.5,National Lottery,state-franchised,0.0,0.0,0.0,0.0,561,5,0.0001162
5abe87cb5542993f32c2a156,noise_gate,0.3,0.5,National Lottery,state-franchised,0.0,0.0,0.0,0.0,399,5,8.380000000000002e-05
5abe87cb5542993f32c2a156,noise_gate,0.35,0.5,National Lottery,state-franchised,0.0,0.0,0.0,0.0,399,5,8.380000000000002e-05
5abe87cb5542993f32c2a156,noise_gate,0.5,0.5,National Lottery,state-franchised,0.0,0.0,0.0,0.0,230,5,5e-05
5ae2b770554299495565db0f,noise_gate,0.2,0.55,March and April,March and April,1.0,1.0,1.0,1.0,1115,6,0.0002278
5ae2b770554299495565db0f,noise_gate,0.25,0.55,March and April,March and April,1.0,1.0,1.0,1.0,896,6,0.00018400000000000003
5ae2b770554299495565db0f,noise_gate,0.3,0.55,March and April,March and April,1.0,1.0,1.0,1.0,896,6,0.00018400000000000003
5ae2b770554299495565db0f,noise_gate,0.35,0.55,March and April,March and April,1.0,1.0,1.0,1.0,896,6,0.00018400000000000003
5ae2b770554299495565db0f,noise_gate,0.5,0.55,March and April,March and April,1.0,1.0,1.0,1.0,179,6,4.0600000000000004e-05
5ae2b770554299495565db0f,noise_gate,0.2,0.5,March and April,March and April,1.0,1.0,1.0,1.0,1115,6,0.0002278
5ae2b770554299495565db0f,noise_gate,0.25,0.5,March and April,March and April,1.0,1.0,1.0,1.0,896,6,0.00018400000000000003
5ae2b770554299495565db0f,noise_gate,0.3,0.5,March and April,March and April,1.0,1.0,1.0,1.0,896,6,0.00018400000000000003
5ae2b770554299495565db0f,noise_gate,0.35,0.5,March and April,March and April,1.0,1.0,1.0,1.0,896,6,0.00018400000000000003
5ae2b770554299495565db0f,noise_gate,0.5,0.5,March and April,March and April,1.0,1.0,1.0,1.0,179,6,4.0600000000000004e-05
5a7af2a455429931da12c998,noise_gate,0.2,0.55,West Palm Beach,Miami,0.0,0.0,0.0,0.0,1440,6,0.0002928
5a7af2a455429931da12c998,noise_gate,0.25,0.55,West Palm Beach,Miami,0.0,0.0,0.0,0.0,1440,6,0.0002928
5a7af2a455429931da12c998,noise_gate,0.3,0.55,West Palm Beach,Miami,0.0,0.0,0.0,0.0,1440,6,0.0002928
5a7af2a455429931da12c998,noise_gate,0.35,0.55,West Palm Beach,Miami,0.0,0.0,0.0,0.0,1440,6,0.0002928
5a7af2a455429931da12c998,noise_gate,0.5,0.55,West Palm Beach,Miami,0.0,0.0,0.0,0.0,683,6,0.0001414
5a7af2a455429931da12c998,noise_gate,0.2,0.5,West Palm Beach,Miami,0.0,0.0,0.0,0.0,1440,6,0.0002928
5a7af2a455429931da12c998,noise_gate,0.25,0.5,West Palm Beach,Miami,0.0,0.0,0.0,0.0,1440,6,0.0002928
5a7af2a455429931da12c998,noise_gate,0.3,0.5,West Palm Beach,Miami,0.0,0.0,0.0,0.0,1440,6,0.0002928
5a7af2a455429931da12c998,noise_gate,0.35,0.5,West Palm Beach,Miami,0.0,0.0,0.0,0.0,1440,6,0.0002928
5a7af2a455429931da12c998,noise_gate,0.5,0.5,West Palm Beach,Miami,0.0,0.0,0.0,0.0,683,6,0.0001414
5a7af23a55429931da12c994,noise_gate,0.2,0.55,The Suite Life of Zack & Cody,The Suite Life of Zack & Cody,1.0,1.0,1.0,1.0,963,10,0.00020060000000000002
5a7af23a55429931da12c994,noise_gate,0.25,0.55,The Suite Life of Zack & Cody,The Suite Life of Zack & Cody,1.0,1.0,1.0,1.0,963,10,0.00020060000000000002
5a7af23a55429931da12c994,noise_gate,0.3,0.55,The Suite Life of Zack & Cody,The Suite Life of Zack & Cody,1.0,1.0,1.0,1.0,865,10,0.000181
5a7af23a55429931da12c994,noise_gate,0.35,0.55,The Suite Life of Zack & Cody,The Suite Life of Zack & Cody,1.0,1.0,1.0,1.0,481,10,0.00010420000000000001
5a7af23a55429931da12c994,noise_gate,0.5,0.55,The Suite Life of Zack & Cody,The Suite Life of Zack & Cody,1.0,1.0,1.0,1.0,481,10,0.00010420000000000001
5a7af23a55429931da12c994,noise_gate,0.2,0.5,The Suite Life of Zack & Cody,The Suite Life of Zack & Cody,1.0,1.0,1.0,1.0,963,10,0.00020060000000000002
5a7af23a55429931da12c994,noise_gate,0.25,0.5,The Suite Life of Zack & Cody,The Suite Life of Zack & Cody,1.0,1.0,1.0,1.0,963,10,0.00020060000000000002
5a7af23a55429931da12c994,noise_gate,0.3,0.5,The Suite Life of Zack & Cody,The Suite Life of Zack & Cody,1.0,1.0,1.0,1.0,865,10,0.000181
5a7af23a55429931da12c994,noise_gate,0.35,0.5,The Suite Life of Zack & Cody,The Suite Life of Zack & Cody,1.0,1.0,1.0,1.0,481,10,0.00010420000000000001
5a7af23a55429931da12c994,noise_gate,0.5,0.5,The Suite Life of Zack & Cody,The Suite Life of Zack & Cody,1.0,1.0,1.0,1.0,481,10,0.00010420000000000001
5ab8634e5542990e739ec8de,noise_gate,0.2,0.55,John C. Bogle,The Vanguard Group,0.0,0.0,0.0,0.0,1262,8,0.0002588
5ab8634e5542990e739ec8de,noise_gate,0.25,0.55,John C. Bogle,The Vanguard Group,0.0,0.0,0.0,0.0,1117,8,0.0002298
5ab8634e5542990e739ec8de,noise_gate,0.3,0.55,John C. Bogle,The Vanguard Group,0.0,0.0,0.0,0.0,761,8,0.0001586
5ab8634e5542990e739ec8de,noise_gate,0.35,0.55,Fama and French's research was period dependent,The Vanguard Group,0.0,0.0,0.0,0.0,501,12,0.0001098
5ab8634e5542990e739ec8de,noise_gate,0.5,0.55,John C. Bogle,The Vanguard Group,0.0,0.0,0.0,0.0,226,8,5.16e-05
5ab8634e5542990e739ec8de,noise_gate,0.2,0.5,John C. Bogle,The Vanguard Group,0.0,0.0,0.0,0.0,1262,8,0.0002588
5ab8634e5542990e739ec8de,noise_gate,0.25,0.5,noanswer,The Vanguard Group,0.0,0.0,0.0,0.0,1117,5,0.0002274
5ab8634e5542990e739ec8de,noise_gate,0.3,0.5,John C. Bogle,The Vanguard Group,0.0,0.0,0.0,0.0,761,8,0.0001586
5ab8634e5542990e739ec8de,noise_gate,0.35,0.5,John C. Bogle,The Vanguard Group,0.0,0.0,0.0,0.0,501,8,0.0001066
5ab8634e5542990e739ec8de,noise_gate,0.5,0.5,John C. Bogle,The Vanguard Group,0.0,0.0,0.0,0.0,226,8,5.16e-05
5a8836445542997e5c09a5a5,noise_gate,0.2,0.55,private,public,0.0,0.0,0.0,0.0,2078,4,0.00041880000000000004
5a8836445542997e5c09a5a5,noise_gate,0.25,0.55,private,public,0.0,0.0,0.0,0.0,1765,4,0.00035620000000000004
5a8836445542997e5c09a5a5,noise_gate,0.3,0.55,private,public,0.0,0.0,0.0,0.0,789,4,0.000161
5a8836445542997e5c09a5a5,noise_gate,0.35,0.55,private,public,0.0,0.0,0.0,0.0,668,4,0.0001368
5a8836445542997e5c09a5a5,noise_gate,0.5,0.55,private,public,0.0,0.0,0.0,0.0,366,4,7.64e-05
5a8836445542997e5c09a5a5,noise_gate,0.2,0.5,private,public,0.0,0.0,0.0,0.0,2078,4,0.00041880000000000004
5a8836445542997e5c09a5a5,noise_gate,0.25,0.5,private,public,0.0,0.0,0.0,0.0,1765,4,0.00035620000000000004
5a8836445542997e5c09a5a5,noise_gate,0.3,0.5,private,public,0.0,0.0,0.0,0.0,789,4,0.000161
5a8836445542997e5c09a5a5,noise_gate,0.35,0.5,private,public,0.0,0.0,0.0,0.0,668,4,0.0001368
5ae127c9554299422ee99612,noise_gate,0.2,0.55,Nelson County,Nelson County,1.0,1.0,1.0,1.0,962,6,0.00019720000000000002
5ae127c9554299422ee99612,noise_gate,0.25,0.55,Nelson County,Nelson County,1.0,1.0,1.0,1.0,962,6,0.00019720000000000002
5ae127c9554299422ee99612,noise_gate,0.3,0.55,Nelson County,Nelson County,1.0,1.0,1.0,1.0,901,6,0.00018500000000000002
5ae127c9554299422ee99612,noise_gate,0.35,0.55,Nelson County,Nelson County,1.0,1.0,1.0,1.0,573,6,0.0001194
5ae127c9554299422ee99612,noise_gate,0.2,0.5,Nelson County,Nelson County,1.0,1.0,1.0,1.0,962,6,0.00019720000000000002
5ae127c9554299422ee99612,noise_gate,0.25,0.5,Nelson County,Nelson County,1.0,1.0,1.0,1.0,962,6,0.00019720000000000002
5ae127c9554299422ee99612,noise_gate,0.3,0.5,Nelson County,Nelson County,1.0,1.0,1.0,1.0,901,6,0.00018500000000000002
5ae127c9554299422ee99612,noise_gate,0.35,0.5,Nelson County,Nelson County,1.0,1.0,1.0,1.0,573,6,0.0001194
5ae127c9554299422ee99612,noise_gate,0.5,0.5,Nelson County,Nelson County,1.0,1.0,1.0,1.0,192,6,4.3200000000000007e-05
5ac194db55429964131be23a,noise_gate,0.25,0.55,Lutheranism,Protestantism,0.0,0.0,0.0,0.0,1394,7,0.0002844
5ac194db55429964131be23a,noise_gate,0.3,0.55,Lutheranism,Protestantism,0.0,0.0,0.0,0.0,1116,7,0.0002288
5ac194db55429964131be23a,noise_gate,0.35,0.55,Lutheranism,Protestantism,0.0,0.0,0.0,0.0,964,7,0.00019840000000000002
5ac194db55429964131be23a,noise_gate,0.5,0.55,Lutheranism,Protestantism,0.0,0.0,0.0,0.0,335,7,7.26e-05
5ac194db55429964131be23a,noise_gate,0.2,0.5,Lutheranism,Protestantism,0.0,0.0,0.0,0.0,1763,7,0.00035820000000000003
5ac194db55429964131be23a,noise_gate,0.25,0.5,Lutheranism,Protestantism,0.0,0.0,0.0,0.0,1394,7,0.0002844
5ac194db55429964131be23a,noise_gate,0.3,0.5,Lutheranism,Protestantism,0.0,0.0,0.0,0.0,1116,7,0.0002288
5ac194db55429964131be23a,noise_gate,0.35,0.5,Lutheranism,Protestantism,0.0,0.0,0.0,0.0,964,7,0.00019840000000000002
5ac194db55429964131be23a,noise_gate,0.5,0.5,Lutheranism,Protestantism,0.0,0.0,0.0,0.0,335,7,7.26e-05
5ab8eabb5542991b5579f03d,noise_gate,0.2,0.55,Chrysler,Chrysler,1.0,1.0,1.0,1.0,1111,6,0.00022700000000000002
5ab8eabb5542991b5579f03d,noise_gate,0.25,0.55,Chrysler,Chrysler,1.0,1.0,1.0,1.0,1052,6,0.00021520000000000003
5ab8eabb5542991b5579f03d,noise_gate,0.3,0.55,Chrysler,Chrysler,1.0,1.0,1.0,1.0,1052,6,0.00021520000000000003
5ab8eabb5542991b5579f03d,noise_gate,0.35,0.55,Chrysler,Chrysler,1.0,1.0,1.0,1.0,1052,6,0.00021520000000000003
5ab8eabb5542991b5579f03d,noise_gate,0.5,0.55,The Home Depot,Chrysler,0.0,0.0,0.0,0.0,295,6,6.379999999999999e-05
5ab8eabb5542991b5579f03d,noise_gate,0.2,0.5,Chrysler,Chrysler,1.0,1.0,1.0,1.0,1111,6,0.00022700000000000002
5ab8eabb5542991b5579f03d,noise_gate,0.25,0.5,Chrysler,Chrysler,1.0,1.0,1.0,1.0,1052,6,0.00021520000000000003
5ab8eabb5542991b5579f03d,noise_gate,0.3,0.5,Chrysler,Chrysler,1.0,1.0,1.0,1.0,1052,6,0.00021520000000000003
5ab8eabb5542991b5579f03d,noise_gate,0.35,0.5,Chrysler,Chrysler,1.0,1.0,1.0,1.0,1052,6,0.00021520000000000003
5ab8eabb5542991b5579f03d,noise_gate,0.5,0.5,The Home Depot,Chrysler,0.0,0.0,0.0,0.0,295,6,6.379999999999999e-05
5ab234c65542993be8fa98c6,noise_gate,0.2,0.55,Luca Guadagnino,Luca Guadagnino,1.0,1.0,1.0,1.0,1321,8,0.00027059999999999996
5ab234c65542993be8fa98c6,noise_gate,0.25,0.55,Luca Guadagnino,Luca Guadagnino,1.0,1.0,1.0,1.0,1321,8,0.00027059999999999996
5ab234c65542993be8fa98c6,noise_gate,0.3,0.55,Luca Guadagnino,Luca Guadagnino,1.0,1.0,1.0,1.0,1152,8,0.0002368
5ab234c65542993be8fa98c6,noise_gate,0.35,0.55,Luca Guadagnino,Luca Guadagnino,1.0,1.0,1.0,1.0,1045,8,0.0002154
5ab234c65542993be8fa98c6,noise_gate,0.5,0.55,Luca Guadagnino,Luca Guadagnino,1.0,1.0,1.0,1.0,297,8,6.580000000000001e-05
5ab234c65542993be8fa98c6,noise_gate,0.2,0.5,Luca Guadagnino,Luca Guadagnino,1.0,1.0,1.0,1.0,1321,8,0.00027059999999999996
5ab234c65542993be8fa98c6,noise_gate,0.25,0.5,Luca Guadagnino,Luca Guadagnino,1.0,1.0,1.0,1.0,1321,8,0.00027059999999999996
5ab234c65542993be8fa98c6,noise_gate,0.3,0.5,Luca Guadagnino,Luca Guadagnino,1.0,1.0,1.0,1.0,1152,8,0.0002368
5ab234c65542993be8fa98c6,noise_gate,0.35,0.5,Luca Guadagnino,Luca Guadagnino,1.0,1.0,1.0,1.0,1045,8,0.0002154
5ab234c65542993be8fa98c6,noise_gate,0.5,0.5,Luca Guadagnino,Luca Guadagnino,1.0,1.0,1.0,1.0,297,8,6.580000000000001e-05
5ae524415542992663a4f121,noise_gate,0.2,0.55,Helsinki,"Helsinki, Finland",0.0,0.6666666666666666,1.0,0.5,1670,6,0.0003388
5ae524415542992663a4f121,noise_gate,0.25,0.55,Helsinki,"Helsinki, Finland",0.0,0.6666666666666666,1.0,0.5,1670,6,0.0003388
5ae524415542992663a4f121,noise_gate,0.3,0.55,Helsinki,"Helsinki, Finland",0.0,0.6666666666666666,1.0,0.5,1670,6,0.0003388
5ae524415542992663a4f121,noise_gate,0.35,0.55,Helsinki,"Helsinki, Finland",0.0,0.6666666666666666,1.0,0.5,1543,12,0.00031820000000000004
5ae524415542992663a4f121,noise_gate,0.5,0.55,Calgary,"Helsinki, Finland",0.0,0.0,0.0,0.0,103,11,2.9400000000000003e-05
5ae524415542992663a4f121,noise_gate,0.2,0.5,Vancouver,"Helsinki, Finland",0.0,0.0,0.0,0.0,1670,5,0.000338
5ae524415542992663a4f121,noise_gate,0.25,0.5,Helsinki,"Helsinki, Finland",0.0,0.6666666666666666,1.0,0.5,1670,6,0.0003388
5ae524415542992663a4f121,noise_gate,0.3,0.5,Helsinki,"Helsinki, Finland",0.0,0.6666666666666666,1.0,0.5,1670,6,0.0003388
5ae524415542992663a4f121,noise_gate,0.35,0.5,Helsinki,"Helsinki, Finland",0.0,0.6666666666666666,1.0,0.5,1543,6,0.00031340000000000003
5ae524415542992663a4f121,noise_gate,0.5,0.5,St. Paul,"Helsinki, Finland",0.0,0.0,0.0,0.0,103,12,3.0200000000000002e-05
5a7e42df5542994959419954,noise_gate,0.2,0.55,"Ghana
",Ghanaian national team,0.0,0.0,0.0,0.0,925,6,0.0001898
5a7e42df5542994959419954,noise_gate,0.25,0.55,"Ghana
",Ghanaian national team,0.0,0.0,0.0,0.0,802,6,0.0001652
5a7e42df5542994959419954,noise_gate,0.3,0.55,Ghana,Ghanaian national team,0.0,0.0,0.0,0.0,589,5,0.00012180000000000002
5a7e42df5542994959419954,noise_gate,0.35,0.55,Ghana,Ghanaian national team,0.0,0.0,0.0,0.0,292,5,6.24e-05
5a7e42df5542994959419954,noise_gate,0.5,0.55,Ghana,Ghanaian national team,0.0,0.0,0.0,0.0,292,5,6.24e-05
5a7e42df5542994959419954,noise_gate,0.2,0.5,Ghana,Ghanaian national team,0.0,0.0,0.0,0.0,925,5,0.00018899999999999999
5a7e42df5542994959419954,noise_gate,0.25,0.5,Ghana,Ghanaian national team,0.0,0.0,0.0,0.0,802,5,0.00016439999999999998
5a7e42df5542994959419954,noise_gate,0.3,0.5,"Ghana
",Ghanaian national team,0.0,0.0,0.0,0.0,589,6,0.00012260000000000003
5a7e42df5542994959419954,noise_gate,0.35,0.5,Ghana,Ghanaian national team,0.0,0.0,0.0,0.0,292,5,6.24e-05
5a7e42df5542994959419954,noise_gate,0.5,0.5,Ghana,Ghanaian national team,0.0,0.0,0.0,0.0,292,5,6.24e-05
5abffc0d5542990832d3a1e2,noise_gate,0.2,0.55,nuclear weapons,nuclear weapons,1.0,1.0,1.0,1.0,1647,6,0.00033420000000000005
5abffc0d5542990832d3a1e2,noise_gate,0.25,0.55,nuclear weapons,nuclear weapons,1.0,1.0,1.0,1.0,1024,6,0.00020960000000000003
5abffc0d5542990832d3a1e2,noise_gate,0.3,0.55,nuclear weapons,nuclear weapons,1.0,1.0,1.0,1.0,839,6,0.00017260000000000002
5abffc0d5542990832d3a1e2,noise_gate,0.35,0.55,nuclear weapons,nuclear weapons,1.0,1.0,1.0,1.0,534,6,0.0001116
5abffc0d5542990832d3a1e2,noise_gate,0.5,0.55,nuclear football,nuclear weapons,0.0,0.5,0.5,0.5,95,12,2.8600000000000004e-05
5abffc0d5542990832d3a1e2,noise_gate,0.2,0.5,nuclear weapons,nuclear weapons,1.0,1.0,1.0,1.0,1647,6,0.00033420000000000005
5abffc0d5542990832d3a1e2,noise_gate,0.25,0.5,nuclear weapons,nuclear weapons,1.0,1.0,1.0,1.0,1024,6,0.00020960000000000003
5abffc0d5542990832d3a1e2,noise_gate,0.3,0.5,nuclear weapons,nuclear weapons,1.0,1.0,1.0,1.0,839,6,0.00017260000000000002
5abffc0d5542990832d3a1e2,noise_gate,0.35,0.5,nuclear weapons,nuclear weapons,1.0,1.0,1.0,1.0,534,6,0.0001116
5abffc0d5542990832d3a1e2,noise_gate,0.5,0.5,nuclear football,nuclear weapons,0.0,0.5,0.5,0.5,95,12,2.8600000000000004e-05
5ae6914755429908198fa627,noise_gate,0.2,0.55,January,January 2001,0.0,0.6666666666666666,1.0,0.5,1409,4,0.00028500000000000004
5ae6914755429908198fa627,noise_gate,0.25,0.55,January,January 2001,0.0,0.6666666666666666,1.0,0.5,1409,4,0.00028500000000000004
5ae6914755429908198fa627,noise_gate,0.3,0.55,January,January 2001,0.0,0.6666666666666666,1.0,0.5,1409,4,0.00028500000000000004
5ae6914755429908198fa627,noise_gate,0.35,0.55,January,January 2001,0.0,0.6666666666666666,1.0,0.5,1409,4,0.00028500000000000004
5ae6914755429908198fa627,noise_gate,0.5,0.55,January,January 2001,0.0,0.6666666666666666,1.0,0.5,249,4,5.300000000000001e-05
5ae6914755429908198fa627,noise_gate,0.2,0.5,January,January 2001,0.0,0.6666666666666666,1.0,0.5,1409,4,0.00028500000000000004
5ae6914755429908198fa627,noise_gate,0.25,0.5,January,January 2001,0.0,0.6666666666666666,1.0,0.5,1409,4,0.00028500000000000004
5ae6914755429908198fa627,noise_gate,0.3,0.5,January,January 2001,0.0,0.6666666666666666,1.0,0.5,1409,4,0.00028500000000000004
5ae6914755429908198fa627,noise_gate,0.35,0.5,January,January 2001,0.0,0.6666666666666666,1.0,0.5,1409,4,0.00028500000000000004
5ae6914755429908198fa627,noise_gate,0.5,0.5,December,January 2001,0.0,0.0,0.0,0.0,249,4,5.300000000000001e-05
5ae78f3b554299540e5a5608,noise_gate,0.2,0.55,The CW,CBS,0.0,0.0,0.0,0.0,1401,5,0.00028419999999999997
5ae78f3b554299540e5a5608,noise_gate,0.25,0.55,The CW,CBS,0.0,0.0,0.0,0.0,1401,5,0.00028419999999999997
5ae78f3b554299540e5a5608,noise_gate,0.3,0.55,The CW,CBS,0.0,0.0,0.0,0.0,991,5,0.0002022
5ae78f3b554299540e5a5608,noise_gate,0.35,0.55,The CW,CBS,0.0,0.0,0.0,0.0,743,5,0.0001526
5ae78f3b554299540e5a5608,noise_gate,0.5,0.55,The CW,CBS,0.0,0.0,0.0,0.0,181,5,4.020000000000001e-05
5ae78f3b554299540e5a5608,noise_gate,0.2,0.5,The CW,CBS,0.0,0.0,0.0,0.0,1401,5,0.00028419999999999997
5ae78f3b554299540e5a5608,noise_gate,0.25,0.5,The CW,CBS,0.0,0.0,0.0,0.0,1401,5,0.00028419999999999997
5ae78f3b554299540e5a5608,noise_gate,0.3,0.5,The CW,CBS,0.0,0.0,0.0,0.0,991,5,0.0002022
5ae78f3b554299540e5a5608,noise_gate,0.35,0.5,The CW,CBS,0.0,0.0,0.0,0.0,743,5,0.0001526
5ae78f3b554299540e5a5608,noise_gate,0.5,0.5,The CW,CBS,0.0,0.0,0.0,0.0,181,5,4.020000000000001e-05
5a8b46925542995d1e6f133c,noise_gate,0.2,0.55,"August 11, 1946","August 11, 1946",1.0,1.0,1.0,1.0,1021,10,0.00021220000000000004
5a8b46925542995d1e6f133c,noise_gate,0.25,0.55,noanswer,"August 11, 1946",0.0,0.0,0.0,0.0,739,5,0.0001518
5a8b46925542995d1e6f133c,noise_gate,0.3,0.55,noanswer,"August 11, 1946",0.0,0.0,0.0,0.0,739,5,0.0001518
5a8b46925542995d1e6f133c,noise_gate,0.35,0.55,noanswer,"August 11, 1946",0.0,0.0,0.0,0.0,598,5,0.0001236
5a8b46925542995d1e6f133c,noise_gate,0.5,0.55,1938,"August 11, 1946",0.0,0.0,0.0,0.0,332,5,7.04e-05
5a8b46925542995d1e6f133c,noise_gate,0.2,0.5,"August 11, 1946","August 11, 1946",1.0,1.0,1.0,1.0,1021,10,0.00021220000000000004
5a8b46925542995d1e6f133c,noise_gate,0.25,0.5,"June 18, 1939","August 11, 1946",0.0,0.0,0.0,0.0,739,10,0.00015580000000000002
5a8b46925542995d1e6f133c,noise_gate,0.35,0.5,noanswer,"August 11, 1946",0.0,0.0,0.0,0.0,598,5,0.0001236
5a8b46925542995d1e6f133c,noise_gate,0.5,0.5,1937,"August 11, 1946",0.0,0.0,0.0,0.0,332,5,7.04e-05
5ab4f7fc5542991779162d43,noise_gate,0.2,0.55,Volta Region,Volta,0.0,0.6666666666666666,0.5,1.0,438,6,9.240000000000001e-05
5ab4f7fc5542991779162d43,noise_gate,0.25,0.55,Volta Region,Volta,0.0,0.6666666666666666,0.5,1.0,438,6,9.240000000000001e-05
5ab4f7fc5542991779162d43,noise_gate,0.3,0.55,Volta Region,Volta,0.0,0.6666666666666666,0.5,1.0,438,6,9.240000000000001e-05
5ab4f7fc5542991779162d43,noise_gate,0.35,0.55,Volta Region,Volta,0.0,0.6666666666666666,0.5,1.0,438,6,9.240000000000001e-05
5ab4f7fc5542991779162d43,noise_gate,0.5,0.55,Volta Region,Volta,0.0,0.6666666666666666,0.5,1.0,438,6,9.240000000000001e-05
5ab4f7fc5542991779162d43,noise_gate,0.2,0.5,Volta Region,Volta,0.0,0.6666666666666666,0.5,1.0,438,6,9.240000000000001e-05
5ab4f7fc5542991779162d43,noise_gate,0.25,0.5,Volta Region,Volta,0.0,0.6666666666666666,0.5,1.0,438,6,9.240000000000001e-05
5ab4f7fc5542991779162d43,noise_gate,0.3,0.5,Volta Region,Volta,0.0,0.6666666666666666,0.5,1.0,438,6,9.240000000000001e-05
5ab4f7fc5542991779162d43,noise_gate,0.5,0.5,Volta Region,Volta,0.0,0.6666666666666666,0.5,1.0,438,6,9.240000000000001e-05
5abd13b655429924427fceea,noise_gate,0.2,0.55,Jack White,Jack White,1.0,1.0,1.0,1.0,1449,5,0.0002938
5abd13b655429924427fceea,noise_gate,0.3,0.55,Jack White,Jack White,1.0,1.0,1.0,1.0,1449,5,0.0002938
5abd13b655429924427fceea,noise_gate,0.35,0.55,Jack White,Jack White,1.0,1.0,1.0,1.0,1296,5,0.0002632
5abd13b655429924427fceea,noise_gate,0.5,0.55,Jack White,Jack White,1.0,1.0,1.0,1.0,428,11,9.44e-05
5abd13b655429924427fceea,noise_gate,0.2,0.5,Jack White,Jack White,1.0,1.0,1.0,1.0,1449,5,0.0002938
5abd13b655429924427fceea,noise_gate,0.25,0.5,Jack White,Jack White,1.0,1.0,1.0,1.0,1449,5,0.0002938
5abd13b655429924427fceea,noise_gate,0.3,0.5,Jack White,Jack White,1.0,1.0,1.0,1.0,1449,5,0.0002938
5abd13b655429924427fceea,noise_gate,0.35,0.5,Jack White,Jack White,1.0,1.0,1.0,1.0,1296,5,0.0002632
5abd13b655429924427fceea,noise_gate,0.5,0.5,Jack White,Jack White,1.0,1.0,1.0,1.0,428,5,8.960000000000001e-05
5adf37a95542995ec70e8f97,noise_gate,0.2,0.55,1968,1838,0.0,0.0,0.0,0.0,1473,5,0.0002986
5adf37a95542995ec70e8f97,noise_gate,0.25,0.55,1838,1838,1.0,1.0,1.0,1.0,1473,5,0.0002986
5adf37a95542995ec70e8f97,noise_gate,0.3,0.55,1838,1838,1.0,1.0,1.0,1.0,1473,5,0.0002986
5adf37a95542995ec70e8f97,noise_gate,0.35,0.55,1838,1838,1.0,1.0,1.0,1.0,1473,5,0.0002986
5adf37a95542995ec70e8f97,noise_gate,0.5,0.55,1838,1838,1.0,1.0,1.0,1.0,1473,5,0.0002986
5adf37a95542995ec70e8f97,noise_gate,0.2,0.5,1838,1838,1.0,1.0,1.0,1.0,1473,5,0.0002986
5adf37a95542995ec70e8f97,noise_gate,0.25,0.5,1968,1838,0.0,0.0,0.0,0.0,1473,5,0.0002986
5adf37a95542995ec70e8f97,noise_gate,0.3,0.5,1968,1838,0.0,0.0,0.0,0.0,1473,5,0.0002986
5adf37a95542995ec70e8f97,noise_gate,0.35,0.5,1968,1838,0.0,0.0,0.0,0.0,1473,5,0.0002986
5adf37a95542995ec70e8f97,noise_gate,0.5,0.5,1968,1838,0.0,0.0,0.0,0.0,1473,5,0.0002986
5a78e86f55429974737f78fb,noise_gate,0.2,0.55,the long history of Japan and the Imperial dynasty,the long history of Japan,0.0,0.7272727272727273,0.5714285714285714,1.0,1556,12,0.00032080000000000005
5a78e86f55429974737f78fb,noise_gate,0.25,0.55,the long history of Japan and the Imperial dynasty,the long history of Japan,0.0,0.7272727272727273,0.5714285714285714,1.0,1556,12,0.00032080000000000005
5a78e86f55429974737f78fb,noise_gate,0.3,0.55,the long history of Japan and the Imperial dynasty,the long history of Japan,0.0,0.7272727272727273,0.5714285714285714,1.0,1483,12,0.0003062
5a78e86f55429974737f78fb,noise_gate,0.35,0.55,the long history of Japan and the Imperial dynasty,the long history of Japan,0.0,0.7272727272727273,0.5714285714285714,1.0,910,12,0.0001916
5a78e86f55429974737f78fb,noise_gate,0.5,0.55,the long history of Japan and the Imperial dynasty,the long history of Japan,0.0,0.7272727272727273,0.5714285714285714,1.0,314,12,7.240000000000001e-05
5a78e86f55429974737f78fb,noise_gate,0.2,0.5,the long history of Japan and the Imperial dynasty,the long history of Japan,0.0,0.7272727272727273,0.5714285714285714,1.0,1556,12,0.00032080000000000005
5a78e86f55429974737f78fb,noise_gate,0.25,0.5,the long history of Japan and the Imperial dynasty,the long history of Japan,0.0,0.7272727272727273,0.5714285714285714,1.0,1556,12,0.00032080000000000005
5a78e86f55429974737f78fb,noise_gate,0.3,0.5,the long history of Japan and the Imperial dynasty,the long history of Japan,0.0,0.7272727272727273,0.5714285714285714,1.0,1483,12,0.0003062
5a78e86f55429974737f78fb,noise_gate,0.35,0.5,the long history of Japan and the Imperial dynasty,the long history of Japan,0.0,0.7272727272727273,0.5714285714285714,1.0,910,12,0.0001916
5a78e86f55429974737f78fb,noise_gate,0.5,0.5,the long history of Japan and the Imperial dynasty,the long history of Japan,0.0,0.7272727272727273,0.5714285714285714,1.0,314,12,7.240000000000001e-05
5a807ceb554299485f598616,noise_gate,0.2,0.55,Steve Coogan,Stephen John Coogan,0.0,0.4,0.5,0.3333333333333333,1125,6,0.0002298
5a807ceb554299485f598616,noise_gate,0.25,0.55,Steve Coogan,Stephen John Coogan,0.0,0.4,0.5,0.3333333333333333,1125,6,0.0002298
5a807ceb554299485f598616,noise_gate,0.3,0.55,Steve Coogan,Stephen John Coogan,0.0,0.4,0.5,0.3333333333333333,963,6,0.00019740000000000003
5a807ceb554299485f598616,noise_gate,0.35,0.55,Steve Coogan,Stephen John Coogan,0.0,0.4,0.5,0.3333333333333333,963,6,0.00019740000000000003
5a807ceb554299485f598616,noise_gate,0.5,0.55,Paul Morley,Stephen John Coogan,0.0,0.0,0.0,0.0,271,6,5.9000000000000004e-05
5a807ceb554299485f598616,noise_gate,0.2,0.5,Steve Coogan,Stephen John Coogan,0.0,0.4,0.5,0.3333333333333333,1125,6,0.0002298
5a807ceb554299485f598616,noise_gate,0.25,0.5,Steve Coogan,Stephen John Coogan,0.0,0.4,0.5,0.3333333333333333,1125,6,0.0002298
5a807ceb554299485f598616,noise_gate,0.3,0.5,Steve Coogan,Stephen John Coogan,0.0,0.4,0.5,0.3333333333333333,963,6,0.00019740000000000003
5a807ceb554299485f598616,noise_gate,0.35,0.5,Steve Coogan,Stephen John Coogan,0.0,0.4,0.5,0.3333333333333333,963,6,0.00019740000000000003
5a807ceb554299485f598616,noise_gate,0.5,0.5,Craig Charles,Stephen John Coogan,0.0,0.0,0.0,0.0,271,5,5.8200000000000005e-05
5a8c493e554299653c1aa020,noise_gate,0.2,0.55,marker pen,marker pen,1.0,1.0,1.0,1.0,1263,5,0.0002566
5a8c493e554299653c1aa020,noise_gate,0.25,0.55,marker pen,marker pen,1.0,1.0,1.0,1.0,1263,5,0.0002566
5a8c493e554299653c1aa020,noise_gate,0.3,0.55,one letter,marker pen,0.0,0.0,0.0,0.0,1152,5,0.0002344
5a8c493e554299653c1aa020,noise_gate,0.35,0.55,noanswer,marker pen,0.0,0.0,0.0,0.0,1080,5,0.00021999999999999998
5a8c493e554299653c1aa020,noise_gate,0.5,0.55,noanswer,marker pen,0.0,0.0,0.0,0.0,422,5,8.840000000000001e-05
5a8c493e554299653c1aa020,noise_gate,0.2,0.5,marker pen,marker pen,1.0,1.0,1.0,1.0,1263,5,0.0002566
5a8c493e554299653c1aa020,noise_gate,0.25,0.5,marker pen,marker pen,1.0,1.0,1.0,1.0,1263,5,0.0002566
5a8c493e554299653c1aa020,noise_gate,0.3,0.5,noanswer,marker pen,0.0,0.0,0.0,0.0,1152,11,0.00023920000000000001
5a8c493e554299653c1aa020,noise_gate,0.35,0.5,noanswer,marker pen,0.0,0.0,0.0,0.0,1080,5,0.00021999999999999998
5a8c493e554299653c1aa020,noise_gate,0.5,0.5,noanswer,marker pen,0.0,0.0,0.0,0.0,422,5,8.840000000000001e-05
5a75404a55429916b01642be,noise_gate,0.2,0.55,Syracuse University,Syracuse University,1.0,1.0,1.0,1.0,683,7,0.0001422
5a75404a55429916b01642be,noise_gate,0.25,0.55,Syracuse University,Syracuse University,1.0,1.0,1.0,1.0,683,7,0.0001422
5a75404a55429916b01642be,noise_gate,0.3,0.55,Syracuse University,Syracuse University,1.0,1.0,1.0,1.0,683,7,0.0001422
5a75404a55429916b01642be,noise_gate,0.35,0.55,Syracuse University,Syracuse University,1.0,1.0,1.0,1.0,683,7,0.0001422
5a75404a55429916b01642be,noise_gate,0.5,0.55,Princeton University,Syracuse University,0.0,0.5,0.5,0.5,94,12,2.84e-05
5a75404a55429916b01642be,noise_gate,0.2,0.5,Syracuse University,Syracuse University,1.0,1.0,1.0,1.0,683,7,0.0001422
5a75404a55429916b01642be,noise_gate,0.25,0.5,Syracuse University,Syracuse University,1.0,1.0,1.0,1.0,683,7,0.0001422
5a75404a55429916b01642be,noise_gate,0.3,0.5,Syracuse University,Syracuse University,1.0,1.0,1.0,1.0,683,7,0.0001422
5a75404a55429916b01642be,noise_gate,0.35,0.5,Syracuse University,Syracuse University,1.0,1.0,1.0,1.0,683,7,0.0001422
5a75404a55429916b01642be,noise_gate,0.5,0.5,Princeton University,Syracuse University,0.0,0.5,0.5,0.5,94,12,2.84e-05
5a81108855429926c1cdace2,noise_gate,0.2,0.55,16th,world's 16th largest city,0.0,0.4,1.0,0.25,976,5,0.00019920000000000002
5a81108855429926c1cdace2,noise_gate,0.25,0.55,16th,world's 16th largest city,0.0,0.4,1.0,0.25,750,5,0.00015399999999999998
5a81108855429926c1cdace2,noise_gate,0.3,0.55,16th,world's 16th largest city,0.0,0.4,1.0,0.25,665,5,0.000137
5a81108855429926c1cdace2,noise_gate,0.35,0.55,16th,world's 16th largest city,0.0,0.4,1.0,0.25,665,5,0.000137
5a81108855429926c1cdace2,noise_gate,0.5,0.55,Seoul,world's 16th largest city,0.0,0.0,0.0,0.0,204,5,4.4800000000000005e-05
5a81108855429926c1cdace2,noise_gate,0.2,0.5,16th,world's 16th largest city,0.0,0.4,1.0,0.25,976,5,0.00019920000000000002
5a81108855429926c1cdace2,noise_gate,0.25,0.5,16th,world's 16th largest city,0.0,0.4,1.0,0.25,750,5,0.00015399999999999998
5a81108855429926c1cdace2,noise_gate,0.3,0.5,16th,world's 16th largest city,0.0,0.4,1.0,0.25,665,5,0.000137
5a81108855429926c1cdace2,noise_gate,0.35,0.5,16th,world's 16th largest city,0.0,0.4,1.0,0.25,665,11,0.0001418
5a81108855429926c1cdace2,noise_gate,0.5,0.5,14th,world's 16th largest city,0.0,0.0,0.0,0.0,204,5,4.4800000000000005e-05
5ae340a85542994393b9e668,noise_gate,0.2,0.55,Milan,Milan,1.0,1.0,1.0,1.0,1231,5,0.0002502
5ae340a85542994393b9e668,noise_gate,0.25,0.55,Milan,Milan,1.0,1.0,1.0,1.0,1231,5,0.0002502
5ae340a85542994393b9e668,noise_gate,0.3,0.55,Milan,Milan,1.0,1.0,1.0,1.0,739,5,0.0001518
5ae340a85542994393b9e668,noise_gate,0.35,0.55,Quezon City,Milan,0.0,0.0,0.0,0.0,435,6,9.18e-05
5ae340a85542994393b9e668,noise_gate,0.5,0.55,Lisbon,Milan,0.0,0.0,0.0,0.0,169,5,3.7800000000000004e-05
5ae340a85542994393b9e668,noise_gate,0.2,0.5,Milan,Milan,1.0,1.0,1.0,1.0,1231,5,0.0002502
5ae340a85542994393b9e668,noise_gate,0.25,0.5,Milan,Milan,1.0,1.0,1.0,1.0,1231,5,0.0002502
5ae340a85542994393b9e668,noise_gate,0.3,0.5,Milan,Milan,1.0,1.0,1.0,1.0,739,5,0.0001518
5ae340a85542994393b9e668,noise_gate,0.35,0.5,Benfica,Milan,0.0,0.0,0.0,0.0,435,5,9.1e-05
5ae340a85542994393b9e668,noise_gate,0.5,0.5,Lisbon,Milan,0.0,0.0,0.0,0.0,169,5,3.7800000000000004e-05
5a8d0be85542994ba4e3dbb2,noise_gate,0.2,0.55,Prince George's County,Prince George's County,1.0,1.0,1.0,1.0,975,7,0.0002006
5a8d0be85542994ba4e3dbb2,noise_gate,0.25,0.55,Prince George's County,Prince George's County,1.0,1.0,1.0,1.0,975,7,0.0002006
5a8d0be85542994ba4e3dbb2,noise_gate,0.3,0.55,Prince George's County,Prince George's County,1.0,1.0,1.0,1.0,975,7,0.0002006
5a8d0be85542994ba4e3dbb2,noise_gate,0.35,0.55,Prince George's County,Prince George's County,1.0,1.0,1.0,1.0,975,7,0.0002006
5a8d0be85542994ba4e3dbb2,noise_gate,0.5,0.55,Baltimore County,Prince George's County,0.0,0.4,0.5,0.3333333333333333,267,12,6.3e-05
5a8d0be85542994ba4e3dbb2,noise_gate,0.2,0.5,Prince George's County,Prince George's County,1.0,1.0,1.0,1.0,975,7,0.0002006
5a8d0be85542994ba4e3dbb2,noise_gate,0.25,0.5,Prince George's County,Prince George's County,1.0,1.0,1.0,1.0,975,7,0.0002006
5a8d0be85542994ba4e3dbb2,noise_gate,0.3,0.5,Prince George's County,Prince George's County,1.0,1.0,1.0,1.0,975,7,0.0002006
5a8d0be85542994ba4e3dbb2,noise_gate,0.35,0.5,Prince George's County,Prince George's County,1.0,1.0,1.0,1.0,975,7,0.0002006
5a8d0be85542994ba4e3dbb2,noise_gate,0.5,0.5,Baltimore County,Prince George's County,0.0,0.4,0.5,0.3333333333333333,267,6,5.8200000000000005e-05
5add43335542995b365faae1,noise_gate,0.2,0.55,Mickey Mouse Cup,Mickey Mouse Cup,1.0,1.0,1.0,1.0,1739,7,0.0003534
5add43335542995b365faae1,noise_gate,0.25,0.55,Mickey Mouse Cup,Mickey Mouse Cup,1.0,1.0,1.0,1.0,1518,7,0.00030920000000000003
5add43335542995b365faae1,noise_gate,0.3,0.55,Mickey Mouse Cup,Mickey Mouse Cup,1.0,1.0,1.0,1.0,1276,7,0.00026080000000000005
5add43335542995b365faae1,noise_gate,0.35,0.55,Mickey Mouse Cup,Mickey Mouse Cup,1.0,1.0,1.0,1.0,1276,7,0.00026080000000000005
5add43335542995b365faae1,noise_gate,0.5,0.55,derby,Mickey Mouse Cup,0.0,0.0,0.0,0.0,215,5,4.7000000000000004e-05
5add43335542995b365faae1,noise_gate,0.2,0.5,Mickey Mouse Cup,Mickey Mouse Cup,1.0,1.0,1.0,1.0,1739,7,0.0003534
5add43335542995b365faae1,noise_gate,0.25,0.5,Mickey Mouse Cup,Mickey Mouse Cup,1.0,1.0,1.0,1.0,1518,7,0.00030920000000000003
5add43335542995b365faae1,noise_gate,0.3,0.5,Mickey Mouse Cup,Mickey Mouse Cup,1.0,1.0,1.0,1.0,1276,7,0.00026080000000000005
5add43335542995b365faae1,noise_gate,0.35,0.5,Mickey Mouse Cup,Mickey Mouse Cup,1.0,1.0,1.0,1.0,1276,7,0.00026080000000000005
5add43335542995b365faae1,noise_gate,0.5,0.5,derby,Mickey Mouse Cup,0.0,0.0,0.0,0.0,215,5,4.7000000000000004e-05
5ae4d8475542993aec5ec0e0,noise_gate,0.2,0.55,Giuseppe Verdi,Giuseppe Verdi,1.0,1.0,1.0,1.0,1799,7,0.0003654
5ae4d8475542993aec5ec0e0,noise_gate,0.25,0.55,Giuseppe Verdi,Giuseppe Verdi,1.0,1.0,1.0,1.0,1799,7,0.0003654
5ae4d8475542993aec5ec0e0,noise_gate,0.3,0.55,Giuseppe Verdi,Giuseppe Verdi,1.0,1.0,1.0,1.0,1799,7,0.0003654
5ae4d8475542993aec5ec0e0,noise_gate,0.35,0.55,Giuseppe Verdi,Giuseppe Verdi,1.0,1.0,1.0,1.0,1799,7,0.0003654
5ae4d8475542993aec5ec0e0,noise_gate,0.5,0.55,Giuseppe Verdi,Giuseppe Verdi,1.0,1.0,1.0,1.0,1101,7,0.0002258
5ae4d8475542993aec5ec0e0,noise_gate,0.2,0.5,Giuseppe Verdi,Giuseppe Verdi,1.0,1.0,1.0,1.0,1799,7,0.0003654
5ae4d8475542993aec5ec0e0,noise_gate,0.25,0.5,Giuseppe Verdi,Giuseppe Verdi,1.0,1.0,1.0,1.0,1799,7,0.0003654
5ae4d8475542993aec5ec0e0,noise_gate,0.3,0.5,Giuseppe Verdi,Giuseppe Verdi,1.0,1.0,1.0,1.0,1799,7,0.0003654
5ae4d8475542993aec5ec0e0,noise_gate,0.35,0.5,Giuseppe Verdi,Giuseppe Verdi,1.0,1.0,1.0,1.0,1799,7,0.0003654
5ae4d8475542993aec5ec0e0,noise_gate,0.5,0.5,Giuseppe Verdi,Giuseppe Verdi,1.0,1.0,1.0,1.0,1101,7,0.0002258
5ab5c263554299488d4d9a18,noise_gate,0.2,0.55,Belarus,Belarus,1.0,1.0,1.0,1.0,751,5,0.0001542
5ab5c263554299488d4d9a18,noise_gate,0.25,0.55,Belarus,Belarus,1.0,1.0,1.0,1.0,751,5,0.0001542
5ab5c263554299488d4d9a18,noise_gate,0.3,0.55,Belarus,Belarus,1.0,1.0,1.0,1.0,751,5,0.0001542
5ab5c263554299488d4d9a18,noise_gate,0.35,0.55,Belarus,Belarus,1.0,1.0,1.0,1.0,751,5,0.0001542
5ab5c263554299488d4d9a18,noise_gate,0.5,0.55,Belarus,Belarus,1.0,1.0,1.0,1.0,751,11,0.00015900000000000002
5ab5c263554299488d4d9a18,noise_gate,0.2,0.5,Belarus,Belarus,1.0,1.0,1.0,1.0,658,5,0.0001356
5ab5c263554299488d4d9a18,noise_gate,0.25,0.5,Belarus,Belarus,1.0,1.0,1.0,1.0,658,5,0.0001356
5ab5c263554299488d4d9a18,noise_gate,0.3,0.5,Belarus,Belarus,1.0,1.0,1.0,1.0,658,5,0.0001356
5ab5c263554299488d4d9a18,noise_gate,0.35,0.5,Belarus,Belarus,1.0,1.0,1.0,1.0,658,5,0.0001356
5ab5c263554299488d4d9a18,noise_gate,0.5,0.5,Belarus,Belarus,1.0,1.0,1.0,1.0,658,5,0.0001356
5a74a26a55429979e28829d6,noise_gate,0.2,0.55,Béla Bartók,Béla Viktor János Bartók,0.0,0.6666666666666666,1.0,0.5,1707,8,0.00034780000000000005
5a74a26a55429979e28829d6,noise_gate,0.25,0.55,Béla Bartók,Béla Viktor János Bartók,0.0,0.6666666666666666,1.0,0.5,1707,8,0.00034780000000000005
5a74a26a55429979e28829d6,noise_gate,0.3,0.55,Béla Bartók,Béla Viktor János Bartók,0.0,0.6666666666666666,1.0,0.5,1645,8,0.00033539999999999997
5a74a26a55429979e28829d6,noise_gate,0.35,0.55,Béla Bartók,Béla Viktor János Bartók,0.0,0.6666666666666666,1.0,0.5,1645,8,0.00033539999999999997
5a74a26a55429979e28829d6,noise_gate,0.5,0.55,Béla Bartók,Béla Viktor János Bartók,0.0,0.6666666666666666,1.0,0.5,883,8,0.000183
5a74a26a55429979e28829d6,noise_gate,0.2,0.5,Béla Bartók,Béla Viktor János Bartók,0.0,0.6666666666666666,1.0,0.5,1707,8,0.00034780000000000005
5a74a26a55429979e28829d6,noise_gate,0.25,0.5,Béla Bartók,Béla Viktor János Bartók,0.0,0.6666666666666666,1.0,0.5,1707,8,0.00034780000000000005
5a74a26a55429979e28829d6,noise_gate,0.3,0.5,Béla Bartók,Béla Viktor János Bartók,0.0,0.6666666666666666,1.0,0.5,1645,8,0.00033539999999999997
5a74a26a55429979e28829d6,noise_gate,0.35,0.5,Béla Bartók,Béla Viktor János Bartók,0.0,0.6666666666666666,1.0,0.5,1645,8,0.00033539999999999997
5a74a26a55429979e28829d6,noise_gate,0.5,0.5,Béla Bartók,Béla Viktor János Bartók,0.0,0.6666666666666666,1.0,0.5,883,8,0.000183
5a8d841955429941ae14dfe6,noise_gate,0.2,0.55,Eve Hewson,Eve Hewson,1.0,1.0,1.0,1.0,890,7,0.0001836
5a8d841955429941ae14dfe6,noise_gate,0.25,0.55,Eve Hewson,Eve Hewson,1.0,1.0,1.0,1.0,667,7,0.00013900000000000002
5a8d841955429941ae14dfe6,noise_gate,0.3,0.55,Eve Hewson,Eve Hewson,1.0,1.0,1.0,1.0,388,7,8.32e-05
5a8d841955429941ae14dfe6,noise_gate,0.35,0.55,Eve Hewson,Eve Hewson,1.0,1.0,1.0,1.0,262,7,5.800000000000001e-05
5a8d841955429941ae14dfe6,noise_gate,0.5,0.55,John Turturro,Eve Hewson,0.0,0.0,0.0,0.0,181,14,4.740000000000001e-05
5a8d841955429941ae14dfe6,noise_gate,0.2,0.5,Eve Hewson,Eve Hewson,1.0,1.0,1.0,1.0,890,7,0.0001836
5a8d841955429941ae14dfe6,noise_gate,0.25,0.5,Eve Hewson,Eve Hewson,1.0,1.0,1.0,1.0,667,7,0.00013900000000000002
5a8d841955429941ae14dfe6,noise_gate,0.3,0.5,Eve Hewson,Eve Hewson,1.0,1.0,1.0,1.0,388,13,8.8e-05
5a8d841955429941ae14dfe6,noise_gate,0.35,0.5,Eve Hewson,Eve Hewson,1.0,1.0,1.0,1.0,262,7,5.800000000000001e-05
5a8d841955429941ae14dfe6,noise_gate,0.5,0.5,John Turturro,Eve Hewson,0.0,0.0,0.0,0.0,181,14,4.740000000000001e-05
5a809e9f5542996402f6a5b1,noise_gate,0.2,0.55,1991,1991,1.0,1.0,1.0,1.0,1379,5,0.0002798
5a809e9f5542996402f6a5b1,noise_gate,0.25,0.55,1991,1991,1.0,1.0,1.0,1.0,1379,5,0.0002798
5a809e9f5542996402f6a5b1,noise_gate,0.3,0.55,1991,1991,1.0,1.0,1.0,1.0,1379,5,0.0002798
5a809e9f5542996402f6a5b1,noise_gate,0.35,0.55,1991,1991,1.0,1.0,1.0,1.0,1238,5,0.0002516
5a809e9f5542996402f6a5b1,noise_gate,0.5,0.55,1988,1991,0.0,0.0,0.0,0.0,527,5,0.0001094
5a809e9f5542996402f6a5b1,noise_gate,0.2,0.5,1991,1991,1.0,1.0,1.0,1.0,1379,5,0.0002798
5a809e9f5542996402f6a5b1,noise_gate,0.25,0.5,1991,1991,1.0,1.0,1.0,1.0,1379,5,0.0002798
5a809e9f5542996402f6a5b1,noise_gate,0.3,0.5,1991,1991,1.0,1.0,1.0,1.0,1379,5,0.0002798
5a809e9f5542996402f6a5b1,noise_gate,0.35,0.5,1991,1991,1.0,1.0,1.0,1.0,1238,5,0.0002516
5a809e9f5542996402f6a5b1,noise_gate,0.5,0.5,1981,1991,0.0,0.0,0.0,0.0,527,5,0.0001094
5ac2d85e55429921a00ab06b,noise_gate,0.2,0.55,United Airlines Flight 93,Pennsylvania,0.0,0.0,0.0,0.0,1800,8,0.0003664
5ac2d85e55429921a00ab06b,noise_gate,0.25,0.55,"Washington, DC",Pennsylvania,0.0,0.0,0.0,0.0,1385,6,0.0002818
5ac2d85e55429921a00ab06b,noise_gate,0.3,0.55,"Washington, DC",Pennsylvania,0.0,0.0,0.0,0.0,1385,6,0.0002818
5ac2d85e55429921a00ab06b,noise_gate,0.35,0.55,"United Airlines Flight 93
",Pennsylvania,0.0,0.0,0.0,0.0,1008,9,0.00020880000000000003
5ac2d85e55429921a00ab06b,noise_gate,0.5,0.55,"Shanksville, Pennsylvania",Pennsylvania,0.0,0.6666666666666666,0.5,1.0,194,8,4.52e-05
5ac2d85e55429921a00ab06b,noise_gate,0.2,0.5,"Shanksville, Pennsylvania",Pennsylvania,0.0,0.6666666666666666,0.5,1.0,1800,8,0.0003664
5ac2d85e55429921a00ab06b,noise_gate,0.25,0.5,"Shanksville, Pennsylvania",Pennsylvania,0.0,0.6666666666666666,0.5,1.0,1385,8,0.0002834
5ac2d85e55429921a00ab06b,noise_gate,0.3,0.5,"United Airlines Flight 93 crashed into a field in Somerset County, Pennsylvania.
",Pennsylvania,0.0,0.16666666666666669,0.09090909090909091,1.0,1385,18,0.00029140000000000004
5ac2d85e55429921a00ab06b,noise_gate,0.35,0.5,noanswer,Pennsylvania,0.0,0.0,0.0,0.0,1008,5,0.0002056
5ac2d85e55429921a00ab06b,noise_gate,0.5,0.5,"Shanksville, Pennsylvania",Pennsylvania,0.0,0.6666666666666666,0.5,1.0,194,8,4.52e-05
5a8319b255429940e5e1a960,noise_gate,0.2,0.55,Danny Elfman,Danny Elfman,1.0,1.0,1.0,1.0,2091,6,0.00042300000000000004
5a8319b255429940e5e1a960,noise_gate,0.25,0.55,Danny Elfman,Danny Elfman,1.0,1.0,1.0,1.0,1579,6,0.00032060000000000004
5a8319b255429940e5e1a960,noise_gate,0.3,0.55,Danny Elfman,Danny Elfman,1.0,1.0,1.0,1.0,1579,6,0.00032060000000000004
5a8319b255429940e5e1a960,noise_gate,0.35,0.55,Danny Elfman,Danny Elfman,1.0,1.0,1.0,1.0,1063,6,0.00021740000000000003
5a8319b255429940e5e1a960,noise_gate,0.5,0.55,Shuki Levy,Danny Elfman,0.0,0.0,0.0,0.0,113,12,3.2200000000000003e-05
5a8319b255429940e5e1a960,noise_gate,0.2,0.5,Danny Elfman,Danny Elfman,1.0,1.0,1.0,1.0,2091,6,0.00042300000000000004
5a8319b255429940e5e1a960,noise_gate,0.25,0.5,Danny Elfman,Danny Elfman,1.0,1.0,1.0,1.0,1579,6,0.00032060000000000004
5a8319b255429940e5e1a960,noise_gate,0.3,0.5,Danny Elfman,Danny Elfman,1.0,1.0,1.0,1.0,1579,6,0.00032060000000000004
5a8319b255429940e5e1a960,noise_gate,0.35,0.5,Danny Elfman,Danny Elfman,1.0,1.0,1.0,1.0,1063,6,0.00021740000000000003
5a8319b255429940e5e1a960,noise_gate,0.5,0.5,Mark Mothersbaugh,Danny Elfman,0.0,0.0,0.0,0.0,113,13,3.3e-05
5a7aa0a55542990198eaf165,noise_gate,0.2,0.55,Jacques Feyder,Jacques Feyder,1.0,1.0,1.0,1.0,777,7,0.000161
5a7aa0a55542990198eaf165,noise_gate,0.25,0.55,Jacques Feyder,Jacques Feyder,1.0,1.0,1.0,1.0,485,7,0.0001026
5a7aa0a55542990198eaf165,noise_gate,0.3,0.55,Jacques Feyder,Jacques Feyder,1.0,1.0,1.0,1.0,352,7,7.6e-05
5a7aa0a55542990198eaf165,noise_gate,0.35,0.55,Jacques Feyder,Jacques Feyder,1.0,1.0,1.0,1.0,352,7,7.6e-05
5a7aa0a55542990198eaf165,noise_gate,0.5,0.55,Jacques Feyder,Jacques Feyder,1.0,1.0,1.0,1.0,213,7,4.82e-05
5a7aa0a55542990198eaf165,noise_gate,0.2,0.5,Jacques Feyder,Jacques Feyder,1.0,1.0,1.0,1.0,777,7,0.000161
5a7aa0a55542990198eaf165,noise_gate,0.25,0.5,Jacques Feyder,Jacques Feyder,1.0,1.0,1.0,1.0,485,7,0.0001026
5a7aa0a55542990198eaf165,noise_gate,0.3,0.5,Jacques Feyder,Jacques Feyder,1.0,1.0,1.0,1.0,352,7,7.6e-05
5a7aa0a55542990198eaf165,noise_gate,0.35,0.5,Jacques Feyder,Jacques Feyder,1.0,1.0,1.0,1.0,352,7,7.6e-05
5a7aa0a55542990198eaf165,noise_gate,0.5,0.5,Jacques Feyder,Jacques Feyder,1.0,1.0,1.0,1.0,213,7,4.82e-05
5ab9ddef5542994dbf019875,noise_gate,0.2,0.55,yes,yes,1.0,1.0,1.0,1.0,1113,4,0.0002258
5ab9ddef5542994dbf019875,noise_gate,0.25,0.55,yes,yes,1.0,1.0,1.0,1.0,700,4,0.00014319999999999998
5ab9ddef5542994dbf019875,noise_gate,0.3,0.55,yes,yes,1.0,1.0,1.0,1.0,542,4,0.0001116
5ab9ddef5542994dbf019875,noise_gate,0.35,0.55,yes,yes,1.0,1.0,1.0,1.0,474,4,9.800000000000001e-05
5ab9ddef5542994dbf019875,noise_gate,0.5,0.55,yes,yes,1.0,1.0,1.0,1.0,416,4,8.64e-05
5ab9ddef5542994dbf019875,noise_gate,0.2,0.5,yes,yes,1.0,1.0,1.0,1.0,1113,4,0.0002258
5ab9ddef5542994dbf019875,noise_gate,0.25,0.5,yes,yes,1.0,1.0,1.0,1.0,700,4,0.00014319999999999998
5ab9ddef5542994dbf019875,noise_gate,0.3,0.5,yes,yes,1.0,1.0,1.0,1.0,542,4,0.0001116
5ab9ddef5542994dbf019875,noise_gate,0.35,0.5,yes,yes,1.0,1.0,1.0,1.0,474,4,9.800000000000001e-05
5ab9ddef5542994dbf019875,noise_gate,0.5,0.5,yes,yes,1.0,1.0,1.0,1.0,416,4,8.64e-05
5ae157ed5542990adbacf75d,noise_gate,0.2,0.55,23 December 2014,23 December 2014,1.0,1.0,1.0,1.0,1115,8,0.0002294
5ae157ed5542990adbacf75d,noise_gate,0.25,0.55,23 December 2014,23 December 2014,1.0,1.0,1.0,1.0,1115,8,0.0002294
5ae157ed5542990adbacf75d,noise_gate,0.3,0.55,23 December 2014,23 December 2014,1.0,1.0,1.0,1.0,1115,8,0.0002294
5ae157ed5542990adbacf75d,noise_gate,0.35,0.55,23 December 2014,23 December 2014,1.0,1.0,1.0,1.0,1115,8,0.0002294
5ae157ed5542990adbacf75d,noise_gate,0.5,0.55,yes,23 December 2014,0.0,0.0,0.0,0.0,479,4,9.900000000000001e-05
5ae157ed5542990adbacf75d,noise_gate,0.2,0.5,23 December 2014,23 December 2014,1.0,1.0,1.0,1.0,1115,8,0.0002294
5ae157ed5542990adbacf75d,noise_gate,0.25,0.5,23 December 2014,23 December 2014,1.0,1.0,1.0,1.0,1115,8,0.0002294
5ae157ed5542990adbacf75d,noise_gate,0.3,0.5,23 December 2014,23 December 2014,1.0,1.0,1.0,1.0,1115,8,0.0002294
5ae157ed5542990adbacf75d,noise_gate,0.35,0.5,23 December 2014,23 December 2014,1.0,1.0,1.0,1.0,1115,8,0.0002294
5ae157ed5542990adbacf75d,noise_gate,0.5,0.5,27 September 2011,23 December 2014,0.0,0.0,0.0,0.0,479,8,0.00010220000000000002
5a8555ea5542992a431d1b07,noise_gate,0.2,0.55,The Big Lebowski,The Big Lebowski,1.0,1.0,1.0,1.0,1401,7,0.0002858
5a8555ea5542992a431d1b07,noise_gate,0.25,0.55,The Big Lebowski,The Big Lebowski,1.0,1.0,1.0,1.0,957,7,0.00019700000000000002
5a8555ea5542992a431d1b07,noise_gate,0.3,0.55,The Big Lebowski,The Big Lebowski,1.0,1.0,1.0,1.0,443,7,9.420000000000001e-05
5a8555ea5542992a431d1b07,noise_gate,0.35,0.55,The Big Lebowski,The Big Lebowski,1.0,1.0,1.0,1.0,443,7,9.420000000000001e-05
5a8555ea5542992a431d1b07,noise_gate,0.5,0.55,Blue Velvet,The Big Lebowski,0.0,0.0,0.0,0.0,235,11,5.58e-05
5a8555ea5542992a431d1b07,noise_gate,0.2,0.5,The Big Lebowski,The Big Lebowski,1.0,1.0,1.0,1.0,1401,7,0.0002858
5a8555ea5542992a431d1b07,noise_gate,0.25,0.5,The Big Lebowski,The Big Lebowski,1.0,1.0,1.0,1.0,957,7,0.00019700000000000002
5a8555ea5542992a431d1b07,noise_gate,0.3,0.5,The Big Lebowski,The Big Lebowski,1.0,1.0,1.0,1.0,443,7,9.420000000000001e-05
5a8555ea5542992a431d1b07,noise_gate,0.35,0.5,The Big Lebowski,The Big Lebowski,1.0,1.0,1.0,1.0,443,7,9.420000000000001e-05
5a8555ea5542992a431d1b07,noise_gate,0.5,0.5,The Boat That Rocked,The Big Lebowski,0.0,0.0,0.0,0.0,235,14,5.82e-05
5ae141a65542997b2ef7d18a,noise_gate,0.2,0.55,close range combat,close range combat,1.0,1.0,1.0,1.0,1267,6,0.0002582
5ae141a65542997b2ef7d18a,noise_gate,0.25,0.55,close range combat,close range combat,1.0,1.0,1.0,1.0,1267,6,0.0002582
5ae141a65542997b2ef7d18a,noise_gate,0.3,0.55,close range combat,close range combat,1.0,1.0,1.0,1.0,1092,6,0.0002232
5ae141a65542997b2ef7d18a,noise_gate,0.35,0.55,close range combat,close range combat,1.0,1.0,1.0,1.0,625,6,0.0001298
5ae141a65542997b2ef7d18a,noise_gate,0.5,0.55,hand-to-hand combat,close range combat,0.0,0.4,0.5,0.3333333333333333,199,7,4.5400000000000006e-05
5ae141a65542997b2ef7d18a,noise_gate,0.2,0.5,close range combat,close range combat,1.0,1.0,1.0,1.0,1267,6,0.0002582
5ae141a65542997b2ef7d18a,noise_gate,0.25,0.5,close range combat,close range combat,1.0,1.0,1.0,1.0,1267,6,0.0002582
5ae141a65542997b2ef7d18a,noise_gate,0.3,0.5,close range combat,close range combat,1.0,1.0,1.0,1.0,1092,6,0.0002232
5ae141a65542997b2ef7d18a,noise_gate,0.35,0.5,close range combat,close range combat,1.0,1.0,1.0,1.0,625,6,0.0001298
5ae141a65542997b2ef7d18a,noise_gate,0.5,0.5,close-quarters combat,close range combat,0.0,0.4,0.5,0.3333333333333333,199,7,4.5400000000000006e-05
5ae4a1ef55429970de88d9e7,noise_gate,0.2,0.55,2 March 1972,2 March 1972,1.0,1.0,1.0,1.0,1462,8,0.00029880000000000005
5ae4a1ef55429970de88d9e7,noise_gate,0.25,0.55,2 March 1972,2 March 1972,1.0,1.0,1.0,1.0,1462,8,0.00029880000000000005
5ae4a1ef55429970de88d9e7,noise_gate,0.3,0.55,2 March 1972,2 March 1972,1.0,1.0,1.0,1.0,1462,8,0.00029880000000000005
5ae4a1ef55429970de88d9e7,noise_gate,0.35,0.55,2 March 1972,2 March 1972,1.0,1.0,1.0,1.0,1462,8,0.00029880000000000005
5ae4a1ef55429970de88d9e7,noise_gate,0.5,0.55,1972,2 March 1972,0.0,0.5,1.0,0.3333333333333333,422,5,8.840000000000001e-05
5ae4a1ef55429970de88d9e7,noise_gate,0.2,0.5,2 March 1972,2 March 1972,1.0,1.0,1.0,1.0,1462,8,0.00029880000000000005
5ae4a1ef55429970de88d9e7,noise_gate,0.25,0.5,2 March 1972,2 March 1972,1.0,1.0,1.0,1.0,1462,8,0.00029880000000000005
5ae4a1ef55429970de88d9e7,noise_gate,0.3,0.5,2 March 1972,2 March 1972,1.0,1.0,1.0,1.0,1462,8,0.00029880000000000005
5ae4a1ef55429970de88d9e7,noise_gate,0.35,0.5,2 March 1972,2 March 1972,1.0,1.0,1.0,1.0,1462,8,0.00029880000000000005
5ae4a1ef55429970de88d9e7,noise_gate,0.5,0.5,1972,2 March 1972,0.0,0.5,1.0,0.3333333333333333,422,5,8.840000000000001e-05
5ab90e9755429934fafe6e51,noise_gate,0.2,0.55,yes,yes,1.0,1.0,1.0,1.0,879,4,0.00017900000000000001
5ab90e9755429934fafe6e51,noise_gate,0.25,0.55,yes,yes,1.0,1.0,1.0,1.0,879,4,0.00017900000000000001
5ab90e9755429934fafe6e51,noise_gate,0.3,0.55,yes,yes,1.0,1.0,1.0,1.0,763,4,0.0001558
5ab90e9755429934fafe6e51,noise_gate,0.35,0.55,yes,yes,1.0,1.0,1.0,1.0,763,4,0.0001558
5ab90e9755429934fafe6e51,noise_gate,0.5,0.55,yes,yes,1.0,1.0,1.0,1.0,396,4,8.24e-05
5ab90e9755429934fafe6e51,noise_gate,0.2,0.5,yes,yes,1.0,1.0,1.0,1.0,879,4,0.00017900000000000001
5ab90e9755429934fafe6e51,noise_gate,0.25,0.5,yes,yes,1.0,1.0,1.0,1.0,879,4,0.00017900000000000001
5ab90e9755429934fafe6e51,noise_gate,0.3,0.5,yes,yes,1.0,1.0,1.0,1.0,763,4,0.0001558
5ab90e9755429934fafe6e51,noise_gate,0.35,0.5,yes,yes,1.0,1.0,1.0,1.0,763,4,0.0001558
5ab90e9755429934fafe6e51,noise_gate,0.5,0.5,yes,yes,1.0,1.0,1.0,1.0,396,4,8.24e-05
5a8e3ea95542995a26add48d,noise_gate,0.2,0.55,Greenwich Village,"Greenwich Village, New York City",0.0,0.5714285714285715,1.0,0.4,1390,6,0.0002828
5a8e3ea95542995a26add48d,noise_gate,0.25,0.55,"Greenwich Village, New York City","Greenwich Village, New York City",1.0,1.0,1.0,1.0,1043,10,0.00021660000000000003
5a8e3ea95542995a26add48d,noise_gate,0.3,0.55,Greenwich Village,"Greenwich Village, New York City",0.0,0.5714285714285715,1.0,0.4,631,6,0.000131
5a8e3ea95542995a26add48d,noise_gate,0.35,0.55,New York City,"Greenwich Village, New York City",0.0,0.7499999999999999,1.0,0.6,529,6,0.0001106
5a8e3ea95542995a26add48d,noise_gate,0.5,0.55,"Big Stone Gap, Virginia","Greenwich Village, New York City",0.0,0.0,0.0,0.0,226,8,5.16e-05
5a8e3ea95542995a26add48d,noise_gate,0.2,0.5,Greenwich Village,"Greenwich Village, New York City",0.0,0.5714285714285715,1.0,0.4,1390,6,0.0002828
5a8e3ea95542995a26add48d,noise_gate,0.25,0.5,"Greenwich Village, New York City","Greenwich Village, New York City",1.0,1.0,1.0,1.0,1043,10,0.00021660000000000003
5a8e3ea95542995a26add48d,noise_gate,0.3,0.5,Greenwich Village,"Greenwich Village, New York City",0.0,0.5714285714285715,1.0,0.4,631,6,0.000131
5a8e3ea95542995a26add48d,noise_gate,0.35,0.5,New York City,"Greenwich Village, New York City",0.0,0.7499999999999999,1.0,0.6,529,6,0.0001106
5a8e3ea95542995a26add48d,noise_gate,0.5,0.5,New York City,"Greenwich Village, New York City",0.0,0.7499999999999999,1.0,0.6,226,6,5e-05
5ac2f34455429921a00ab0b6,noise_gate,0.2,0.55,New York University School of Law,New York University School of Law,1.0,1.0,1.0,1.0,885,9,0.0001842
5ac2f34455429921a00ab0b6,noise_gate,0.25,0.55,New York University School of Law,New York University School of Law,1.0,1.0,1.0,1.0,684,9,0.00014400000000000003
5ac2f34455429921a00ab0b6,noise_gate,0.3,0.55,New York University School of Law,New York University School of Law,1.0,1.0,1.0,1.0,684,9,0.00014400000000000003
5ac2f34455429921a00ab0b6,noise_gate,0.35,0.55,New York University School of Law,New York University School of Law,1.0,1.0,1.0,1.0,586,9,0.00012440000000000002
5ac2f34455429921a00ab0b6,noise_gate,0.5,0.55,New York University School of Law,New York University School of Law,1.0,1.0,1.0,1.0,449,9,9.700000000000001e-05
5ac2f34455429921a00ab0b6,noise_gate,0.2,0.5,New York University School of Law,New York University School of Law,1.0,1.0,1.0,1.0,885,9,0.0001842
5ac2f34455429921a00ab0b6,noise_gate,0.25,0.5,New York University School of Law,New York University School of Law,1.0,1.0,1.0,1.0,684,9,0.00014400000000000003
5ac2f34455429921a00ab0b6,noise_gate,0.3,0.5,New York University School of Law,New York University School of Law,1.0,1.0,1.0,1.0,684,9,0.00014400000000000003
5ac2f34455429921a00ab0b6,noise_gate,0.35,0.5,New York University School of Law,New York University School of Law,1.0,1.0,1.0,1.0,586,9,0.00012440000000000002
5ac2f34455429921a00ab0b6,noise_gate,0.5,0.5,New York University School of Law,New York University School of Law,1.0,1.0,1.0,1.0,449,15,0.00010180000000000001
5a7344e95542991f9a20c6ce,noise_gate,0.2,0.55,Promiscuous,Rudebox,0.0,0.0,0.0,0.0,1975,7,0.0004006
5a7344e95542991f9a20c6ce,noise_gate,0.25,0.55,Rudebox,Rudebox,1.0,1.0,1.0,1.0,1674,6,0.0003396
5a7344e95542991f9a20c6ce,noise_gate,0.3,0.55,SexyBack,Rudebox,0.0,0.0,0.0,0.0,1341,5,0.0002722
5a7344e95542991f9a20c6ce,noise_gate,0.35,0.55,Rudebox,Rudebox,1.0,1.0,1.0,1.0,1055,6,0.00021580000000000001
5a7344e95542991f9a20c6ce,noise_gate,0.5,0.55,SexyBack,Rudebox,0.0,0.0,0.0,0.0,515,5,0.000107
5a7344e95542991f9a20c6ce,noise_gate,0.2,0.5,Promiscuous,Rudebox,0.0,0.0,0.0,0.0,1975,7,0.0004006
5a7344e95542991f9a20c6ce,noise_gate,0.25,0.5,Rudebox,Rudebox,1.0,1.0,1.0,1.0,1674,6,0.0003396
5a7344e95542991f9a20c6ce,noise_gate,0.3,0.5,SexyBack,Rudebox,0.0,0.0,0.0,0.0,1341,5,0.0002722
5a7344e95542991f9a20c6ce,noise_gate,0.35,0.5,Rudebox,Rudebox,1.0,1.0,1.0,1.0,1055,6,0.00021580000000000001
5a7344e95542991f9a20c6ce,noise_gate,0.5,0.5,SexyBack,Rudebox,0.0,0.0,0.0,0.0,515,5,0.000107
5a7b1c6b55429931da12c9ca,noise_gate,0.2,0.55,Ian Anderson,"John Douglas ""Johnny"" Edwards",0.0,0.0,0.0,0.0,1088,5,0.00022160000000000002
5a7b1c6b55429931da12c9ca,noise_gate,0.25,0.55,Ian Anderson,"John Douglas ""Johnny"" Edwards",0.0,0.0,0.0,0.0,1088,5,0.00022160000000000002
5a7b1c6b55429931da12c9ca,noise_gate,0.3,0.55,Johnny Edwards,"John Douglas ""Johnny"" Edwards",0.0,0.6666666666666666,1.0,0.5,1010,5,0.000206
5a7b1c6b55429931da12c9ca,noise_gate,0.35,0.55,Johnny Edwards,"John Douglas ""Johnny"" Edwards",0.0,0.6666666666666666,1.0,0.5,820,5,0.000168
5a7b1c6b55429931da12c9ca,noise_gate,0.5,0.55,Johnny Edwards,"John Douglas ""Johnny"" Edwards",0.0,0.6666666666666666,1.0,0.5,334,5,7.08e-05
5a7b1c6b55429931da12c9ca,noise_gate,0.2,0.5,Ian Anderson,"John Douglas ""Johnny"" Edwards",0.0,0.0,0.0,0.0,1088,5,0.00022160000000000002
5a7b1c6b55429931da12c9ca,noise_gate,0.25,0.5,Johnny Edwards,"John Douglas ""Johnny"" Edwards",0.0,0.6666666666666666,1.0,0.5,1088,5,0.00022160000000000002
5a7b1c6b55429931da12c9ca,noise_gate,0.3,0.5,Ian Anderson,"John Douglas ""Johnny"" Edwards",0.0,0.0,0.0,0.0,1010,5,0.000206
5a7b1c6b55429931da12c9ca,noise_gate,0.35,0.5,Johnny Edwards,"John Douglas ""Johnny"" Edwards",0.0,0.6666666666666666,1.0,0.5,820,5,0.000168
5a7b1c6b55429931da12c9ca,noise_gate,0.5,0.5,Ian Anderson,"John Douglas ""Johnny"" Edwards",0.0,0.0,0.0,0.0,334,5,7.08e-05
5ab341f755429969a97a8114,noise_gate,0.2,0.55,1989,1989,1.0,1.0,1.0,1.0,1749,5,0.0003538
5ab341f755429969a97a8114,noise_gate,0.25,0.55,1989,1989,1.0,1.0,1.0,1.0,1749,5,0.0003538
5ab341f755429969a97a8114,noise_gate,0.3,0.55,1989,1989,1.0,1.0,1.0,1.0,1749,5,0.0003538
5ab341f755429969a97a8114,noise_gate,0.35,0.55,1989,1989,1.0,1.0,1.0,1.0,1749,5,0.0003538
5ab341f755429969a97a8114,noise_gate,0.5,0.55,1989,1989,1.0,1.0,1.0,1.0,1248,5,0.00025360000000000004
5ab341f755429969a97a8114,noise_gate,0.2,0.5,1989,1989,1.0,1.0,1.0,1.0,1749,5,0.0003538
5ab341f755429969a97a8114,noise_gate,0.25,0.5,1989,1989,1.0,1.0,1.0,1.0,1749,5,0.0003538
5ab341f755429969a97a8114,noise_gate,0.3,0.5,1989,1989,1.0,1.0,1.0,1.0,1749,5,0.0003538
5ab341f755429969a97a8114,noise_gate,0.35,0.5,1989,1989,1.0,1.0,1.0,1.0,1749,5,0.0003538
5ab341f755429969a97a8114,noise_gate,0.5,0.5,1989,1989,1.0,1.0,1.0,1.0,1248,5,0.00025360000000000004
5a8b50475542997f31a41cd4,noise_gate,0.2,0.55,world wushu tournament,world wushu tournament,1.0,1.0,1.0,1.0,1350,7,0.0002756
5a8b50475542997f31a41cd4,noise_gate,0.25,0.55,world wushu tournament,world wushu tournament,1.0,1.0,1.0,1.0,1350,7,0.0002756
5a8b50475542997f31a41cd4,noise_gate,0.3,0.55,world wushu tournament,world wushu tournament,1.0,1.0,1.0,1.0,1350,7,0.0002756
5a8b50475542997f31a41cd4,noise_gate,0.35,0.55,world wushu tournament,world wushu tournament,1.0,1.0,1.0,1.0,1096,7,0.00022480000000000002
5a8b50475542997f31a41cd4,noise_gate,0.5,0.55,International Martial Arts Tournament,world wushu tournament,0.0,0.28571428571428575,0.25,0.3333333333333333,185,7,4.26e-05
5a8b50475542997f31a41cd4,noise_gate,0.2,0.5,world wushu tournament championship,world wushu tournament,0.0,0.8571428571428571,0.75,1.0,1350,8,0.0002764
5a8b50475542997f31a41cd4,noise_gate,0.25,0.5,world wushu tournament,world wushu tournament,1.0,1.0,1.0,1.0,1350,7,0.0002756
5a8b50475542997f31a41cd4,noise_gate,0.3,0.5,world wushu tournament,world wushu tournament,1.0,1.0,1.0,1.0,1350,7,0.0002756
5a8b50475542997f31a41cd4,noise_gate,0.35,0.5,world wushu tournament,world wushu tournament,1.0,1.0,1.0,1.0,1096,7,0.00022480000000000002
5a8b50475542997f31a41cd4,noise_gate,0.5,0.5,world combat championship,world wushu tournament,0.0,0.3333333333333333,0.3333333333333333,0.3333333333333333,185,6,4.18e-05
5a8cddd1554299441c6b9f3a,noise_gate,0.2,0.55,Hong Kong and Japan,Japan and Hong Kong,0.0,1.0,1.0,1.0,570,7,0.00011960000000000001
5a8cddd1554299441c6b9f3a,noise_gate,0.25,0.55,Japan and Hong Kong,Japan and Hong Kong,1.0,1.0,1.0,1.0,570,7,0.00011960000000000001
5a8cddd1554299441c6b9f3a,noise_gate,0.3,0.55,Hong Kong and Japan,Japan and Hong Kong,0.0,1.0,1.0,1.0,570,7,0.00011960000000000001
5a8cddd1554299441c6b9f3a,noise_gate,0.35,0.55,Hong Kong and Japan,Japan and Hong Kong,0.0,1.0,1.0,1.0,570,7,0.00011960000000000001
5a8cddd1554299441c6b9f3a,noise_gate,0.5,0.55,Japan and Hong Kong,Japan and Hong Kong,1.0,1.0,1.0,1.0,418,7,8.920000000000001e-05
5a8cddd1554299441c6b9f3a,noise_gate,0.2,0.5,Hong Kong and Japan,Japan and Hong Kong,0.0,1.0,1.0,1.0,570,7,0.00011960000000000001
5a8cddd1554299441c6b9f3a,noise_gate,0.25,0.5,Japan and Hong Kong,Japan and Hong Kong,1.0,1.0,1.0,1.0,570,7,0.00011960000000000001
5a8cddd1554299441c6b9f3a,noise_gate,0.3,0.5,Japan and Hong Kong,Japan and Hong Kong,1.0,1.0,1.0,1.0,570,7,0.00011960000000000001
5a8cddd1554299441c6b9f3a,noise_gate,0.35,0.5,Hong Kong and Japan,Japan and Hong Kong,0.0,1.0,1.0,1.0,570,7,0.00011960000000000001
5a8cddd1554299441c6b9f3a,noise_gate,0.5,0.5,Japan and Hong Kong,Japan and Hong Kong,1.0,1.0,1.0,1.0,418,7,8.920000000000001e-05
5a88f7855542993b751ca8da,noise_gate,0.2,0.55,1987,1987,1.0,1.0,1.0,1.0,1171,5,0.00023820000000000002
5a88f7855542993b751ca8da,noise_gate,0.25,0.55,1987,1987,1.0,1.0,1.0,1.0,968,5,0.0001976
5a88f7855542993b751ca8da,noise_gate,0.3,0.55,1987,1987,1.0,1.0,1.0,1.0,762,5,0.0001564
5a88f7855542993b751ca8da,noise_gate,0.35,0.55,1987,1987,1.0,1.0,1.0,1.0,649,5,0.0001338
5a88f7855542993b751ca8da,noise_gate,0.5,0.55,1987,1987,1.0,1.0,1.0,1.0,515,5,0.000107
5a88f7855542993b751ca8da,noise_gate,0.2,0.5,1987,1987,1.0,1.0,1.0,1.0,1171,5,0.00023820000000000002
5a88f7855542993b751ca8da,noise_gate,0.25,0.5,1987,1987,1.0,1.0,1.0,1.0,968,5,0.0001976
5a88f7855542993b751ca8da,noise_gate,0.3,0.5,1987,1987,1.0,1.0,1.0,1.0,762,5,0.0001564
5a88f7855542993b751ca8da,noise_gate,0.35,0.5,1987,1987,1.0,1.0,1.0,1.0,649,5,0.0001338
5a88f7855542993b751ca8da,noise_gate,0.5,0.5,1987,1987,1.0,1.0,1.0,1.0,515,5,0.000107
5ab90d2755429916710eb0f0,noise_gate,0.2,0.55,Christopher McCulloch,Christopher McCulloch,1.0,1.0,1.0,1.0,1814,8,0.00036920000000000003
5ab90d2755429916710eb0f0,noise_gate,0.25,0.55,Christopher McCulloch,Christopher McCulloch,1.0,1.0,1.0,1.0,1814,8,0.00036920000000000003
5ab90d2755429916710eb0f0,noise_gate,0.3,0.55,Christopher McCulloch,Christopher McCulloch,1.0,1.0,1.0,1.0,1814,8,0.00036920000000000003
5ab90d2755429916710eb0f0,noise_gate,0.35,0.55,J. Michael Straczynski,Christopher McCulloch,0.0,0.0,0.0,0.0,1150,10,0.000238
5ab90d2755429916710eb0f0,noise_gate,0.5,0.55,Christopher McCulloch,Christopher McCulloch,1.0,1.0,1.0,1.0,179,8,4.22e-05
5ab90d2755429916710eb0f0,noise_gate,0.2,0.5,Christopher McCulloch,Christopher McCulloch,1.0,1.0,1.0,1.0,1814,8,0.00036920000000000003
5ab90d2755429916710eb0f0,noise_gate,0.25,0.5,Christopher McCulloch,Christopher McCulloch,1.0,1.0,1.0,1.0,1814,8,0.00036920000000000003
5ab90d2755429916710eb0f0,noise_gate,0.3,0.5,Christopher McCulloch,Christopher McCulloch,1.0,1.0,1.0,1.0,1814,8,0.00036920000000000003
5ab90d2755429916710eb0f0,noise_gate,0.35,0.5,Doc Hammer and Christopher McCulloch,Christopher McCulloch,0.0,0.5714285714285715,0.4,1.0,1150,11,0.0002388
5ab90d2755429916710eb0f0,noise_gate,0.5,0.5,Jackson Publick,Christopher McCulloch,0.0,0.0,0.0,0.0,179,6,4.0600000000000004e-05
5a7300b85542994cef4bc41a,noise_gate,0.2,0.55,India's first dedicated multi-wavelength space observatory,India's first dedicated multi-wavelength space observatory.,1.0,1.0,1.0,1.0,1196,13,0.0002496
5a7300b85542994cef4bc41a,noise_gate,0.25,0.55,India's first dedicated multi-wavelength space observatory,India's first dedicated multi-wavelength space observatory.,1.0,1.0,1.0,1.0,1196,13,0.0002496
5a7300b85542994cef4bc41a,noise_gate,0.3,0.55,India's first dedicated multi-wavelength space observatory,India's first dedicated multi-wavelength space observatory.,1.0,1.0,1.0,1.0,1196,13,0.0002496
5a7300b85542994cef4bc41a,noise_gate,0.35,0.55,India's first dedicated multi-wavelength space observatory,India's first dedicated multi-wavelength space observatory.,1.0,1.0,1.0,1.0,1196,13,0.0002496
5a7300b85542994cef4bc41a,noise_gate,0.5,0.55,India's first dedicated multi-wavelength space observatory,India's first dedicated multi-wavelength space observatory.,1.0,1.0,1.0,1.0,236,13,5.7600000000000004e-05
5a7300b85542994cef4bc41a,noise_gate,0.2,0.5,India's first dedicated multi-wavelength space observatory,India's first dedicated multi-wavelength space observatory.,1.0,1.0,1.0,1.0,1196,13,0.0002496
5a7300b85542994cef4bc41a,noise_gate,0.25,0.5,India's first dedicated multi-wavelength space observatory,India's first dedicated multi-wavelength space observatory.,1.0,1.0,1.0,1.0,1196,13,0.0002496
5a7300b85542994cef4bc41a,noise_gate,0.3,0.5,India's first dedicated multi-wavelength space observatory,India's first dedicated multi-wavelength space observatory.,1.0,1.0,1.0,1.0,1196,13,0.0002496
5a7300b85542994cef4bc41a,noise_gate,0.35,0.5,India's first dedicated multi-wavelength space observatory,India's first dedicated multi-wavelength space observatory.,1.0,1.0,1.0,1.0,1196,13,0.0002496
5a7300b85542994cef4bc41a,noise_gate,0.5,0.5,India's first dedicated multi-wavelength space observatory,India's first dedicated multi-wavelength space observatory.,1.0,1.0,1.0,1.0,236,13,5.7600000000000004e-05
5ae7f56e5542993210983fd1,noise_gate,0.2,0.55,J. K. Rowling,J. K. Rowling,1.0,1.0,1.0,1.0,1338,8,0.000274
5ae7f56e5542993210983fd1,noise_gate,0.25,0.55,J. K. Rowling,J. K. Rowling,1.0,1.0,1.0,1.0,1176,8,0.00024160000000000002
5ae7f56e5542993210983fd1,noise_gate,0.3,0.55,J. K. Rowling,J. K. Rowling,1.0,1.0,1.0,1.0,1176,8,0.00024160000000000002
5ae7f56e5542993210983fd1,noise_gate,0.35,0.55,J. K. Rowling,J. K. Rowling,1.0,1.0,1.0,1.0,988,8,0.00020400000000000003
5ae7f56e5542993210983fd1,noise_gate,0.5,0.55,J. K. Rowling,J. K. Rowling,1.0,1.0,1.0,1.0,572,8,0.00012080000000000001
5ae7f56e5542993210983fd1,noise_gate,0.2,0.5,J. K. Rowling,J. K. Rowling,1.0,1.0,1.0,1.0,1338,8,0.000274
5ae7f56e5542993210983fd1,noise_gate,0.25,0.5,J. K. Rowling,J. K. Rowling,1.0,1.0,1.0,1.0,1176,8,0.00024160000000000002
5ae7f56e5542993210983fd1,noise_gate,0.3,0.5,J. K. Rowling,J. K. Rowling,1.0,1.0,1.0,1.0,1176,8,0.00024160000000000002
5ae7f56e5542993210983fd1,noise_gate,0.35,0.5,J. K. Rowling,J. K. Rowling,1.0,1.0,1.0,1.0,988,8,0.00020400000000000003
5ae7f56e5542993210983fd1,noise_gate,0.5,0.5,J. K. Rowling,J. K. Rowling,1.0,1.0,1.0,1.0,572,8,0.00012080000000000001
5a7562045542992db947364f,noise_gate,0.2,0.55,Saint Louis University,Saint Louis University,1.0,1.0,1.0,1.0,1532,6,0.00031120000000000003
5a7562045542992db947364f,noise_gate,0.25,0.55,Saint Louis University,Saint Louis University,1.0,1.0,1.0,1.0,1532,6,0.00031120000000000003
5a7562045542992db947364f,noise_gate,0.3,0.55,"University of California, Berkeley",Saint Louis University,0.0,0.28571428571428575,0.25,0.3333333333333333,1532,8,0.0003128
5a7562045542992db947364f,noise_gate,0.35,0.55,Saint Louis University,Saint Louis University,1.0,1.0,1.0,1.0,1264,6,0.00025760000000000003
5a7562045542992db947364f,noise_gate,0.5,0.55,Saint Louis University,Saint Louis University,1.0,1.0,1.0,1.0,591,6,0.000123
5a7562045542992db947364f,noise_gate,0.2,0.5,"University of California, Berkeley",Saint Louis University,0.0,0.28571428571428575,0.25,0.3333333333333333,1532,8,0.0003128
5a7562045542992db947364f,noise_gate,0.25,0.5,"University of California, Berkeley",Saint Louis University,0.0,0.28571428571428575,0.25,0.3333333333333333,1532,8,0.0003128
5a7562045542992db947364f,noise_gate,0.3,0.5,Saint Louis University,Saint Louis University,1.0,1.0,1.0,1.0,1532,6,0.00031120000000000003
5a7562045542992db947364f,noise_gate,0.35,0.5,Saint Louis University,Saint Louis University,1.0,1.0,1.0,1.0,1264,6,0.00025760000000000003
5a7562045542992db947364f,noise_gate,0.5,0.5,Saint Louis University,Saint Louis University,1.0,1.0,1.0,1.0,591,6,0.000123
5adda7585542997dc790700c,noise_gate,0.2,0.55,"Edmonton, Alberta","Edmonton, Alberta",1.0,1.0,1.0,1.0,1004,7,0.0002064
5adda7585542997dc790700c,noise_gate,0.25,0.55,"Edmonton, Alberta","Edmonton, Alberta",1.0,1.0,1.0,1.0,884,7,0.00018240000000000002
5adda7585542997dc790700c,noise_gate,0.3,0.55,"Edmonton, Alberta","Edmonton, Alberta",1.0,1.0,1.0,1.0,765,7,0.0001586
5adda7585542997dc790700c,noise_gate,0.35,0.55,"Edmonton, Alberta","Edmonton, Alberta",1.0,1.0,1.0,1.0,571,7,0.0001198
5adda7585542997dc790700c,noise_gate,0.5,0.55,"Edmonton, Alberta","Edmonton, Alberta",1.0,1.0,1.0,1.0,197,7,4.500000000000001e-05
5adda7585542997dc790700c,noise_gate,0.2,0.5,"Edmonton, Alberta","Edmonton, Alberta",1.0,1.0,1.0,1.0,1004,7,0.0002064
5adda7585542997dc790700c,noise_gate,0.25,0.5,"Edmonton, Alberta","Edmonton, Alberta",1.0,1.0,1.0,1.0,884,7,0.00018240000000000002
5adda7585542997dc790700c,noise_gate,0.3,0.5,"Edmonton, Alberta","Edmonton, Alberta",1.0,1.0,1.0,1.0,765,7,0.0001586
5adda7585542997dc790700c,noise_gate,0.35,0.5,"Edmonton, Alberta","Edmonton, Alberta",1.0,1.0,1.0,1.0,571,7,0.0001198
5adda7585542997dc790700c,noise_gate,0.5,0.5,"Edmonton, Alberta","Edmonton, Alberta",1.0,1.0,1.0,1.0,197,7,4.500000000000001e-05
5ab4314955429942dd415ecd,noise_gate,0.2,0.55,4080 feet,4080,0.0,0.6666666666666666,0.5,1.0,1352,6,0.0002752
5ab4314955429942dd415ecd,noise_gate,0.25,0.55,4080 feet,4080,0.0,0.6666666666666666,0.5,1.0,1267,6,0.0002582
5ab4314955429942dd415ecd,noise_gate,0.3,0.55,4080 feet,4080,0.0,0.6666666666666666,0.5,1.0,1267,6,0.0002582
5ab4314955429942dd415ecd,noise_gate,0.35,0.55,4080 ft,4080,0.0,0.6666666666666666,0.5,1.0,1114,6,0.00022760000000000003
5ab4314955429942dd415ecd,noise_gate,0.5,0.55,4100,4080,0.0,0.0,0.0,0.0,604,5,0.0001248
5ab4314955429942dd415ecd,noise_gate,0.2,0.5,4080 feet,4080,0.0,0.6666666666666666,0.5,1.0,1352,6,0.0002752
5ab4314955429942dd415ecd,noise_gate,0.25,0.5,4080,4080,1.0,1.0,1.0,1.0,1267,5,0.00025739999999999997
5ab4314955429942dd415ecd,noise_gate,0.3,0.5,4080 ft,4080,0.0,0.6666666666666666,0.5,1.0,1267,6,0.0002582
5ab4314955429942dd415ecd,noise_gate,0.35,0.5,4080 ft,4080,0.0,0.6666666666666666,0.5,1.0,1114,6,0.00022760000000000003
5ab4314955429942dd415ecd,noise_gate,0.5,0.5,4100,4080,0.0,0.0,0.0,0.0,604,5,0.0001248
5a81a2705542990a1d231e30,noise_gate,0.2,0.55,"Wynantskill, New York",Hannaford,0.0,0.0,0.0,0.0,1609,10,0.0003298
5a81a2705542990a1d231e30,noise_gate,0.25,0.55,"Wynantskill, New York",Hannaford,0.0,0.0,0.0,0.0,1524,10,0.0003128
5a81a2705542990a1d231e30,noise_gate,0.3,0.55,"Wynantskill, New York",Hannaford,0.0,0.0,0.0,0.0,932,10,0.0001944
5a81a2705542990a1d231e30,noise_gate,0.35,0.55,"Wynantskill, New York",Hannaford,0.0,0.0,0.0,0.0,474,10,0.00010280000000000002
5a81a2705542990a1d231e30,noise_gate,0.5,0.55,"Wynantskill, New York",Hannaford,0.0,0.0,0.0,0.0,365,10,8.1e-05
5a81a2705542990a1d231e30,noise_gate,0.2,0.5,"Wynantskill, New York",Hannaford,0.0,0.0,0.0,0.0,1609,10,0.0003298
5a81a2705542990a1d231e30,noise_gate,0.25,0.5,"Wynantskill, New York",Hannaford,0.0,0.0,0.0,0.0,1524,10,0.0003128
5a81a2705542990a1d231e30,noise_gate,0.3,0.5,"Wynantskill, New York",Hannaford,0.0,0.0,0.0,0.0,932,10,0.0001944
5a81a2705542990a1d231e30,noise_gate,0.35,0.5,"Wynantskill, New York",Hannaford,0.0,0.0,0.0,0.0,474,10,0.00010280000000000002
5a81a2705542990a1d231e30,noise_gate,0.5,0.5,"Wynantskill, New York",Hannaford,0.0,0.0,0.0,0.0,365,10,8.1e-05
5ae291bb5542996483e649f6,noise_gate,0.2,0.55,1987 to 2010,between 1987 and 2010,0.0,0.5714285714285715,0.6666666666666666,0.5,1097,9,0.0002266
5ae291bb5542996483e649f6,noise_gate,0.25,0.55,1987 to 2010,between 1987 and 2010,0.0,0.5714285714285715,0.6666666666666666,0.5,1097,15,0.0002314
5ae291bb5542996483e649f6,noise_gate,0.3,0.55,1987 to 2010,between 1987 and 2010,0.0,0.5714285714285715,0.6666666666666666,0.5,1097,9,0.0002266
5ae291bb5542996483e649f6,noise_gate,0.35,0.55,1987 to 2010,between 1987 and 2010,0.0,0.5714285714285715,0.6666666666666666,0.5,1097,9,0.0002266
5ae291bb5542996483e649f6,noise_gate,0.5,0.55,noanswer,between 1987 and 2010,0.0,0.0,0.0,0.0,348,5,7.360000000000001e-05
5ae291bb5542996483e649f6,noise_gate,0.2,0.5,1987 to 2010,between 1987 and 2010,0.0,0.5714285714285715,0.6666666666666666,0.5,1097,9,0.0002266
5ae291bb5542996483e649f6,noise_gate,0.25,0.5,1987 to 2010,between 1987 and 2010,0.0,0.5714285714285715,0.6666666666666666,0.5,1097,9,0.0002266
5ae291bb5542996483e649f6,noise_gate,0.3,0.5,1987 to 2010,between 1987 and 2010,0.0,0.5714285714285715,0.6666666666666666,0.5,1097,9,0.0002266
5ae291bb5542996483e649f6,noise_gate,0.35,0.5,1987 to 2010,between 1987 and 2010,0.0,0.5714285714285715,0.6666666666666666,0.5,1097,9,0.0002266
5ae291bb5542996483e649f6,noise_gate,0.5,0.5,noanswer,between 1987 and 2010,0.0,0.0,0.0,0.0,348,5,7.360000000000001e-05
5ab207f65542993be8fa98b8,noise_gate,0.2,0.55,Preston,Preston,1.0,1.0,1.0,1.0,1142,5,0.00023239999999999998
5ab207f65542993be8fa98b8,noise_gate,0.25,0.55,Preston,Preston,1.0,1.0,1.0,1.0,889,5,0.0001818
5ab207f65542993be8fa98b8,noise_gate,0.3,0.55,Preston,Preston,1.0,1.0,1.0,1.0,671,5,0.0001382
5ab207f65542993be8fa98b8,noise_gate,0.35,0.55,Preston,Preston,1.0,1.0,1.0,1.0,551,5,0.00011420000000000001
5ab207f65542993be8fa98b8,noise_gate,0.5,0.55,Preston,Preston,1.0,1.0,1.0,1.0,203,5,4.460000000000001e-05
5ab207f65542993be8fa98b8,noise_gate,0.2,0.5,Preston,Preston,1.0,1.0,1.0,1.0,1142,5,0.00023239999999999998
5ab207f65542993be8fa98b8,noise_gate,0.25,0.5,Preston,Preston,1.0,1.0,1.0,1.0,889,5,0.0001818
5ab207f65542993be8fa98b8,noise_gate,0.3,0.5,Preston,Preston,1.0,1.0,1.0,1.0,671,5,0.0001382
5ab207f65542993be8fa98b8,noise_gate,0.35,0.5,"Preston, Lancashire, UK",Preston,0.0,0.5,0.3333333333333333,1.0,551,9,0.00011740000000000001
5ab207f65542993be8fa98b8,noise_gate,0.5,0.5,"Preston, Lancashire, UK",Preston,0.0,0.5,0.3333333333333333,1.0,203,9,4.78e-05
5ae152a65542990adbacf74f,noise_gate,0.2,0.55,"September 18, 2010","September 18, 2010",1.0,1.0,1.0,1.0,1271,10,0.0002622
5ae152a65542990adbacf74f,noise_gate,0.25,0.55,"September 18, 2010","September 18, 2010",1.0,1.0,1.0,1.0,1271,10,0.0002622
5ae152a65542990adbacf74f,noise_gate,0.3,0.55,"September 18, 2010","September 18, 2010",1.0,1.0,1.0,1.0,1271,10,0.0002622
5ae152a65542990adbacf74f,noise_gate,0.35,0.55,"September 18, 2010","September 18, 2010",1.0,1.0,1.0,1.0,1271,10,0.0002622
5ae152a65542990adbacf74f,noise_gate,0.5,0.55,"September 18, 2010","September 18, 2010",1.0,1.0,1.0,1.0,1134,10,0.00023480000000000002
5ae152a65542990adbacf74f,noise_gate,0.2,0.5,"September 18, 2010","September 18, 2010",1.0,1.0,1.0,1.0,1271,10,0.0002622
5ae152a65542990adbacf74f,noise_gate,0.25,0.5,"September 18, 2010","September 18, 2010",1.0,1.0,1.0,1.0,1271,10,0.0002622
5ae152a65542990adbacf74f,noise_gate,0.3,0.5,"September 18, 2010","September 18, 2010",1.0,1.0,1.0,1.0,1271,10,0.0002622
5ae152a65542990adbacf74f,noise_gate,0.35,0.5,"September 18, 2010","September 18, 2010",1.0,1.0,1.0,1.0,1271,10,0.0002622
5ae152a65542990adbacf74f,noise_gate,0.5,0.5,"September 18, 2010","September 18, 2010",1.0,1.0,1.0,1.0,1134,10,0.00023480000000000002
5a739ef955429978a71e904b,noise_gate,0.2,0.55,OK Mozart Festival,OK Mozart,0.0,0.8,0.6666666666666666,1.0,873,6,0.00017940000000000002
5a739ef955429978a71e904b,noise_gate,0.25,0.55,OK Mozart Festival,OK Mozart,0.0,0.8,0.6666666666666666,1.0,873,6,0.00017940000000000002
5a739ef955429978a71e904b,noise_gate,0.3,0.55,OK Mozart Festival,OK Mozart,0.0,0.8,0.6666666666666666,1.0,635,6,0.0001318
5a739ef955429978a71e904b,noise_gate,0.35,0.55,OK Mozart Festival,OK Mozart,0.0,0.8,0.6666666666666666,1.0,531,6,0.000111
5a739ef955429978a71e904b,noise_gate,0.5,0.55,OK Mozart Festival,OK Mozart,0.0,0.8,0.6666666666666666,1.0,301,6,6.5e-05
5a739ef955429978a71e904b,noise_gate,0.2,0.5,OK Mozart Festival,OK Mozart,0.0,0.8,0.6666666666666666,1.0,873,6,0.00017940000000000002
5a739ef955429978a71e904b,noise_gate,0.25,0.5,OK Mozart Festival,OK Mozart,0.0,0.8,0.6666666666666666,1.0,873,6,0.00017940000000000002
5a739ef955429978a71e904b,noise_gate,0.3,0.5,OK Mozart Festival,OK Mozart,0.0,0.8,0.6666666666666666,1.0,635,6,0.0001318
5a739ef955429978a71e904b,noise_gate,0.35,0.5,OK Mozart Festival,OK Mozart,0.0,0.8,0.6666666666666666,1.0,531,6,0.000111
5a739ef955429978a71e904b,noise_gate,0.5,0.5,OK Mozart Festival,OK Mozart,0.0,0.8,0.6666666666666666,1.0,301,6,6.5e-05
5ab2b61d5542991669774065,noise_gate,0.2,0.55,Han Solo,Han Solo,1.0,1.0,1.0,1.0,1432,5,0.0002904
5ab2b61d5542991669774065,noise_gate,0.25,0.55,Han Solo,Han Solo,1.0,1.0,1.0,1.0,1169,5,0.0002378
5ab2b61d5542991669774065,noise_gate,0.3,0.55,Han Solo,Han Solo,1.0,1.0,1.0,1.0,1169,5,0.0002378
5ab2b61d5542991669774065,noise_gate,0.35,0.55,Han Solo,Han Solo,1.0,1.0,1.0,1.0,449,5,9.380000000000002e-05
5ab2b61d5542991669774065,noise_gate,0.5,0.55,Han Solo,Han Solo,1.0,1.0,1.0,1.0,200,5,4.4000000000000006e-05
5ab2b61d5542991669774065,noise_gate,0.2,0.5,Han Solo,Han Solo,1.0,1.0,1.0,1.0,1432,5,0.0002904
5ab2b61d5542991669774065,noise_gate,0.25,0.5,Han Solo,Han Solo,1.0,1.0,1.0,1.0,1169,5,0.0002378
5ab2b61d5542991669774065,noise_gate,0.3,0.5,Han Solo,Han Solo,1.0,1.0,1.0,1.0,1169,5,0.0002378
5ab2b61d5542991669774065,noise_gate,0.35,0.5,Han Solo,Han Solo,1.0,1.0,1.0,1.0,449,5,9.380000000000002e-05
5ab2b61d5542991669774065,noise_gate,0.5,0.5,Han Solo,Han Solo,1.0,1.0,1.0,1.0,200,5,4.4000000000000006e-05
5a88fc4255429938390d4019,noise_gate,0.2,0.55,"September 25, 2017","September 25, 2017",1.0,1.0,1.0,1.0,1266,10,0.0002612
5a88fc4255429938390d4019,noise_gate,0.25,0.55,"September 25, 2017","September 25, 2017",1.0,1.0,1.0,1.0,1266,10,0.0002612
5a88fc4255429938390d4019,noise_gate,0.3,0.55,"September 25, 2017","September 25, 2017",1.0,1.0,1.0,1.0,739,10,0.00015580000000000002
5a88fc4255429938390d4019,noise_gate,0.35,0.55,"September 25, 2017","September 25, 2017",1.0,1.0,1.0,1.0,630,10,0.000134
5a88fc4255429938390d4019,noise_gate,0.5,0.55,"January 1, 2019","September 25, 2017",0.0,0.0,0.0,0.0,107,16,3.4200000000000005e-05
5a88fc4255429938390d4019,noise_gate,0.2,0.5,"September 25, 2017","September 25, 2017",1.0,1.0,1.0,1.0,1266,10,0.0002612
5a88fc4255429938390d4019,noise_gate,0.25,0.5,"September 25, 2017","September 25, 2017",1.0,1.0,1.0,1.0,1266,10,0.0002612
5a88fc4255429938390d4019,noise_gate,0.3,0.5,"September 25, 2017","September 25, 2017",1.0,1.0,1.0,1.0,739,10,0.00015580000000000002
5a88fc4255429938390d4019,noise_gate,0.35,0.5,"September 25, 2017","September 25, 2017",1.0,1.0,1.0,1.0,630,10,0.000134
5a88fc4255429938390d4019,noise_gate,0.5,0.5,"June 8, 2021","September 25, 2017",0.0,0.0,0.0,0.0,107,16,3.4200000000000005e-05
5ae2c416554299492dc91c67,noise_gate,0.2,0.55,Jaleel White,Jaleel Ahmad White,0.0,0.8,1.0,0.6666666666666666,1380,7,0.0002816
5ae2c416554299492dc91c67,noise_gate,0.25,0.55,Jaleel White,Jaleel Ahmad White,0.0,0.8,1.0,0.6666666666666666,1380,7,0.0002816
5ae2c416554299492dc91c67,noise_gate,0.3,0.55,Jaleel White,Jaleel Ahmad White,0.0,0.8,1.0,0.6666666666666666,1249,7,0.00025540000000000003
5ae2c416554299492dc91c67,noise_gate,0.35,0.55,Jaleel White,Jaleel Ahmad White,0.0,0.8,1.0,0.6666666666666666,1064,7,0.00021840000000000002
5ae2c416554299492dc91c67,noise_gate,0.5,0.55,Jaleel White,Jaleel Ahmad White,0.0,0.8,1.0,0.6666666666666666,851,7,0.00017580000000000002
5ae2c416554299492dc91c67,noise_gate,0.2,0.5,Jaleel White,Jaleel Ahmad White,0.0,0.8,1.0,0.6666666666666666,1380,7,0.0002816
5ae2c416554299492dc91c67,noise_gate,0.25,0.5,Jaleel White,Jaleel Ahmad White,0.0,0.8,1.0,0.6666666666666666,1380,7,0.0002816
5ae2c416554299492dc91c67,noise_gate,0.3,0.5,Jaleel White,Jaleel Ahmad White,0.0,0.8,1.0,0.6666666666666666,1249,7,0.00025540000000000003
5ae2c416554299492dc91c67,noise_gate,0.35,0.5,Jaleel White,Jaleel Ahmad White,0.0,0.8,1.0,0.6666666666666666,1064,7,0.00021840000000000002
5ae2c416554299492dc91c67,noise_gate,0.5,0.5,Jaleel White,Jaleel Ahmad White,0.0,0.8,1.0,0.6666666666666666,851,7,0.00017580000000000002
5a7a51b95542990783324f0f,noise_gate,0.2,0.55,Liam Cunningham,Liam Cunningham,1.0,1.0,1.0,1.0,1292,6,0.00026320000000000006
5a7a51b95542990783324f0f,noise_gate,0.25,0.55,Liam Cunningham,Liam Cunningham,1.0,1.0,1.0,1.0,1292,6,0.00026320000000000006
5a7a51b95542990783324f0f,noise_gate,0.3,0.55,Liam Cunningham,Liam Cunningham,1.0,1.0,1.0,1.0,1203,6,0.0002454
5a7a51b95542990783324f0f,noise_gate,0.35,0.55,Liam Cunningham,Liam Cunningham,1.0,1.0,1.0,1.0,1102,6,0.00022520000000000003
5a7a51b95542990783324f0f,noise_gate,0.5,0.55,Liam Cunningham,Liam Cunningham,1.0,1.0,1.0,1.0,797,6,0.0001642
5a7a51b95542990783324f0f,noise_gate,0.2,0.5,Liam Cunningham,Liam Cunningham,1.0,1.0,1.0,1.0,1292,6,0.00026320000000000006
5a7a51b95542990783324f0f,noise_gate,0.25,0.5,Liam Cunningham,Liam Cunningham,1.0,1.0,1.0,1.0,1292,6,0.00026320000000000006
5a7a51b95542990783324f0f,noise_gate,0.3,0.5,Liam Cunningham,Liam Cunningham,1.0,1.0,1.0,1.0,1203,6,0.0002454
5a7a51b95542990783324f0f,noise_gate,0.35,0.5,Liam Cunningham,Liam Cunningham,1.0,1.0,1.0,1.0,1102,6,0.00022520000000000003
5a7a51b95542990783324f0f,noise_gate,0.5,0.5,Liam Cunningham,Liam Cunningham,1.0,1.0,1.0,1.0,797,6,0.0001642
5ae3006c55429928c423959f,noise_gate,0.2,0.55,"Saint Michael, Barbados","Saint Michael, Barbados",1.0,1.0,1.0,1.0,1777,7,0.000361
5ae3006c55429928c423959f,noise_gate,0.25,0.55,"Saint Michael, Barbados","Saint Michael, Barbados",1.0,1.0,1.0,1.0,1550,7,0.0003156
5ae3006c55429928c423959f,noise_gate,0.3,0.55,"Saint Michael, Barbados","Saint Michael, Barbados",1.0,1.0,1.0,1.0,1550,7,0.0003156
5ae3006c55429928c423959f,noise_gate,0.35,0.55,"Saint Michael, Barbados","Saint Michael, Barbados",1.0,1.0,1.0,1.0,1246,7,0.0002548
5ae3006c55429928c423959f,noise_gate,0.5,0.55,"Saint Michael, Barbados","Saint Michael, Barbados",1.0,1.0,1.0,1.0,455,7,9.66e-05
5ae3006c55429928c423959f,noise_gate,0.2,0.5,"Saint Michael, Barbados","Saint Michael, Barbados",1.0,1.0,1.0,1.0,1777,7,0.000361
5ae3006c55429928c423959f,noise_gate,0.25,0.5,"Saint Michael, Barbados","Saint Michael, Barbados",1.0,1.0,1.0,1.0,1550,7,0.0003156
5ae3006c55429928c423959f,noise_gate,0.3,0.5,"Saint Michael, Barbados","Saint Michael, Barbados",1.0,1.0,1.0,1.0,1550,7,0.0003156
5ae3006c55429928c423959f,noise_gate,0.35,0.5,"Saint Michael, Barbados","Saint Michael, Barbados",1.0,1.0,1.0,1.0,1246,7,0.0002548
5ae3006c55429928c423959f,noise_gate,0.5,0.5,"Saint Michael, Barbados","Saint Michael, Barbados",1.0,1.0,1.0,1.0,455,7,9.66e-05
5a74122f55429929fddd83da,noise_gate,0.2,0.55,Love Drunk,Love Drunk,1.0,1.0,1.0,1.0,946,6,0.00019400000000000003
5a74122f55429929fddd83da,noise_gate,0.25,0.55,Love Drunk,Love Drunk,1.0,1.0,1.0,1.0,946,6,0.00019400000000000003
5a74122f55429929fddd83da,noise_gate,0.3,0.55,Love Drunk,Love Drunk,1.0,1.0,1.0,1.0,850,6,0.00017480000000000002
5a74122f55429929fddd83da,noise_gate,0.35,0.55,Love Drunk,Love Drunk,1.0,1.0,1.0,1.0,784,6,0.00016160000000000002
5a74122f55429929fddd83da,noise_gate,0.5,0.55,Love Drunk,Love Drunk,1.0,1.0,1.0,1.0,690,6,0.0001428
5a74122f55429929fddd83da,noise_gate,0.2,0.5,Love Drunk,Love Drunk,1.0,1.0,1.0,1.0,946,6,0.00019400000000000003
5a74122f55429929fddd83da,noise_gate,0.25,0.5,Love Drunk,Love Drunk,1.0,1.0,1.0,1.0,946,6,0.00019400000000000003
5a74122f55429929fddd83da,noise_gate,0.3,0.5,Love Drunk,Love Drunk,1.0,1.0,1.0,1.0,850,6,0.00017480000000000002
5a74122f55429929fddd83da,noise_gate,0.35,0.5,Love Drunk,Love Drunk,1.0,1.0,1.0,1.0,784,6,0.00016160000000000002
5a74122f55429929fddd83da,noise_gate,0.5,0.5,Love Drunk,Love Drunk,1.0,1.0,1.0,1.0,690,6,0.0001428
5a81711455429938b614233e,noise_gate,0.2,0.55,yes,yes,1.0,1.0,1.0,1.0,1355,4,0.0002742
5a81711455429938b614233e,noise_gate,0.25,0.55,yes,yes,1.0,1.0,1.0,1.0,1148,4,0.00023280000000000002
5a81711455429938b614233e,noise_gate,0.3,0.55,yes,yes,1.0,1.0,1.0,1.0,686,4,0.00014040000000000002
5a81711455429938b614233e,noise_gate,0.35,0.55,yes,yes,1.0,1.0,1.0,1.0,462,4,9.56e-05
5a81711455429938b614233e,noise_gate,0.5,0.55,yes,yes,1.0,1.0,1.0,1.0,277,4,5.860000000000001e-05
5a81711455429938b614233e,noise_gate,0.2,0.5,yes,yes,1.0,1.0,1.0,1.0,1355,4,0.0002742
5a81711455429938b614233e,noise_gate,0.25,0.5,yes,yes,1.0,1.0,1.0,1.0,1148,4,0.00023280000000000002
5a81711455429938b614233e,noise_gate,0.3,0.5,yes,yes,1.0,1.0,1.0,1.0,686,4,0.00014040000000000002
5a81711455429938b614233e,noise_gate,0.35,0.5,yes,yes,1.0,1.0,1.0,1.0,462,4,9.56e-05
5a81711455429938b614233e,noise_gate,0.5,0.5,yes,yes,1.0,1.0,1.0,1.0,277,4,5.860000000000001e-05
5ae1e4095542997283cd22bf,noise_gate,0.2,0.55,Ursus americanus,Ursus americanus,1.0,1.0,1.0,1.0,1121,8,0.00023060000000000002
5ae1e4095542997283cd22bf,noise_gate,0.25,0.55,Ursus americanus,Ursus americanus,1.0,1.0,1.0,1.0,1121,8,0.00023060000000000002
5ae1e4095542997283cd22bf,noise_gate,0.3,0.55,Ursus americanus,Ursus americanus,1.0,1.0,1.0,1.0,1121,8,0.00023060000000000002
5ae1e4095542997283cd22bf,noise_gate,0.35,0.55,Ursus americanus,Ursus americanus,1.0,1.0,1.0,1.0,1121,8,0.00023060000000000002
5ae1e4095542997283cd22bf,noise_gate,0.5,0.55,Ursus americanus,Ursus americanus,1.0,1.0,1.0,1.0,698,8,0.000146
5ae1e4095542997283cd22bf,noise_gate,0.2,0.5,Ursus americanus,Ursus americanus,1.0,1.0,1.0,1.0,1121,8,0.00023060000000000002
5ae1e4095542997283cd22bf,noise_gate,0.25,0.5,Ursus americanus,Ursus americanus,1.0,1.0,1.0,1.0,1121,8,0.00023060000000000002
5ae1e4095542997283cd22bf,noise_gate,0.3,0.5,Ursus americanus,Ursus americanus,1.0,1.0,1.0,1.0,1121,8,0.00023060000000000002
5ae1e4095542997283cd22bf,noise_gate,0.35,0.5,Ursus americanus,Ursus americanus,1.0,1.0,1.0,1.0,1121,8,0.00023060000000000002
5ae1e4095542997283cd22bf,noise_gate,0.5,0.5,Ursus americanus,Ursus americanus,1.0,1.0,1.0,1.0,698,8,0.000146
5a8c6d4e5542996e8ac88aa6,noise_gate,0.2,0.55,J. Searle Dawley,James Searle Dawley,0.0,0.6666666666666666,0.6666666666666666,0.6666666666666666,926,10,0.00019320000000000003
5a8c6d4e5542996e8ac88aa6,noise_gate,0.25,0.55,J. Searle Dawley,James Searle Dawley,0.0,0.6666666666666666,0.6666666666666666,0.6666666666666666,803,10,0.00016860000000000003
5a8c6d4e5542996e8ac88aa6,noise_gate,0.3,0.55,J. Searle Dawley,James Searle Dawley,0.0,0.6666666666666666,0.6666666666666666,0.6666666666666666,606,10,0.0001292
5a8c6d4e5542996e8ac88aa6,noise_gate,0.35,0.55,J. Searle Dawley,James Searle Dawley,0.0,0.6666666666666666,0.6666666666666666,0.6666666666666666,451,10,9.82e-05
5a8c6d4e5542996e8ac88aa6,noise_gate,0.5,0.55,J. Searle Dawley,James Searle Dawley,0.0,0.6666666666666666,0.6666666666666666,0.6666666666666666,229,10,5.38e-05
5a8c6d4e5542996e8ac88aa6,noise_gate,0.2,0.5,J. Searle Dawley,James Searle Dawley,0.0,0.6666666666666666,0.6666666666666666,0.6666666666666666,926,10,0.00019320000000000003
5a8c6d4e5542996e8ac88aa6,noise_gate,0.25,0.5,J. Searle Dawley,James Searle Dawley,0.0,0.6666666666666666,0.6666666666666666,0.6666666666666666,803,10,0.00016860000000000003
5a8c6d4e5542996e8ac88aa6,noise_gate,0.3,0.5,J. Searle Dawley,James Searle Dawley,0.0,0.6666666666666666,0.6666666666666666,0.6666666666666666,606,10,0.0001292
5a8c6d4e5542996e8ac88aa6,noise_gate,0.35,0.5,J. Searle Dawley,James Searle Dawley,0.0,0.6666666666666666,0.6666666666666666,0.6666666666666666,451,10,9.82e-05
5a8c6d4e5542996e8ac88aa6,noise_gate,0.5,0.5,J. Searle Dawley,James Searle Dawley,0.0,0.6666666666666666,0.6666666666666666,0.6666666666666666,229,16,5.86e-05
5abf11d45542997719eab660,noise_gate,0.2,0.55,Canada,Canada,1.0,1.0,1.0,1.0,1226,4,0.0002484
5abf11d45542997719eab660,noise_gate,0.25,0.55,Canada,Canada,1.0,1.0,1.0,1.0,1057,4,0.0002146
5abf11d45542997719eab660,noise_gate,0.3,0.55,Canada,Canada,1.0,1.0,1.0,1.0,604,4,0.000124
5abf11d45542997719eab660,noise_gate,0.35,0.55,Canada,Canada,1.0,1.0,1.0,1.0,289,4,6.1000000000000005e-05
5abf11d45542997719eab660,noise_gate,0.5,0.55,Japan,Canada,0.0,0.0,0.0,0.0,89,4,2.1000000000000002e-05
5abf11d45542997719eab660,noise_gate,0.2,0.5,Canada,Canada,1.0,1.0,1.0,1.0,1226,4,0.0002484
5abf11d45542997719eab660,noise_gate,0.25,0.5,Canada,Canada,1.0,1.0,1.0,1.0,1057,4,0.0002146
5abf11d45542997719eab660,noise_gate,0.3,0.5,Canada,Canada,1.0,1.0,1.0,1.0,604,4,0.000124
5abf11d45542997719eab660,noise_gate,0.35,0.5,Canada,Canada,1.0,1.0,1.0,1.0,289,4,6.1000000000000005e-05
5abf11d45542997719eab660,noise_gate,0.5,0.5,Germany,Canada,0.0,0.0,0.0,0.0,89,4,2.1000000000000002e-05
5ac11201554299294b21908c,noise_gate,0.2,0.55,Oakland County,Oakland County,1.0,1.0,1.0,1.0,1307,6,0.0002662
5ac11201554299294b21908c,noise_gate,0.25,0.55,"Rochester Hills, Michigan",Oakland County,0.0,0.0,0.0,0.0,1252,9,0.00025760000000000003
5ac11201554299294b21908c,noise_gate,0.3,0.55,"Rochester Hills, Michigan",Oakland County,0.0,0.0,0.0,0.0,799,9,0.00016700000000000002
5ac11201554299294b21908c,noise_gate,0.35,0.55,"Rochester Hills, Michigan",Oakland County,0.0,0.0,0.0,0.0,524,9,0.00011200000000000001
5ac11201554299294b21908c,noise_gate,0.5,0.55,"Rochester Hills, Michigan",Oakland County,0.0,0.0,0.0,0.0,136,9,3.44e-05
5ac11201554299294b21908c,noise_gate,0.2,0.5,"Rochester Hills, Michigan",Oakland County,0.0,0.0,0.0,0.0,1307,9,0.0002686
5ac11201554299294b21908c,noise_gate,0.25,0.5,"Rochester Hills, Michigan",Oakland County,0.0,0.0,0.0,0.0,1252,9,0.00025760000000000003
5ac11201554299294b21908c,noise_gate,0.3,0.5,Oakland County,Oakland County,1.0,1.0,1.0,1.0,799,6,0.00016460000000000002
5ac11201554299294b21908c,noise_gate,0.35,0.5,"Rochester Hills, Michigan",Oakland County,0.0,0.0,0.0,0.0,524,9,0.00011200000000000001
5ac11201554299294b21908c,noise_gate,0.5,0.5,"Rochester Hills, Michigan",Oakland County,0.0,0.0,0.0,0.0,136,9,3.44e-05
5ade063d5542995b365fabcd,noise_gate,0.2,0.55,Major League Soccer,Major League Soccer,1.0,1.0,1.0,1.0,1594,6,0.0003236
5ade063d5542995b365fabcd,noise_gate,0.25,0.55,Major League Soccer,Major League Soccer,1.0,1.0,1.0,1.0,1594,6,0.0003236
5ade063d5542995b365fabcd,noise_gate,0.3,0.55,Major League Soccer,Major League Soccer,1.0,1.0,1.0,1.0,1594,6,0.0003236
5ade063d5542995b365fabcd,noise_gate,0.35,0.55,Major League Soccer,Major League Soccer,1.0,1.0,1.0,1.0,1380,6,0.0002808
5ade063d5542995b365fabcd,noise_gate,0.5,0.55,Major League Soccer,Major League Soccer,1.0,1.0,1.0,1.0,172,6,3.92e-05
5ade063d5542995b365fabcd,noise_gate,0.2,0.5,Major League Soccer,Major League Soccer,1.0,1.0,1.0,1.0,1594,6,0.0003236
5ade063d5542995b365fabcd,noise_gate,0.25,0.5,Major League Soccer,Major League Soccer,1.0,1.0,1.0,1.0,1594,6,0.0003236
5ade063d5542995b365fabcd,noise_gate,0.3,0.5,Major League Soccer,Major League Soccer,1.0,1.0,1.0,1.0,1594,6,0.0003236
5ade063d5542995b365fabcd,noise_gate,0.35,0.5,Major League Soccer,Major League Soccer,1.0,1.0,1.0,1.0,1380,6,0.0002808
5ade063d5542995b365fabcd,noise_gate,0.5,0.5,Major League Soccer,Major League Soccer,1.0,1.0,1.0,1.0,172,6,3.92e-05
5ab3a83d5542992ade7c6e08,noise_gate,0.2,0.55,The Daily Stormer,The Daily Stormer,1.0,1.0,1.0,1.0,633,7,0.00013220000000000001
5ab3a83d5542992ade7c6e08,noise_gate,0.25,0.55,The Daily Stormer,The Daily Stormer,1.0,1.0,1.0,1.0,633,7,0.00013220000000000001
5ab3a83d5542992ade7c6e08,noise_gate,0.3,0.55,The Daily Stormer,The Daily Stormer,1.0,1.0,1.0,1.0,633,7,0.00013220000000000001
5ab3a83d5542992ade7c6e08,noise_gate,0.35,0.55,The Daily Stormer,The Daily Stormer,1.0,1.0,1.0,1.0,538,7,0.00011320000000000001
5ab3a83d5542992ade7c6e08,noise_gate,0.5,0.55,The Krypto Report,The Daily Stormer,0.0,0.0,0.0,0.0,242,7,5.4000000000000005e-05
5ab3a83d5542992ade7c6e08,noise_gate,0.2,0.5,The Daily Stormer,The Daily Stormer,1.0,1.0,1.0,1.0,633,7,0.00013220000000000001
5ab3a83d5542992ade7c6e08,noise_gate,0.25,0.5,The Daily Stormer,The Daily Stormer,1.0,1.0,1.0,1.0,633,7,0.00013220000000000001
5ab3a83d5542992ade7c6e08,noise_gate,0.3,0.5,The Daily Stormer,The Daily Stormer,1.0,1.0,1.0,1.0,633,7,0.00013220000000000001
5ab3a83d5542992ade7c6e08,noise_gate,0.35,0.5,The Daily Stormer,The Daily Stormer,1.0,1.0,1.0,1.0,538,7,0.00011320000000000001
5ab3a83d5542992ade7c6e08,noise_gate,0.5,0.5,The Daily Stormer,The Daily Stormer,1.0,1.0,1.0,1.0,242,7,5.4000000000000005e-05
5a79b525554299029c4b5f67,noise_gate,0.2,0.55,traditional music of the Andes,traditional music,0.0,0.6666666666666666,0.5,1.0,1350,8,0.0002764
5a79b525554299029c4b5f67,noise_gate,0.25,0.55,traditional music of pre-Hispanic and contemporary music of the Andes,traditional music,0.0,0.3636363636363636,0.2222222222222222,1.0,1350,16,0.0002828
5a79b525554299029c4b5f67,noise_gate,0.3,0.55,traditional music of the Andes,traditional music,0.0,0.6666666666666666,0.5,1.0,1126,8,0.00023160000000000002
5a79b525554299029c4b5f67,noise_gate,0.35,0.55,traditional music of the Andes,traditional music,0.0,0.6666666666666666,0.5,1.0,1126,8,0.00023160000000000002
5a79b525554299029c4b5f67,noise_gate,0.5,0.55,traditional music of the Andes,traditional music,0.0,0.6666666666666666,0.5,1.0,324,8,7.120000000000001e-05
5a79b525554299029c4b5f67,noise_gate,0.2,0.5,traditional music of pre-Hispanic and contemporary music of the Andes,traditional music,0.0,0.3636363636363636,0.2222222222222222,1.0,1350,16,0.0002828
5a79b525554299029c4b5f67,noise_gate,0.25,0.5,traditional music of the Andes,traditional music,0.0,0.6666666666666666,0.5,1.0,1350,8,0.0002764
5a79b525554299029c4b5f67,noise_gate,0.3,0.5,traditional music of the Andes,traditional music,0.0,0.6666666666666666,0.5,1.0,1126,8,0.00023160000000000002
5a79b525554299029c4b5f67,noise_gate,0.35,0.5,traditional music of pre-Hispanic and contemporary music of the Andes,traditional music,0.0,0.3636363636363636,0.2222222222222222,1.0,1126,16,0.00023800000000000004
5a79b525554299029c4b5f67,noise_gate,0.5,0.5,traditional music of the Andes,traditional music,0.0,0.6666666666666666,0.5,1.0,324,8,7.120000000000001e-05
5a8b77705542995d1e6f13aa,noise_gate,0.2,0.55,"Sirius XM
",Sirius XM Holdings,0.0,0.8,1.0,0.6666666666666666,1310,8,0.0002684
5a8b77705542995d1e6f13aa,noise_gate,0.25,0.55,Sirius XM,Sirius XM Holdings,0.0,0.8,1.0,0.6666666666666666,1205,7,0.00024660000000000003
5a8b77705542995d1e6f13aa,noise_gate,0.3,0.55,Sirius XM,Sirius XM Holdings,0.0,0.8,1.0,0.6666666666666666,1205,7,0.00024660000000000003
5a8b77705542995d1e6f13aa,noise_gate,0.35,0.55,Sirius XM,Sirius XM Holdings,0.0,0.8,1.0,0.6666666666666666,695,7,0.0001446
5a8b77705542995d1e6f13aa,noise_gate,0.5,0.55,Sirius XM,Sirius XM Holdings,0.0,0.8,1.0,0.6666666666666666,165,7,3.86e-05
5a8b77705542995d1e6f13aa,noise_gate,0.2,0.5,Sirius XM,Sirius XM Holdings,0.0,0.8,1.0,0.6666666666666666,1310,7,0.0002676
5a8b77705542995d1e6f13aa,noise_gate,0.25,0.5,Sirius XM,Sirius XM Holdings,0.0,0.8,1.0,0.6666666666666666,1205,7,0.00024660000000000003
5a8b77705542995d1e6f13aa,noise_gate,0.3,0.5,Sirius XM,Sirius XM Holdings,0.0,0.8,1.0,0.6666666666666666,1205,7,0.00024660000000000003
5a8b77705542995d1e6f13aa,noise_gate,0.35,0.5,Sirius XM,Sirius XM Holdings,0.0,0.8,1.0,0.6666666666666666,695,7,0.0001446
5a8b77705542995d1e6f13aa,noise_gate,0.5,0.5,Sirius XM,Sirius XM Holdings,0.0,0.8,1.0,0.6666666666666666,165,7,3.86e-05
5a8aeadc55429950cd6afbe0,noise_gate,0.2,0.55,"January 14, 2010","January 14, 2010",1.0,1.0,1.0,1.0,897,10,0.0001874
5a8aeadc55429950cd6afbe0,noise_gate,0.25,0.55,"January 14, 2010","January 14, 2010",1.0,1.0,1.0,1.0,897,10,0.0001874
5a8aeadc55429950cd6afbe0,noise_gate,0.3,0.55,"January 14, 2010","January 14, 2010",1.0,1.0,1.0,1.0,897,10,0.0001874
5a8aeadc55429950cd6afbe0,noise_gate,0.35,0.55,"January 14, 2010","January 14, 2010",1.0,1.0,1.0,1.0,897,10,0.0001874
5a8aeadc55429950cd6afbe0,noise_gate,0.5,0.55,"January 14, 2010","January 14, 2010",1.0,1.0,1.0,1.0,234,10,5.4800000000000004e-05
5a8aeadc55429950cd6afbe0,noise_gate,0.2,0.5,"January 14, 2010","January 14, 2010",1.0,1.0,1.0,1.0,897,10,0.0001874
5a8aeadc55429950cd6afbe0,noise_gate,0.25,0.5,"January 14, 2010","January 14, 2010",1.0,1.0,1.0,1.0,897,10,0.0001874
5a8aeadc55429950cd6afbe0,noise_gate,0.3,0.5,"January 14, 2010","January 14, 2010",1.0,1.0,1.0,1.0,897,10,0.0001874
5a8aeadc55429950cd6afbe0,noise_gate,0.35,0.5,"January 14, 2010","January 14, 2010",1.0,1.0,1.0,1.0,897,10,0.0001874
5a8aeadc55429950cd6afbe0,noise_gate,0.5,0.5,"January 14, 2010","January 14, 2010",1.0,1.0,1.0,1.0,234,10,5.4800000000000004e-05
5abd0296554299114383a1d1,noise_gate,0.2,0.55,1876,1876,1.0,1.0,1.0,1.0,1556,5,0.0003152
5abd0296554299114383a1d1,noise_gate,0.25,0.55,1876,1876,1.0,1.0,1.0,1.0,1285,5,0.000261
5abd0296554299114383a1d1,noise_gate,0.3,0.55,1876,1876,1.0,1.0,1.0,1.0,756,5,0.0001552
5abd0296554299114383a1d1,noise_gate,0.35,0.55,1876,1876,1.0,1.0,1.0,1.0,353,5,7.460000000000001e-05
5abd0296554299114383a1d1,noise_gate,0.5,0.55,1876,1876,1.0,1.0,1.0,1.0,353,5,7.460000000000001e-05
5abd0296554299114383a1d1,noise_gate,0.2,0.5,1876,1876,1.0,1.0,1.0,1.0,1556,5,0.0003152
5abd0296554299114383a1d1,noise_gate,0.25,0.5,1876,1876,1.0,1.0,1.0,1.0,1285,5,0.000261
5abd0296554299114383a1d1,noise_gate,0.3,0.5,1876,1876,1.0,1.0,1.0,1.0,756,5,0.0001552
5abd0296554299114383a1d1,noise_gate,0.35,0.5,1876,1876,1.0,1.0,1.0,1.0,353,5,7.460000000000001e-05
5abd0296554299114383a1d1,noise_gate,0.5,0.5,1876,1876,1.0,1.0,1.0,1.0,353,5,7.460000000000001e-05
5ae4d0ff55429913cc204511,noise_gate,0.2,0.55,Greek Fire,Greek Fire,1.0,1.0,1.0,1.0,1922,5,0.0003884
5ae4d0ff55429913cc204511,noise_gate,0.25,0.55,Greek Fire,Greek Fire,1.0,1.0,1.0,1.0,1922,5,0.0003884
5ae4d0ff55429913cc204511,noise_gate,0.3,0.55,Greek Fire,Greek Fire,1.0,1.0,1.0,1.0,1922,5,0.0003884
5ae4d0ff55429913cc204511,noise_gate,0.35,0.55,Greek Fire,Greek Fire,1.0,1.0,1.0,1.0,1623,11,0.0003334
5ae4d0ff55429913cc204511,noise_gate,0.5,0.55,The Smashing Pumpkins,Greek Fire,0.0,0.0,0.0,0.0,540,8,0.0001144
5ae4d0ff55429913cc204511,noise_gate,0.2,0.5,Greek Fire,Greek Fire,1.0,1.0,1.0,1.0,1922,5,0.0003884
5ae4d0ff55429913cc204511,noise_gate,0.25,0.5,Greek Fire,Greek Fire,1.0,1.0,1.0,1.0,1922,5,0.0003884
5ae4d0ff55429913cc204511,noise_gate,0.3,0.5,Greek Fire,Greek Fire,1.0,1.0,1.0,1.0,1922,5,0.0003884
5ae4d0ff55429913cc204511,noise_gate,0.35,0.5,Greek Fire,Greek Fire,1.0,1.0,1.0,1.0,1623,5,0.0003286
5ae4d0ff55429913cc204511,noise_gate,0.5,0.5,The Smashing Pumpkins,Greek Fire,0.0,0.0,0.0,0.0,540,8,0.0001144
5ac07fff554299294b219006,noise_gate,0.2,0.55,tennis,tennis,1.0,1.0,1.0,1.0,841,5,0.0001722
5ac07fff554299294b219006,noise_gate,0.25,0.55,tennis,tennis,1.0,1.0,1.0,1.0,677,5,0.0001394
5ac07fff554299294b219006,noise_gate,0.3,0.55,tennis,tennis,1.0,1.0,1.0,1.0,548,5,0.00011360000000000001
5ac07fff554299294b219006,noise_gate,0.35,0.55,tennis,tennis,1.0,1.0,1.0,1.0,333,5,7.060000000000001e-05
5ac07fff554299294b219006,noise_gate,0.5,0.55,tennis,tennis,1.0,1.0,1.0,1.0,298,5,6.36e-05
5ac07fff554299294b219006,noise_gate,0.2,0.5,tennis,tennis,1.0,1.0,1.0,1.0,841,5,0.0001722
5ac07fff554299294b219006,noise_gate,0.25,0.5,tennis,tennis,1.0,1.0,1.0,1.0,677,5,0.0001394
5ac07fff554299294b219006,noise_gate,0.3,0.5,tennis,tennis,1.0,1.0,1.0,1.0,548,5,0.00011360000000000001
5ac07fff554299294b219006,noise_gate,0.35,0.5,tennis,tennis,1.0,1.0,1.0,1.0,333,5,7.060000000000001e-05
5ac07fff554299294b219006,noise_gate,0.5,0.5,tennis,tennis,1.0,1.0,1.0,1.0,298,5,6.36e-05
5ab741005542992aa3b8c800,noise_gate,0.2,0.55,Bobby Hurley,Robert Matthew Hurley,0.0,0.4,0.5,0.3333333333333333,1645,7,0.0003346
5ab741005542992aa3b8c800,noise_gate,0.25,0.55,Bobby Hurley,Robert Matthew Hurley,0.0,0.4,0.5,0.3333333333333333,1645,7,0.0003346
5ab741005542992aa3b8c800,noise_gate,0.3,0.55,Bobby Hurley,Robert Matthew Hurley,0.0,0.4,0.5,0.3333333333333333,1645,7,0.0003346
5ab741005542992aa3b8c800,noise_gate,0.35,0.55,Bobby Hurley,Robert Matthew Hurley,0.0,0.4,0.5,0.3333333333333333,1471,7,0.0002998
5ab741005542992aa3b8c800,noise_gate,0.5,0.55,Bobby Hurley,Robert Matthew Hurley,0.0,0.4,0.5,0.3333333333333333,581,7,0.0001218
5ab741005542992aa3b8c800,noise_gate,0.2,0.5,Bobby Hurley,Robert Matthew Hurley,0.0,0.4,0.5,0.3333333333333333,1645,7,0.0003346
5ab741005542992aa3b8c800,noise_gate,0.25,0.5,Bobby Hurley,Robert Matthew Hurley,0.0,0.4,0.5,0.3333333333333333,1645,7,0.0003346
5ab741005542992aa3b8c800,noise_gate,0.3,0.5,Bobby Hurley,Robert Matthew Hurley,0.0,0.4,0.5,0.3333333333333333,1645,7,0.0003346
5ab741005542992aa3b8c800,noise_gate,0.35,0.5,Bobby Hurley,Robert Matthew Hurley,0.0,0.4,0.5,0.3333333333333333,1471,7,0.0002998
5ab741005542992aa3b8c800,noise_gate,0.5,0.5,Bobby Hurley,Robert Matthew Hurley,0.0,0.4,0.5,0.3333333333333333,581,7,0.0001218
5abe4a365542993f32c2a0dc,noise_gate,0.2,0.55,120 countries,more than 120 countries,0.0,0.6666666666666666,1.0,0.5,1459,5,0.0002958
5abe4a365542993f32c2a0dc,noise_gate,0.25,0.55,120 countries,more than 120 countries,0.0,0.6666666666666666,1.0,0.5,316,5,6.720000000000001e-05
5abe4a365542993f32c2a0dc,noise_gate,0.3,0.55,120 countries,more than 120 countries,0.0,0.6666666666666666,1.0,0.5,316,5,6.720000000000001e-05
5abe4a365542993f32c2a0dc,noise_gate,0.35,0.55,120 ქვეყნies,more than 120 countries,0.0,0.3333333333333333,0.5,0.25,316,6,6.8e-05
5abe4a365542993f32c2a0dc,noise_gate,0.5,0.55,120,more than 120 countries,0.0,0.4,1.0,0.25,271,10,6.220000000000001e-05
5abe4a365542993f32c2a0dc,noise_gate,0.2,0.5,120 countries,more than 120 countries,0.0,0.6666666666666666,1.0,0.5,1459,5,0.0002958
5abe4a365542993f32c2a0dc,noise_gate,0.25,0.5,120 countries,more than 120 countries,0.0,0.6666666666666666,1.0,0.5,316,5,6.720000000000001e-05
5abe4a365542993f32c2a0dc,noise_gate,0.3,0.5,120 countries,more than 120 countries,0.0,0.6666666666666666,1.0,0.5,316,5,6.720000000000001e-05
5abe4a365542993f32c2a0dc,noise_gate,0.35,0.5,120 countries,more than 120 countries,0.0,0.6666666666666666,1.0,0.5,316,5,6.720000000000001e-05
5abe4a365542993f32c2a0dc,noise_gate,0.5,0.5,120,more than 120 countries,0.0,0.4,1.0,0.25,271,10,6.220000000000001e-05
5ab6cebd55429954757d3378,noise_gate,0.2,0.55,whaling,hunt,0.0,0.0,0.0,0.0,1483,5,0.0003006
5ab6cebd55429954757d3378,noise_gate,0.25,0.55,whaling,hunt,0.0,0.0,0.0,0.0,1483,5,0.0003006
5ab6cebd55429954757d3378,noise_gate,0.3,0.55,whaling,hunt,0.0,0.0,0.0,0.0,1483,5,0.0003006
5ab6cebd55429954757d3378,noise_gate,0.35,0.55,whaling,hunt,0.0,0.0,0.0,0.0,1483,5,0.0003006
5ab6cebd55429954757d3378,noise_gate,0.5,0.55,whaling,hunt,0.0,0.0,0.0,0.0,528,11,0.0001144
5ab6cebd55429954757d3378,noise_gate,0.2,0.5,whaling,hunt,0.0,0.0,0.0,0.0,1483,5,0.0003006
5ab6cebd55429954757d3378,noise_gate,0.25,0.5,whaling,hunt,0.0,0.0,0.0,0.0,1483,5,0.0003006
5ab6cebd55429954757d3378,noise_gate,0.3,0.5,whaling,hunt,0.0,0.0,0.0,0.0,1483,5,0.0003006
5ab6cebd55429954757d3378,noise_gate,0.35,0.5,whaling,hunt,0.0,0.0,0.0,0.0,1483,5,0.0003006
5ab6cebd55429954757d3378,noise_gate,0.5,0.5,whaling,hunt,0.0,0.0,0.0,0.0,528,11,0.0001144
5abc219655429959677d6a1d,noise_gate,0.2,0.55,Preacher,"the Vertigo series ""Preacher""",0.0,0.5,1.0,0.3333333333333333,1824,5,0.0003688
5abc219655429959677d6a1d,noise_gate,0.25,0.55,Preacher,"the Vertigo series ""Preacher""",0.0,0.5,1.0,0.3333333333333333,1824,5,0.0003688
5abc219655429959677d6a1d,noise_gate,0.3,0.55,Preacher,"the Vertigo series ""Preacher""",0.0,0.5,1.0,0.3333333333333333,1191,5,0.0002422
5abc219655429959677d6a1d,noise_gate,0.35,0.55,Star Crossed,"the Vertigo series ""Preacher""",0.0,0.0,0.0,0.0,975,6,0.0001998
5abc219655429959677d6a1d,noise_gate,0.5,0.55,Star Crossed,"the Vertigo series ""Preacher""",0.0,0.0,0.0,0.0,375,12,8.46e-05
5abc219655429959677d6a1d,noise_gate,0.2,0.5,Preacher,"the Vertigo series ""Preacher""",0.0,0.5,1.0,0.3333333333333333,1824,5,0.0003688
5abc219655429959677d6a1d,noise_gate,0.25,0.5,Preacher,"the Vertigo series ""Preacher""",0.0,0.5,1.0,0.3333333333333333,1824,5,0.0003688
5abc219655429959677d6a1d,noise_gate,0.3,0.5,Preacher,"the Vertigo series ""Preacher""",0.0,0.5,1.0,0.3333333333333333,1191,5,0.0002422
5abc219655429959677d6a1d,noise_gate,0.35,0.5,Preacher,"the Vertigo series ""Preacher""",0.0,0.5,1.0,0.3333333333333333,975,5,0.00019899999999999999
5abc219655429959677d6a1d,noise_gate,0.5,0.5,Star Crossed,"the Vertigo series ""Preacher""",0.0,0.0,0.0,0.0,375,6,7.979999999999999e-05
5ac546975542993e66e8229a,noise_gate,0.2,0.55,1844,1844,1.0,1.0,1.0,1.0,1388,5,0.0002816
5ac546975542993e66e8229a,noise_gate,0.25,0.55,1844,1844,1.0,1.0,1.0,1.0,1388,5,0.0002816
5ac546975542993e66e8229a,noise_gate,0.3,0.55,1844,1844,1.0,1.0,1.0,1.0,1388,5,0.0002816
5ac546975542993e66e8229a,noise_gate,0.35,0.55,1844,1844,1.0,1.0,1.0,1.0,853,5,0.00017460000000000002
5ac546975542993e66e8229a,noise_gate,0.5,0.55,1844,1844,1.0,1.0,1.0,1.0,409,5,8.580000000000001e-05
5ac546975542993e66e8229a,noise_gate,0.2,0.5,1844,1844,1.0,1.0,1.0,1.0,1388,5,0.0002816
5ac546975542993e66e8229a,noise_gate,0.25,0.5,1844,1844,1.0,1.0,1.0,1.0,1388,5,0.0002816
5ac546975542993e66e8229a,noise_gate,0.3,0.5,1844,1844,1.0,1.0,1.0,1.0,1388,5,0.0002816
5ac546975542993e66e8229a,noise_gate,0.35,0.5,1844,1844,1.0,1.0,1.0,1.0,853,5,0.00017460000000000002
5ac546975542993e66e8229a,noise_gate,0.5,0.5,1844,1844,1.0,1.0,1.0,1.0,409,5,8.580000000000001e-05
5adf4da15542995534e8c780,noise_gate,0.2,0.55,Democratic,Democratic,1.0,1.0,1.0,1.0,1067,5,0.0002174
5adf4da15542995534e8c780,noise_gate,0.25,0.55,democratic,Democratic,1.0,1.0,1.0,1.0,1067,5,0.0002174
5adf4da15542995534e8c780,noise_gate,0.3,0.55,Democratic,Democratic,1.0,1.0,1.0,1.0,1067,5,0.0002174
5adf4da15542995534e8c780,noise_gate,0.35,0.55,Democratic,Democratic,1.0,1.0,1.0,1.0,559,5,0.00011580000000000001
5adf4da15542995534e8c780,noise_gate,0.5,0.55,democratic,Democratic,1.0,1.0,1.0,1.0,258,5,5.56e-05
5adf4da15542995534e8c780,noise_gate,0.2,0.5,Democratic,Democratic,1.0,1.0,1.0,1.0,1067,5,0.0002174
5adf4da15542995534e8c780,noise_gate,0.25,0.5,Democratic,Democratic,1.0,1.0,1.0,1.0,1067,5,0.0002174
5adf4da15542995534e8c780,noise_gate,0.3,0.5,democratic,Democratic,1.0,1.0,1.0,1.0,1067,5,0.0002174
5adf4da15542995534e8c780,noise_gate,0.35,0.5,democratic,Democratic,1.0,1.0,1.0,1.0,559,5,0.00011580000000000001
5adf4da15542995534e8c780,noise_gate,0.5,0.5,Democratic,Democratic,1.0,1.0,1.0,1.0,258,5,5.56e-05
5a7f1d3c5542993067513639,noise_gate,0.2,0.55,Mercuria Energy Group,Mercuria Energy Group Ltd,0.0,0.8571428571428571,1.0,0.75,1806,7,0.0003668
5a7f1d3c5542993067513639,noise_gate,0.25,0.55,Mercuria Energy Group,Mercuria Energy Group Ltd,0.0,0.8571428571428571,1.0,0.75,1718,7,0.00034920000000000003
5a7f1d3c5542993067513639,noise_gate,0.3,0.55,Mercuria Energy Group,Mercuria Energy Group Ltd,0.0,0.8571428571428571,1.0,0.75,1504,7,0.00030639999999999997
5a7f1d3c5542993067513639,noise_gate,0.35,0.55,Mercuria Energy Group Ltd,Mercuria Energy Group Ltd,1.0,1.0,1.0,1.0,1182,8,0.0002428
5a7f1d3c5542993067513639,noise_gate,0.5,0.55,Mercuria Energy Group,Mercuria Energy Group Ltd,0.0,0.8571428571428571,1.0,0.75,208,7,4.72e-05
5a7f1d3c5542993067513639,noise_gate,0.2,0.5,Mercuria Energy Group,Mercuria Energy Group Ltd,0.0,0.8571428571428571,1.0,0.75,1806,7,0.0003668
5a7f1d3c5542993067513639,noise_gate,0.25,0.5,Mercuria Energy Group,Mercuria Energy Group Ltd,0.0,0.8571428571428571,1.0,0.75,1718,7,0.00034920000000000003
5a7f1d3c5542993067513639,noise_gate,0.3,0.5,Mercuria Energy Group,Mercuria Energy Group Ltd,0.0,0.8571428571428571,1.0,0.75,1504,7,0.00030639999999999997
5a7f1d3c5542993067513639,noise_gate,0.35,0.5,Mercuria Energy Group Ltd,Mercuria Energy Group Ltd,1.0,1.0,1.0,1.0,1182,8,0.0002428
5a7f1d3c5542993067513639,noise_gate,0.5,0.5,Mercuria Energy Group Ltd,Mercuria Energy Group Ltd,1.0,1.0,1.0,1.0,208,8,4.8e-05
5ae3c71f5542991a06ce9a22,noise_gate,0.2,0.55,"Mesopotamia, Argentina",Mesopotamia,0.0,0.6666666666666666,0.5,1.0,1189,8,0.0002442
5ae3c71f5542991a06ce9a22,noise_gate,0.25,0.55,"Mesopotamia
",Mesopotamia,1.0,1.0,1.0,1.0,1101,7,0.0002258
5ae3c71f5542991a06ce9a22,noise_gate,0.3,0.55,Mesopotamia,Mesopotamia,1.0,1.0,1.0,1.0,1101,6,0.00022500000000000002
5ae3c71f5542991a06ce9a22,noise_gate,0.35,0.55,"Mesopotamia
",Mesopotamia,1.0,1.0,1.0,1.0,1101,7,0.0002258
5ae3c71f5542991a06ce9a22,noise_gate,0.5,0.55,Mesopotamia,Mesopotamia,1.0,1.0,1.0,1.0,442,6,9.32e-05
5ae3c71f5542991a06ce9a22,noise_gate,0.2,0.5,"Mesopotamia
",Mesopotamia,1.0,1.0,1.0,1.0,1189,7,0.0002434
5ae3c71f5542991a06ce9a22,noise_gate,0.25,0.5,"Mesopotamia, Argentina",Mesopotamia,0.0,0.6666666666666666,0.5,1.0,1101,8,0.0002266
5ae3c71f5542991a06ce9a22,noise_gate,0.3,0.5,"Mesopotamia, Argentina",Mesopotamia,0.0,0.6666666666666666,0.5,1.0,1101,8,0.0002266
5ae3c71f5542991a06ce9a22,noise_gate,0.35,0.5,"Mesopotamia, Argentina",Mesopotamia,0.0,0.6666666666666666,0.5,1.0,1101,8,0.0002266
5ae3c71f5542991a06ce9a22,noise_gate,0.5,0.5,"Mesopotamia, Argentina",Mesopotamia,0.0,0.6666666666666666,0.5,1.0,442,8,9.480000000000001e-05
5a7e32905542991319bc943b,noise_gate,0.2,0.55,curling,Curling,1.0,1.0,1.0,1.0,1890,5,0.000382
5a7e32905542991319bc943b,noise_gate,0.25,0.55,curling,Curling,1.0,1.0,1.0,1.0,1890,5,0.000382
5a7e32905542991319bc943b,noise_gate,0.3,0.55,curling,Curling,1.0,1.0,1.0,1.0,1890,5,0.000382
5a7e32905542991319bc943b,noise_gate,0.35,0.55,curling,Curling,1.0,1.0,1.0,1.0,1374,5,0.0002788
5a7e32905542991319bc943b,noise_gate,0.5,0.55,curling,Curling,1.0,1.0,1.0,1.0,491,5,0.0001022
5a7e32905542991319bc943b,noise_gate,0.2,0.5,curling,Curling,1.0,1.0,1.0,1.0,1890,5,0.000382
5a7e32905542991319bc943b,noise_gate,0.25,0.5,curling,Curling,1.0,1.0,1.0,1.0,1890,5,0.000382
5a7e32905542991319bc943b,noise_gate,0.3,0.5,curling,Curling,1.0,1.0,1.0,1.0,1890,5,0.000382
5a7e32905542991319bc943b,noise_gate,0.35,0.5,curling,Curling,1.0,1.0,1.0,1.0,1374,5,0.0002788
5a7e32905542991319bc943b,noise_gate,0.5,0.5,curling,Curling,1.0,1.0,1.0,1.0,491,5,0.0001022
5a75462d5542996c70cfaed3,noise_gate,0.2,0.55,Edison Chen,Edison Koon-hei Chen,0.0,0.8,1.0,0.6666666666666666,1034,6,0.00021160000000000002
5a75462d5542996c70cfaed3,noise_gate,0.25,0.55,Edison Chen,Edison Koon-hei Chen,0.0,0.8,1.0,0.6666666666666666,962,6,0.00019720000000000002
5a75462d5542996c70cfaed3,noise_gate,0.3,0.55,Edison Chen,Edison Koon-hei Chen,0.0,0.8,1.0,0.6666666666666666,870,6,0.0001788
5a75462d5542996c70cfaed3,noise_gate,0.35,0.55,Edison Chen,Edison Koon-hei Chen,0.0,0.8,1.0,0.6666666666666666,870,6,0.0001788
5a75462d5542996c70cfaed3,noise_gate,0.5,0.55,Edison Chen,Edison Koon-hei Chen,0.0,0.8,1.0,0.6666666666666666,307,6,6.62e-05
5a75462d5542996c70cfaed3,noise_gate,0.2,0.5,Edison Chen,Edison Koon-hei Chen,0.0,0.8,1.0,0.6666666666666666,1034,6,0.00021160000000000002
5a75462d5542996c70cfaed3,noise_gate,0.25,0.5,Edison Chen,Edison Koon-hei Chen,0.0,0.8,1.0,0.6666666666666666,962,6,0.00019720000000000002
5a75462d5542996c70cfaed3,noise_gate,0.3,0.5,Edison Chen,Edison Koon-hei Chen,0.0,0.8,1.0,0.6666666666666666,870,6,0.0001788
5a75462d5542996c70cfaed3,noise_gate,0.35,0.5,Edison Chen,Edison Koon-hei Chen,0.0,0.8,1.0,0.6666666666666666,870,6,0.0001788
5a75462d5542996c70cfaed3,noise_gate,0.5,0.5,Edison Chen,Edison Koon-hei Chen,0.0,0.8,1.0,0.6666666666666666,307,6,6.62e-05
5a8effb55542997ba9cb317f,noise_gate,0.2,0.55,Matt Lucas,Matt Lucas,1.0,1.0,1.0,1.0,675,5,0.000139
5a8effb55542997ba9cb317f,noise_gate,0.25,0.55,Matt Lucas,Matt Lucas,1.0,1.0,1.0,1.0,561,5,0.0001162
5a8effb55542997ba9cb317f,noise_gate,0.3,0.55,Matt Lucas,Matt Lucas,1.0,1.0,1.0,1.0,391,5,8.22e-05
5a8effb55542997ba9cb317f,noise_gate,0.35,0.55,Matt Lucas,Matt Lucas,1.0,1.0,1.0,1.0,391,5,8.22e-05
5a8effb55542997ba9cb317f,noise_gate,0.5,0.55,Little Britain,Matt Lucas,0.0,0.0,0.0,0.0,203,5,4.460000000000001e-05
5a8effb55542997ba9cb317f,noise_gate,0.2,0.5,Matt Lucas,Matt Lucas,1.0,1.0,1.0,1.0,675,5,0.000139
5a8effb55542997ba9cb317f,noise_gate,0.25,0.5,Matt Lucas,Matt Lucas,1.0,1.0,1.0,1.0,561,5,0.0001162
5a8effb55542997ba9cb317f,noise_gate,0.3,0.5,Matt Lucas,Matt Lucas,1.0,1.0,1.0,1.0,391,5,8.22e-05
5a8effb55542997ba9cb317f,noise_gate,0.35,0.5,Matt Lucas,Matt Lucas,1.0,1.0,1.0,1.0,391,5,8.22e-05
5a8effb55542997ba9cb317f,noise_gate,0.5,0.5,"Little Britain
",Matt Lucas,0.0,0.0,0.0,0.0,203,6,4.5400000000000006e-05
5abec66b5542997ec76fd360,noise_gate,0.2,0.55,Pour le Mérite,A veteran World War I fighter pilot ace,0.0,0.0,0.0,0.0,1355,7,0.0002766
5abec66b5542997ec76fd360,noise_gate,0.25,0.55,Pour le Mérite,A veteran World War I fighter pilot ace,0.0,0.0,0.0,0.0,1089,7,0.0002234
5abec66b5542997ec76fd360,noise_gate,0.3,0.55,Pour le Mérite,A veteran World War I fighter pilot ace,0.0,0.0,0.0,0.0,1089,7,0.0002234
5abec66b5542997ec76fd360,noise_gate,0.35,0.55,Pour le Mérite,A veteran World War I fighter pilot ace,0.0,0.0,0.0,0.0,694,7,0.0001444
5abec66b5542997ec76fd360,noise_gate,0.5,0.55,Pour le Mérite,A veteran World War I fighter pilot ace,0.0,0.0,0.0,0.0,400,7,8.560000000000001e-05
5abec66b5542997ec76fd360,noise_gate,0.2,0.5,Pour le Mérite,A veteran World War I fighter pilot ace,0.0,0.0,0.0,0.0,1355,7,0.0002766
5abec66b5542997ec76fd360,noise_gate,0.25,0.5,Pour le Mérite,A veteran World War I fighter pilot ace,0.0,0.0,0.0,0.0,1089,7,0.0002234
5abec66b5542997ec76fd360,noise_gate,0.3,0.5,Pour le Mérite,A veteran World War I fighter pilot ace,0.0,0.0,0.0,0.0,1089,7,0.0002234
5abec66b5542997ec76fd360,noise_gate,0.35,0.5,Pour le Mérite,A veteran World War I fighter pilot ace,0.0,0.0,0.0,0.0,694,7,0.0001444
5abec66b5542997ec76fd360,noise_gate,0.5,0.5,Pour le Mérite,A veteran World War I fighter pilot ace,0.0,0.0,0.0,0.0,400,7,8.560000000000001e-05
5a9030ef5542995651fb50e4,noise_gate,0.2,0.55,american football,American football,1.0,1.0,1.0,1.0,1343,5,0.0002726
5a9030ef5542995651fb50e4,noise_gate,0.25,0.55,American football,American football,1.0,1.0,1.0,1.0,1343,5,0.0002726
5a9030ef5542995651fb50e4,noise_gate,0.3,0.55,American football,American football,1.0,1.0,1.0,1.0,972,5,0.0001984
5a9030ef5542995651fb50e4,noise_gate,0.35,0.55,American football,American football,1.0,1.0,1.0,1.0,779,5,0.0001598
5a9030ef5542995651fb50e4,noise_gate,0.5,0.55,football,American football,0.0,0.6666666666666666,1.0,0.5,211,4,4.5400000000000006e-05
5a9030ef5542995651fb50e4,noise_gate,0.2,0.5,American football,American football,1.0,1.0,1.0,1.0,1343,5,0.0002726
5a9030ef5542995651fb50e4,noise_gate,0.25,0.5,American football,American football,1.0,1.0,1.0,1.0,1343,5,0.0002726
5a9030ef5542995651fb50e4,noise_gate,0.3,0.5,American football,American football,1.0,1.0,1.0,1.0,972,5,0.0001984
5a9030ef5542995651fb50e4,noise_gate,0.35,0.5,American football,American football,1.0,1.0,1.0,1.0,779,5,0.0001598
5a9030ef5542995651fb50e4,noise_gate,0.5,0.5,football,American football,0.0,0.6666666666666666,1.0,0.5,211,4,4.5400000000000006e-05
5a762cf0554299109176e6a4,noise_gate,0.2,0.55,Bertalan Farkas,Bertalan Farkas,1.0,1.0,1.0,1.0,1486,9,0.0003044
5a762cf0554299109176e6a4,noise_gate,0.25,0.55,Bertalan Farkas,Bertalan Farkas,1.0,1.0,1.0,1.0,1486,9,0.0003044
5a762cf0554299109176e6a4,noise_gate,0.3,0.55,Bertalan Farkas,Bertalan Farkas,1.0,1.0,1.0,1.0,1113,9,0.00022980000000000003
5a762cf0554299109176e6a4,noise_gate,0.35,0.55,Bertalan Farkas,Bertalan Farkas,1.0,1.0,1.0,1.0,977,9,0.00020260000000000002
5a762cf0554299109176e6a4,noise_gate,0.5,0.55,Bertalan Farkas,Bertalan Farkas,1.0,1.0,1.0,1.0,251,9,5.74e-05
5a762cf0554299109176e6a4,noise_gate,0.2,0.5,Bertalan Farkas,Bertalan Farkas,1.0,1.0,1.0,1.0,1486,9,0.0003044
5a762cf0554299109176e6a4,noise_gate,0.25,0.5,Bertalan Farkas,Bertalan Farkas,1.0,1.0,1.0,1.0,1486,9,0.0003044
5a762cf0554299109176e6a4,noise_gate,0.3,0.5,Bertalan Farkas,Bertalan Farkas,1.0,1.0,1.0,1.0,1113,9,0.00022980000000000003
5a762cf0554299109176e6a4,noise_gate,0.35,0.5,Bertalan Farkas,Bertalan Farkas,1.0,1.0,1.0,1.0,977,9,0.00020260000000000002
5a762cf0554299109176e6a4,noise_gate,0.5,0.5,Bertalan Farkas,Bertalan Farkas,1.0,1.0,1.0,1.0,251,9,5.74e-05
5ade1c9e55429939a52fe822,noise_gate,0.2,0.55,Saint-Domingue,Saint-Domingue,1.0,1.0,1.0,1.0,1555,7,0.0003166
5ade1c9e55429939a52fe822,noise_gate,0.25,0.55,Saint-Domingue,Saint-Domingue,1.0,1.0,1.0,1.0,1555,7,0.0003166
5ade1c9e55429939a52fe822,noise_gate,0.3,0.55,Saint-Domingue,Saint-Domingue,1.0,1.0,1.0,1.0,1555,7,0.0003166
5ade1c9e55429939a52fe822,noise_gate,0.35,0.55,Saint-Domingue,Saint-Domingue,1.0,1.0,1.0,1.0,1396,7,0.0002848
5ade1c9e55429939a52fe822,noise_gate,0.5,0.55,Saint-Domingue,Saint-Domingue,1.0,1.0,1.0,1.0,940,7,0.0001936
5ade1c9e55429939a52fe822,noise_gate,0.2,0.5,Haiti,Saint-Domingue,0.0,0.0,0.0,0.0,1555,5,0.000315
5ade1c9e55429939a52fe822,noise_gate,0.25,0.5,Saint-Domingue,Saint-Domingue,1.0,1.0,1.0,1.0,1555,7,0.0003166
5ade1c9e55429939a52fe822,noise_gate,0.3,0.5,Saint-Domingue,Saint-Domingue,1.0,1.0,1.0,1.0,1555,7,0.0003166
5ade1c9e55429939a52fe822,noise_gate,0.35,0.5,Saint-Domingue,Saint-Domingue,1.0,1.0,1.0,1.0,1396,7,0.0002848
5ade1c9e55429939a52fe822,noise_gate,0.5,0.5,Saint-Domingue,Saint-Domingue,1.0,1.0,1.0,1.0,940,7,0.0001936
5abb1e1b5542992ccd8e7f19,noise_gate,0.2,0.55,Nobel Prize,Nobel Prize in Literature,0.0,0.6666666666666666,1.0,0.5,1395,6,0.0002838
5abb1e1b5542992ccd8e7f19,noise_gate,0.25,0.55,Nobel Prize,Nobel Prize in Literature,0.0,0.6666666666666666,1.0,0.5,1223,6,0.00024940000000000004
5abb1e1b5542992ccd8e7f19,noise_gate,0.3,0.55,Nobel Prize,Nobel Prize in Literature,0.0,0.6666666666666666,1.0,0.5,1103,6,0.00022540000000000003
5abb1e1b5542992ccd8e7f19,noise_gate,0.35,0.55,Nobel Prize,Nobel Prize in Literature,0.0,0.6666666666666666,1.0,0.5,1103,6,0.00022540000000000003
5abb1e1b5542992ccd8e7f19,noise_gate,0.5,0.55,Nobel Prize,Nobel Prize in Literature,0.0,0.6666666666666666,1.0,0.5,563,6,0.00011740000000000001
5abb1e1b5542992ccd8e7f19,noise_gate,0.2,0.5,Nobel Prize,Nobel Prize in Literature,0.0,0.6666666666666666,1.0,0.5,1395,6,0.0002838
5abb1e1b5542992ccd8e7f19,noise_gate,0.25,0.5,Nobel Prize,Nobel Prize in Literature,0.0,0.6666666666666666,1.0,0.5,1223,6,0.00024940000000000004
5abb1e1b5542992ccd8e7f19,noise_gate,0.3,0.5,Nobel Prize,Nobel Prize in Literature,0.0,0.6666666666666666,1.0,0.5,1103,6,0.00022540000000000003
5abb1e1b5542992ccd8e7f19,noise_gate,0.35,0.5,Nobel Prize in Literature,Nobel Prize in Literature,1.0,1.0,1.0,1.0,1103,8,0.00022700000000000002
5abb1e1b5542992ccd8e7f19,noise_gate,0.5,0.5,"Nobel Prize
",Nobel Prize in Literature,0.0,0.6666666666666666,1.0,0.5,563,7,0.00011820000000000001
5a791ce955429974737f798e,noise_gate,0.2,0.55,Queensland,Queensland,1.0,1.0,1.0,1.0,1324,5,0.0002688
5a791ce955429974737f798e,noise_gate,0.25,0.55,Queensland,Queensland,1.0,1.0,1.0,1.0,796,5,0.0001632
5a791ce955429974737f798e,noise_gate,0.3,0.55,Queensland,Queensland,1.0,1.0,1.0,1.0,491,5,0.0001022
5a791ce955429974737f798e,noise_gate,0.35,0.55,Queensland,Queensland,1.0,1.0,1.0,1.0,324,5,6.88e-05
5a791ce955429974737f798e,noise_gate,0.5,0.55,Queensland,Queensland,1.0,1.0,1.0,1.0,324,5,6.88e-05
5a791ce955429974737f798e,noise_gate,0.2,0.5,Queensland,Queensland,1.0,1.0,1.0,1.0,1324,5,0.0002688
5a791ce955429974737f798e,noise_gate,0.25,0.5,Queensland,Queensland,1.0,1.0,1.0,1.0,796,5,0.0001632
5a791ce955429974737f798e,noise_gate,0.3,0.5,Queensland,Queensland,1.0,1.0,1.0,1.0,491,5,0.0001022
5a791ce955429974737f798e,noise_gate,0.35,0.5,Queensland,Queensland,1.0,1.0,1.0,1.0,324,5,6.88e-05
5a791ce955429974737f798e,noise_gate,0.5,0.5,Queensland,Queensland,1.0,1.0,1.0,1.0,324,5,6.88e-05
5ae67dba55429908198fa5f0,noise_gate,0.2,0.55,"48,982","48,982",1.0,1.0,1.0,1.0,1320,6,0.00026880000000000003
5ae67dba55429908198fa5f0,noise_gate,0.25,0.55,"48,982","48,982",1.0,1.0,1.0,1.0,1045,6,0.00021380000000000002
5ae67dba55429908198fa5f0,noise_gate,0.3,0.55,646889,"48,982",0.0,0.0,0.0,0.0,1045,5,0.000213
5ae67dba55429908198fa5f0,noise_gate,0.35,0.55,646889,"48,982",0.0,0.0,0.0,0.0,870,5,0.000178
5ae67dba55429908198fa5f0,noise_gate,0.5,0.55,"1,324,108","48,982",0.0,0.0,0.0,0.0,375,8,8.14e-05
5ae67dba55429908198fa5f0,noise_gate,0.2,0.5,"48,982","48,982",1.0,1.0,1.0,1.0,1320,6,0.00026880000000000003
5ae67dba55429908198fa5f0,noise_gate,0.25,0.5,"48,982","48,982",1.0,1.0,1.0,1.0,1045,6,0.00021380000000000002
5ae67dba55429908198fa5f0,noise_gate,0.3,0.5,646889,"48,982",0.0,0.0,0.0,0.0,1045,5,0.000213
5ae67dba55429908198fa5f0,noise_gate,0.35,0.5,"1,324,108","48,982",0.0,0.0,0.0,0.0,870,8,0.0001804
5ae67dba55429908198fa5f0,noise_gate,0.5,0.5,"1,324,108","48,982",0.0,0.0,0.0,0.0,375,8,8.14e-05
5a7ef6b35542994959419a94,noise_gate,0.2,0.55,Bologna,Emilia-Romagna Region,0.0,0.0,0.0,0.0,1134,5,0.0002308
5a7ef6b35542994959419a94,noise_gate,0.25,0.55,Emilia-Romagna,Emilia-Romagna Region,0.0,0.6666666666666666,1.0,0.5,1134,8,0.0002332
5a7ef6b35542994959419a94,noise_gate,0.3,0.55,Emilia-Romagna,Emilia-Romagna Region,0.0,0.6666666666666666,1.0,0.5,1134,8,0.0002332
5a7ef6b35542994959419a94,noise_gate,0.35,0.55,Bologna,Emilia-Romagna Region,0.0,0.0,0.0,0.0,851,5,0.0001742
5a7ef6b35542994959419a94,noise_gate,0.5,0.55,Bologna,Emilia-Romagna Region,0.0,0.0,0.0,0.0,196,5,4.3200000000000007e-05
5a7ef6b35542994959419a94,noise_gate,0.2,0.5,Bologna,Emilia-Romagna Region,0.0,0.0,0.0,0.0,1134,5,0.0002308
5a7ef6b35542994959419a94,noise_gate,0.25,0.5,Emilia-Romagna,Emilia-Romagna Region,0.0,0.6666666666666666,1.0,0.5,1134,8,0.0002332
5a7ef6b35542994959419a94,noise_gate,0.3,0.5,Emilia-Romagna,Emilia-Romagna Region,0.0,0.6666666666666666,1.0,0.5,1134,8,0.0002332
5a7ef6b35542994959419a94,noise_gate,0.35,0.5,Bologna,Emilia-Romagna Region,0.0,0.0,0.0,0.0,851,5,0.0001742
5a7ef6b35542994959419a94,noise_gate,0.5,0.5,Bologna,Emilia-Romagna Region,0.0,0.0,0.0,0.0,196,5,4.3200000000000007e-05
5ae5e8dc554299546bf82fbe,noise_gate,0.2,0.55,Hakim Abdullah Jamal,Hakim Abdullah Jamal,1.0,1.0,1.0,1.0,1590,8,0.00032439999999999997
5ae5e8dc554299546bf82fbe,noise_gate,0.25,0.55,Hakim Abdullah Jamal,Hakim Abdullah Jamal,1.0,1.0,1.0,1.0,1590,8,0.00032439999999999997
5ae5e8dc554299546bf82fbe,noise_gate,0.3,0.55,Hakim Abdullah Jamal,Hakim Abdullah Jamal,1.0,1.0,1.0,1.0,1590,8,0.00032439999999999997
5ae5e8dc554299546bf82fbe,noise_gate,0.35,0.55,Hakim Abdullah Jamal,Hakim Abdullah Jamal,1.0,1.0,1.0,1.0,1590,8,0.00032439999999999997
5ae5e8dc554299546bf82fbe,noise_gate,0.5,0.55,Hakim Abdullah Jamal,Hakim Abdullah Jamal,1.0,1.0,1.0,1.0,578,8,0.00012200000000000001
5ae5e8dc554299546bf82fbe,noise_gate,0.2,0.5,Hakim Abdullah Jamal,Hakim Abdullah Jamal,1.0,1.0,1.0,1.0,1590,8,0.00032439999999999997
5ae5e8dc554299546bf82fbe,noise_gate,0.25,0.5,Hakim Abdullah Jamal,Hakim Abdullah Jamal,1.0,1.0,1.0,1.0,1590,8,0.00032439999999999997
5ae5e8dc554299546bf82fbe,noise_gate,0.3,0.5,Hakim Abdullah Jamal,Hakim Abdullah Jamal,1.0,1.0,1.0,1.0,1590,8,0.00032439999999999997
5ae5e8dc554299546bf82fbe,noise_gate,0.35,0.5,Hakim Abdullah Jamal,Hakim Abdullah Jamal,1.0,1.0,1.0,1.0,1590,8,0.00032439999999999997
5ae5e8dc554299546bf82fbe,noise_gate,0.5,0.5,Hakim Abdullah Jamal,Hakim Abdullah Jamal,1.0,1.0,1.0,1.0,578,8,0.00012200000000000001
5a89bbb05542992e4fca83a3,noise_gate,0.2,0.55,Nick Offerman,Nick Offerman,1.0,1.0,1.0,1.0,1288,6,0.00026240000000000004
5a89bbb05542992e4fca83a3,noise_gate,0.25,0.55,Nick Offerman,Nick Offerman,1.0,1.0,1.0,1.0,1127,6,0.0002302
5a89bbb05542992e4fca83a3,noise_gate,0.3,0.55,Nick Offerman,Nick Offerman,1.0,1.0,1.0,1.0,1127,6,0.0002302
5a89bbb05542992e4fca83a3,noise_gate,0.35,0.55,Nick Offerman,Nick Offerman,1.0,1.0,1.0,1.0,1127,6,0.0002302
5a89bbb05542992e4fca83a3,noise_gate,0.5,0.55,Nick Offerman,Nick Offerman,1.0,1.0,1.0,1.0,529,6,0.0001106
5a89bbb05542992e4fca83a3,noise_gate,0.2,0.5,Nick Offerman,Nick Offerman,1.0,1.0,1.0,1.0,1288,6,0.00026240000000000004
5a89bbb05542992e4fca83a3,noise_gate,0.25,0.5,Nick Offerman,Nick Offerman,1.0,1.0,1.0,1.0,1127,6,0.0002302
5a89bbb05542992e4fca83a3,noise_gate,0.3,0.5,Nick Offerman,Nick Offerman,1.0,1.0,1.0,1.0,1127,6,0.0002302
5a89bbb05542992e4fca83a3,noise_gate,0.35,0.5,Nick Offerman,Nick Offerman,1.0,1.0,1.0,1.0,1127,6,0.0002302
5a89bbb05542992e4fca83a3,noise_gate,0.5,0.5,Nick Offerman,Nick Offerman,1.0,1.0,1.0,1.0,529,6,0.0001106
5adcf8155542990d50227d6a,noise_gate,0.2,0.55,Maria Brink,Maria Brink,1.0,1.0,1.0,1.0,1274,5,0.0002588
5adcf8155542990d50227d6a,noise_gate,0.25,0.55,Maria Brink,Maria Brink,1.0,1.0,1.0,1.0,1274,5,0.0002588
5adcf8155542990d50227d6a,noise_gate,0.3,0.55,Maria Brink,Maria Brink,1.0,1.0,1.0,1.0,782,5,0.0001604
5adcf8155542990d50227d6a,noise_gate,0.35,0.55,Maria Brink,Maria Brink,1.0,1.0,1.0,1.0,363,5,7.66e-05
5adcf8155542990d50227d6a,noise_gate,0.5,0.55,Maria Brink,Maria Brink,1.0,1.0,1.0,1.0,232,5,5.0400000000000005e-05
5adcf8155542990d50227d6a,noise_gate,0.2,0.5,Maria Brink,Maria Brink,1.0,1.0,1.0,1.0,1274,5,0.0002588
5adcf8155542990d50227d6a,noise_gate,0.25,0.5,Maria Brink,Maria Brink,1.0,1.0,1.0,1.0,1274,5,0.0002588
5adcf8155542990d50227d6a,noise_gate,0.3,0.5,Maria Brink,Maria Brink,1.0,1.0,1.0,1.0,782,5,0.0001604
5adcf8155542990d50227d6a,noise_gate,0.35,0.5,Maria Brink,Maria Brink,1.0,1.0,1.0,1.0,363,5,7.66e-05
5adcf8155542990d50227d6a,noise_gate,0.5,0.5,Maria Brink,Maria Brink,1.0,1.0,1.0,1.0,232,5,5.0400000000000005e-05
5a74feb75542996c70cfae6d,noise_gate,0.2,0.55,Ali Qushji,Ali Qushji,1.0,1.0,1.0,1.0,1664,7,0.0003384
5a74feb75542996c70cfae6d,noise_gate,0.25,0.55,Ali Qushji,Ali Qushji,1.0,1.0,1.0,1.0,1664,7,0.0003384
5a74feb75542996c70cfae6d,noise_gate,0.3,0.55,Ali Qushji,Ali Qushji,1.0,1.0,1.0,1.0,1549,7,0.00031539999999999997
5a74feb75542996c70cfae6d,noise_gate,0.35,0.55,Ali Qushji,Ali Qushji,1.0,1.0,1.0,1.0,1107,7,0.00022700000000000002
5a74feb75542996c70cfae6d,noise_gate,0.5,0.55,Ali Qushji,Ali Qushji,1.0,1.0,1.0,1.0,485,7,0.0001026
5a74feb75542996c70cfae6d,noise_gate,0.2,0.5,Ali Qushji,Ali Qushji,1.0,1.0,1.0,1.0,1664,7,0.0003384
5a74feb75542996c70cfae6d,noise_gate,0.25,0.5,Ali Qushji,Ali Qushji,1.0,1.0,1.0,1.0,1664,7,0.0003384
5a74feb75542996c70cfae6d,noise_gate,0.3,0.5,Ali Qushji,Ali Qushji,1.0,1.0,1.0,1.0,1549,7,0.00031539999999999997
5a74feb75542996c70cfae6d,noise_gate,0.35,0.5,Ali Qushji,Ali Qushji,1.0,1.0,1.0,1.0,1107,7,0.00022700000000000002
5a74feb75542996c70cfae6d,noise_gate,0.5,0.5,Ali Qushji,Ali Qushji,1.0,1.0,1.0,1.0,485,7,0.0001026
5ae32e125542991a06ce9946,noise_gate,0.2,0.55,35124,"35,124",1.0,1.0,1.0,1.0,1337,5,0.00027140000000000004
5ae32e125542991a06ce9946,noise_gate,0.25,0.55,35124,"35,124",1.0,1.0,1.0,1.0,1337,5,0.00027140000000000004
5ae32e125542991a06ce9946,noise_gate,0.3,0.55,35124,"35,124",1.0,1.0,1.0,1.0,1160,5,0.000236
5ae32e125542991a06ce9946,noise_gate,0.35,0.55,35124,"35,124",1.0,1.0,1.0,1.0,834,5,0.0001708
5ae32e125542991a06ce9946,noise_gate,0.5,0.55,273,"35,124",0.0,0.0,0.0,0.0,379,4,7.9e-05
5ae32e125542991a06ce9946,noise_gate,0.2,0.5,35124,"35,124",1.0,1.0,1.0,1.0,1337,5,0.00027140000000000004
5ae32e125542991a06ce9946,noise_gate,0.25,0.5,35124,"35,124",1.0,1.0,1.0,1.0,1337,5,0.00027140000000000004
5ae32e125542991a06ce9946,noise_gate,0.3,0.5,35124,"35,124",1.0,1.0,1.0,1.0,1160,5,0.000236
5ae32e125542991a06ce9946,noise_gate,0.35,0.5,35124,"35,124",1.0,1.0,1.0,1.0,834,11,0.0001756
5ae32e125542991a06ce9946,noise_gate,0.5,0.5,2598,"35,124",0.0,0.0,0.0,0.0,379,5,7.98e-05
5a8242c155429940e5e1a81d,noise_gate,0.2,0.55,Germany,Germany,1.0,1.0,1.0,1.0,1332,4,0.00026960000000000005
5a8242c155429940e5e1a81d,noise_gate,0.25,0.55,Germany,Germany,1.0,1.0,1.0,1.0,1120,4,0.0002272
5a8242c155429940e5e1a81d,noise_gate,0.3,0.55,Chicago,Germany,0.0,0.0,0.0,0.0,1027,4,0.0002086
5a8242c155429940e5e1a81d,noise_gate,0.35,0.55,Chicago,Germany,0.0,0.0,0.0,0.0,779,4,0.00015900000000000002
5a8242c155429940e5e1a81d,noise_gate,0.5,0.55,"Kirchhain, Germany",Germany,0.0,0.6666666666666666,0.5,1.0,191,8,4.46e-05
5a8242c155429940e5e1a81d,noise_gate,0.2,0.5,Germany,Germany,1.0,1.0,1.0,1.0,1332,4,0.00026960000000000005
5a8242c155429940e5e1a81d,noise_gate,0.25,0.5,Germany,Germany,1.0,1.0,1.0,1.0,1120,4,0.0002272
5a8242c155429940e5e1a81d,noise_gate,0.3,0.5,Chicago,Germany,0.0,0.0,0.0,0.0,1027,4,0.0002086
5a8242c155429940e5e1a81d,noise_gate,0.35,0.5,Chicago,Germany,0.0,0.0,0.0,0.0,779,4,0.00015900000000000002
5a8242c155429940e5e1a81d,noise_gate,0.5,0.5,Kirchhain,Germany,0.0,0.0,0.0,0.0,191,12,4.78e-05
5ab2acbc55429929539467d2,noise_gate,0.2,0.55,Laysan,Laysan,1.0,1.0,1.0,1.0,1434,5,0.0002908
5ab2acbc55429929539467d2,noise_gate,0.25,0.55,Laysan,Laysan,1.0,1.0,1.0,1.0,1434,5,0.0002908
5ab2acbc55429929539467d2,noise_gate,0.3,0.55,Laysan,Laysan,1.0,1.0,1.0,1.0,1242,5,0.0002524
5ab2acbc55429929539467d2,noise_gate,0.35,0.55,Laysan,Laysan,1.0,1.0,1.0,1.0,845,5,0.00017299999999999998
5ab2acbc55429929539467d2,noise_gate,0.5,0.55,Laysan,Laysan,1.0,1.0,1.0,1.0,353,5,7.460000000000001e-05
5ab2acbc55429929539467d2,noise_gate,0.2,0.5,Laysan,Laysan,1.0,1.0,1.0,1.0,1434,5,0.0002908
5ab2acbc55429929539467d2,noise_gate,0.25,0.5,Laysan,Laysan,1.0,1.0,1.0,1.0,1434,5,0.0002908
5ab2acbc55429929539467d2,noise_gate,0.3,0.5,Laysan,Laysan,1.0,1.0,1.0,1.0,1242,5,0.0002524
5ab2acbc55429929539467d2,noise_gate,0.35,0.5,Laysan,Laysan,1.0,1.0,1.0,1.0,845,5,0.00017299999999999998
5ab2acbc55429929539467d2,noise_gate,0.5,0.5,Laysan,Laysan,1.0,1.0,1.0,1.0,353,5,7.460000000000001e-05
5abd7d0c55429924427fd010,noise_gate,0.2,0.55,musicological research,Musicology,0.0,0.0,0.0,0.0,733,6,0.0001514
5abd7d0c55429924427fd010,noise_gate,0.25,0.55,musicological analysis,Musicology,0.0,0.0,0.0,0.0,733,6,0.0001514
5abd7d0c55429924427fd010,noise_gate,0.3,0.55,scholarly analysis and research-based study of music,Musicology,0.0,0.0,0.0,0.0,641,13,0.00013860000000000004
5abd7d0c55429924427fd010,noise_gate,0.35,0.55,scholarly analysis and research-based study of music,Musicology,0.0,0.0,0.0,0.0,207,13,5.1800000000000005e-05
5abd7d0c55429924427fd010,noise_gate,0.5,0.55,musicology,Musicology,1.0,1.0,1.0,1.0,167,5,3.74e-05
5abd7d0c55429924427fd010,noise_gate,0.2,0.5,scholarly analysis and research-based study of music,Musicology,0.0,0.0,0.0,0.0,733,13,0.000157
5abd7d0c55429924427fd010,noise_gate,0.25,0.5,musicological analysis,Musicology,0.0,0.0,0.0,0.0,733,6,0.0001514
5abd7d0c55429924427fd010,noise_gate,0.3,0.5,research-based study,Musicology,0.0,0.0,0.0,0.0,641,6,0.00013300000000000003
5abd7d0c55429924427fd010,noise_gate,0.35,0.5,musicological analysis,Musicology,0.0,0.0,0.0,0.0,207,6,4.6200000000000005e-05
5abd7d0c55429924427fd010,noise_gate,0.5,0.5,musicology,Musicology,1.0,1.0,1.0,1.0,167,5,3.74e-05
5ae6860e5542991bbc976112,noise_gate,0.2,0.55,translation of Newton's Principia,"commentary on Isaac Newton's book ""Principia""",0.0,0.4,0.5,0.3333333333333333,749,9,0.00015700000000000002
5ae6860e5542991bbc976112,noise_gate,0.25,0.55,conservation law for total energy,"commentary on Isaac Newton's book ""Principia""",0.0,0.0,0.0,0.0,658,9,0.0001388
5ae6860e5542991bbc976112,noise_gate,0.3,0.55,postulate of an additional conservation law for total energy,"commentary on Isaac Newton's book ""Principia""",0.0,0.0,0.0,0.0,658,13,0.000142
5ae6860e5542991bbc976112,noise_gate,0.35,0.55,"Her commentary on Newton's Principia included a profound contribution to Newtonian mechanics, postulating an additional conservation law for total energy
","commentary on Isaac Newton's book ""Principia""",0.0,0.3333333333333333,0.2222222222222222,0.6666666666666666,568,29,0.00013680000000000002
5ae6860e5542991bbc976112,noise_gate,0.5,0.55,translation and commentary on Isaac Newton's Principia,"commentary on Isaac Newton's book ""Principia""",0.0,0.7692307692307692,0.7142857142857143,0.8333333333333334,345,12,7.86e-05
5ae6860e5542991bbc976112,noise_gate,0.2,0.5,translation and commentary on Newton's Principia,"commentary on Isaac Newton's book ""Principia""",0.0,0.6666666666666666,0.6666666666666666,0.6666666666666666,749,11,0.0001586
5ae6860e5542991bbc976112,noise_gate,0.25,0.5,"Her commentary on Newton's Principia included a postulate of an additional conservation law for total energy
","commentary on Isaac Newton's book ""Principia""",0.0,0.4,0.2857142857142857,0.6666666666666666,658,23,0.00015000000000000001
5ae6860e5542991bbc976112,noise_gate,0.3,0.5,her translation of and commentary on Isaac Newton's Principia,"commentary on Isaac Newton's book ""Principia""",0.0,0.6666666666666667,0.5555555555555556,0.8333333333333334,658,14,0.0001428
5ae6860e5542991bbc976112,noise_gate,0.35,0.5,translation and commentary on Isaac Newton's Principia,"commentary on Isaac Newton's book ""Principia""",0.0,0.7692307692307692,0.7142857142857143,0.8333333333333334,568,12,0.0001232
5ae6860e5542991bbc976112,noise_gate,0.5,0.5,translation and commentary on Isaac Newton's Principia,"commentary on Isaac Newton's book ""Principia""",0.0,0.7692307692307692,0.7142857142857143,0.8333333333333334,345,12,7.86e-05
5a849cc95542997175ce1efa,noise_gate,0.2,0.55,Boston,Boston,1.0,1.0,1.0,1.0,884,4,0.00018
5a849cc95542997175ce1efa,noise_gate,0.25,0.55,Boston,Boston,1.0,1.0,1.0,1.0,717,4,0.0001466
5a849cc95542997175ce1efa,noise_gate,0.3,0.55,Boston,Boston,1.0,1.0,1.0,1.0,462,4,9.56e-05
5a849cc95542997175ce1efa,noise_gate,0.35,0.55,Boston,Boston,1.0,1.0,1.0,1.0,462,4,9.56e-05
5a849cc95542997175ce1efa,noise_gate,0.5,0.55,Boston,Boston,1.0,1.0,1.0,1.0,239,10,5.58e-05
5a849cc95542997175ce1efa,noise_gate,0.2,0.5,Boston,Boston,1.0,1.0,1.0,1.0,755,4,0.0001542
5a849cc95542997175ce1efa,noise_gate,0.25,0.5,Boston,Boston,1.0,1.0,1.0,1.0,717,4,0.0001466
5a849cc95542997175ce1efa,noise_gate,0.3,0.5,Boston,Boston,1.0,1.0,1.0,1.0,462,4,9.56e-05
5a849cc95542997175ce1efa,noise_gate,0.35,0.5,Boston,Boston,1.0,1.0,1.0,1.0,462,4,9.56e-05
5a849cc95542997175ce1efa,noise_gate,0.5,0.5,Boston,Boston,1.0,1.0,1.0,1.0,239,4,5.1000000000000006e-05
5ac1a04e5542991316484b63,noise_gate,0.2,0.55,no,no,1.0,1.0,1.0,1.0,843,4,0.00017180000000000003
5ac1a04e5542991316484b63,noise_gate,0.25,0.55,no,no,1.0,1.0,1.0,1.0,615,4,0.0001262
5ac1a04e5542991316484b63,noise_gate,0.3,0.55,no,no,1.0,1.0,1.0,1.0,519,4,0.00010700000000000001
5ac1a04e5542991316484b63,noise_gate,0.35,0.55,no,no,1.0,1.0,1.0,1.0,376,4,7.84e-05
5ac1a04e5542991316484b63,noise_gate,0.5,0.55,no,no,1.0,1.0,1.0,1.0,252,4,5.360000000000001e-05
5ac1a04e5542991316484b63,noise_gate,0.2,0.5,no,no,1.0,1.0,1.0,1.0,843,4,0.00017180000000000003
5ac1a04e5542991316484b63,noise_gate,0.25,0.5,no,no,1.0,1.0,1.0,1.0,615,4,0.0001262
5ac1a04e5542991316484b63,noise_gate,0.3,0.5,no,no,1.0,1.0,1.0,1.0,519,4,0.00010700000000000001
5ac1a04e5542991316484b63,noise_gate,0.35,0.5,no,no,1.0,1.0,1.0,1.0,376,4,7.84e-05
5ac1a04e5542991316484b63,noise_gate,0.5,0.5,no,no,1.0,1.0,1.0,1.0,252,4,5.360000000000001e-05
5ade7a435542997c77adee3a,noise_gate,0.2,0.55,Mountbatten family,Mountbatten family,1.0,1.0,1.0,1.0,1503,7,0.00030620000000000007
5ade7a435542997c77adee3a,noise_gate,0.25,0.55,Mountbatten family,Mountbatten family,1.0,1.0,1.0,1.0,1503,7,0.00030620000000000007
5ade7a435542997c77adee3a,noise_gate,0.3,0.55,House of Windsor,Mountbatten family,0.0,0.0,0.0,0.0,1355,6,0.0002758
5ade7a435542997c77adee3a,noise_gate,0.35,0.55,Mountbatten family,Mountbatten family,1.0,1.0,1.0,1.0,1223,7,0.0002502
5ade7a435542997c77adee3a,noise_gate,0.5,0.55,Mountbatten family,Mountbatten family,1.0,1.0,1.0,1.0,468,7,9.920000000000001e-05
5ade7a435542997c77adee3a,noise_gate,0.2,0.5,Mountbatten family,Mountbatten family,1.0,1.0,1.0,1.0,1503,7,0.00030620000000000007
5ade7a435542997c77adee3a,noise_gate,0.25,0.5,Mountbatten family,Mountbatten family,1.0,1.0,1.0,1.0,1503,7,0.00030620000000000007
5ade7a435542997c77adee3a,noise_gate,0.3,0.5,Mountbatten family,Mountbatten family,1.0,1.0,1.0,1.0,1355,7,0.0002766
5ade7a435542997c77adee3a,noise_gate,0.35,0.5,Mountbatten family,Mountbatten family,1.0,1.0,1.0,1.0,1223,7,0.0002502
5ade7a435542997c77adee3a,noise_gate,0.5,0.5,Mountbatten family,Mountbatten family,1.0,1.0,1.0,1.0,468,7,9.920000000000001e-05
5a865e8a55429960ec39b67a,noise_gate,0.2,0.55,no,yes,0.0,0.0,0.0,0.0,1567,4,0.00031660000000000005
5a865e8a55429960ec39b67a,noise_gate,0.25,0.55,no,yes,0.0,0.0,0.0,0.0,1498,4,0.00030280000000000004
5a865e8a55429960ec39b67a,noise_gate,0.3,0.55,no,yes,0.0,0.0,0.0,0.0,1174,4,0.000238
5a865e8a55429960ec39b67a,noise_gate,0.35,0.55,no,yes,0.0,0.0,0.0,0.0,855,4,0.0001742
5a865e8a55429960ec39b67a,noise_gate,0.5,0.55,no,yes,0.0,0.0,0.0,0.0,350,4,7.319999999999999e-05
5a865e8a55429960ec39b67a,noise_gate,0.2,0.5,no,yes,0.0,0.0,0.0,0.0,1567,4,0.00031660000000000005
5a865e8a55429960ec39b67a,noise_gate,0.25,0.5,no,yes,0.0,0.0,0.0,0.0,1498,4,0.00030280000000000004
5a865e8a55429960ec39b67a,noise_gate,0.3,0.5,no,yes,0.0,0.0,0.0,0.0,1174,4,0.000238
5a865e8a55429960ec39b67a,noise_gate,0.35,0.5,no,yes,0.0,0.0,0.0,0.0,855,4,0.0001742
5a865e8a55429960ec39b67a,noise_gate,0.5,0.5,no,yes,0.0,0.0,0.0,0.0,350,4,7.319999999999999e-05
5adc0e0355429944faac2404,noise_gate,0.2,0.55,Sonic Mania,Sonic Mania,1.0,1.0,1.0,1.0,1366,6,0.000278
5adc0e0355429944faac2404,noise_gate,0.25,0.55,Sonic Mania,Sonic Mania,1.0,1.0,1.0,1.0,1366,6,0.000278
5adc0e0355429944faac2404,noise_gate,0.3,0.55,Sonic Mania,Sonic Mania,1.0,1.0,1.0,1.0,1196,6,0.00024400000000000002
5adc0e0355429944faac2404,noise_gate,0.35,0.55,Sonic Mania,Sonic Mania,1.0,1.0,1.0,1.0,691,6,0.00014300000000000003
5adc0e0355429944faac2404,noise_gate,0.5,0.55,Sonic Mania,Sonic Mania,1.0,1.0,1.0,1.0,190,6,4.2800000000000004e-05
5adc0e0355429944faac2404,noise_gate,0.2,0.5,Sonic Mania,Sonic Mania,1.0,1.0,1.0,1.0,1366,6,0.000278
5adc0e0355429944faac2404,noise_gate,0.25,0.5,Sonic Mania,Sonic Mania,1.0,1.0,1.0,1.0,1366,6,0.000278
5adc0e0355429944faac2404,noise_gate,0.3,0.5,Sonic Mania,Sonic Mania,1.0,1.0,1.0,1.0,1196,6,0.00024400000000000002
5adc0e0355429944faac2404,noise_gate,0.35,0.5,Sonic Mania,Sonic Mania,1.0,1.0,1.0,1.0,691,6,0.00014300000000000003
5adc0e0355429944faac2404,noise_gate,0.5,0.5,Sonic Mania,Sonic Mania,1.0,1.0,1.0,1.0,190,6,4.2800000000000004e-05
5a80ecea55429938b6142254,noise_gate,0.2,0.55,Queen In-hyun's Man,Queen In-hyun's Man,1.0,1.0,1.0,1.0,1705,9,0.0003482
5a80ecea55429938b6142254,noise_gate,0.25,0.55,Queen In-hyun's Man,Queen In-hyun's Man,1.0,1.0,1.0,1.0,1705,9,0.0003482
5a80ecea55429938b6142254,noise_gate,0.3,0.55,Queen In-hyun's Man,Queen In-hyun's Man,1.0,1.0,1.0,1.0,1705,9,0.0003482
5a80ecea55429938b6142254,noise_gate,0.35,0.55,Queen In-hyun's Man,Queen In-hyun's Man,1.0,1.0,1.0,1.0,1492,9,0.00030560000000000006
5a80ecea55429938b6142254,noise_gate,0.5,0.55,Queen In-hyun's Man,Queen In-hyun's Man,1.0,1.0,1.0,1.0,886,9,0.00018440000000000004
5a80ecea55429938b6142254,noise_gate,0.2,0.5,Queen In-hyun's Man,Queen In-hyun's Man,1.0,1.0,1.0,1.0,1705,9,0.0003482
5a80ecea55429938b6142254,noise_gate,0.25,0.5,Queen In-hyun's Man,Queen In-hyun's Man,1.0,1.0,1.0,1.0,1705,9,0.0003482
5a80ecea55429938b6142254,noise_gate,0.3,0.5,Queen In-hyun's Man,Queen In-hyun's Man,1.0,1.0,1.0,1.0,1705,9,0.0003482
5a80ecea55429938b6142254,noise_gate,0.35,0.5,Queen In-hyun's Man,Queen In-hyun's Man,1.0,1.0,1.0,1.0,1492,9,0.00030560000000000006
5a80ecea55429938b6142254,noise_gate,0.5,0.5,Queen In-hyun's Man,Queen In-hyun's Man,1.0,1.0,1.0,1.0,886,9,0.00018440000000000004
5ae7cea355429952e35ea9c1,noise_gate,0.2,0.55,Easy,Netflix,0.0,0.0,0.0,0.0,1754,4,0.00035400000000000004
5ae7cea355429952e35ea9c1,noise_gate,0.25,0.55,Easy,Netflix,0.0,0.0,0.0,0.0,1754,4,0.00035400000000000004
5ae7cea355429952e35ea9c1,noise_gate,0.3,0.55,Easy,Netflix,0.0,0.0,0.0,0.0,1542,4,0.00031160000000000004
5ae7cea355429952e35ea9c1,noise_gate,0.35,0.55,Travelers,Netflix,0.0,0.0,0.0,0.0,844,5,0.0001728
5ae7cea355429952e35ea9c1,noise_gate,0.5,0.55,Easy to run,Netflix,0.0,0.0,0.0,0.0,105,12,3.06e-05
5ae7cea355429952e35ea9c1,noise_gate,0.2,0.5,Easy,Netflix,0.0,0.0,0.0,0.0,1754,4,0.00035400000000000004
5ae7cea355429952e35ea9c1,noise_gate,0.25,0.5,Easy,Netflix,0.0,0.0,0.0,0.0,1754,4,0.00035400000000000004
5ae7cea355429952e35ea9c1,noise_gate,0.3,0.5,Easy,Netflix,0.0,0.0,0.0,0.0,1542,4,0.00031160000000000004
5ae7cea355429952e35ea9c1,noise_gate,0.35,0.5,Travelers,Netflix,0.0,0.0,0.0,0.0,844,5,0.0001728
5ae7cea355429952e35ea9c1,noise_gate,0.5,0.5,The Good Place,Netflix,0.0,0.0,0.0,0.0,105,12,3.06e-05
5a77a44d5542997042120aba,noise_gate,0.2,0.55,Baldwin,Baldwin,1.0,1.0,1.0,1.0,1055,6,0.00021580000000000001
5a77a44d5542997042120aba,noise_gate,0.25,0.55,Salisbury,Baldwin,0.0,0.0,0.0,0.0,1055,6,0.00021580000000000001
5a77a44d5542997042120aba,noise_gate,0.3,0.55,Baldwin,Baldwin,1.0,1.0,1.0,1.0,832,6,0.00017120000000000001
5a77a44d5542997042120aba,noise_gate,0.35,0.55,Baldwin,Baldwin,1.0,1.0,1.0,1.0,832,6,0.00017120000000000001
5a77a44d5542997042120aba,noise_gate,0.5,0.55,Salisbury,Baldwin,0.0,0.0,0.0,0.0,409,6,8.66e-05
5a77a44d5542997042120aba,noise_gate,0.2,0.5,Baldwin,Baldwin,1.0,1.0,1.0,1.0,1055,6,0.00021580000000000001
5a77a44d5542997042120aba,noise_gate,0.25,0.5,Baldwin,Baldwin,1.0,1.0,1.0,1.0,1055,6,0.00021580000000000001
5a77a44d5542997042120aba,noise_gate,0.3,0.5,Baldwin,Baldwin,1.0,1.0,1.0,1.0,832,6,0.00017120000000000001
5a77a44d5542997042120aba,noise_gate,0.35,0.5,Baldwin,Baldwin,1.0,1.0,1.0,1.0,832,6,0.00017120000000000001
5a77a44d5542997042120aba,noise_gate,0.5,0.5,Salisbury,Baldwin,0.0,0.0,0.0,0.0,409,6,8.66e-05
5a775f8a5542994aec3b72ba,noise_gate,0.2,0.55,Taylor Swift,Taylor Swift,1.0,1.0,1.0,1.0,2191,5,0.0004422
5a775f8a5542994aec3b72ba,noise_gate,0.25,0.55,Taylor Swift,Taylor Swift,1.0,1.0,1.0,1.0,2191,5,0.0004422
5a775f8a5542994aec3b72ba,noise_gate,0.3,0.55,Taylor Swift,Taylor Swift,1.0,1.0,1.0,1.0,2027,5,0.00040940000000000003
5a775f8a5542994aec3b72ba,noise_gate,0.35,0.55,Taylor Swift,Taylor Swift,1.0,1.0,1.0,1.0,1412,5,0.0002864
5a775f8a5542994aec3b72ba,noise_gate,0.5,0.55,Taylor Swift,Taylor Swift,1.0,1.0,1.0,1.0,270,11,6.28e-05
5a775f8a5542994aec3b72ba,noise_gate,0.2,0.5,Taylor Swift,Taylor Swift,1.0,1.0,1.0,1.0,2191,5,0.0004422
5a775f8a5542994aec3b72ba,noise_gate,0.25,0.5,Taylor Swift,Taylor Swift,1.0,1.0,1.0,1.0,2191,5,0.0004422
5a775f8a5542994aec3b72ba,noise_gate,0.3,0.5,Taylor Swift,Taylor Swift,1.0,1.0,1.0,1.0,2027,5,0.00040940000000000003
5a775f8a5542994aec3b72ba,noise_gate,0.35,0.5,Taylor Swift,Taylor Swift,1.0,1.0,1.0,1.0,1412,5,0.0002864
5a775f8a5542994aec3b72ba,noise_gate,0.5,0.5,Taylor Swift,Taylor Swift,1.0,1.0,1.0,1.0,270,11,6.28e-05
5a80870d5542992bc0c4a752,noise_gate,0.2,0.55,Matt Winer,Matthew Ward Winer,0.0,0.4,0.5,0.3333333333333333,1496,6,0.000304
5a80870d5542992bc0c4a752,noise_gate,0.25,0.55,Matt Winer,Matthew Ward Winer,0.0,0.4,0.5,0.3333333333333333,1496,6,0.000304
5a80870d5542992bc0c4a752,noise_gate,0.3,0.55,Matt Winer,Matthew Ward Winer,0.0,0.4,0.5,0.3333333333333333,1193,6,0.00024340000000000003
5a80870d5542992bc0c4a752,noise_gate,0.35,0.55,Matt Winer,Matthew Ward Winer,0.0,0.4,0.5,0.3333333333333333,822,6,0.00016920000000000002
5a80870d5542992bc0c4a752,noise_gate,0.5,0.55,Kenny Smith,Matthew Ward Winer,0.0,0.0,0.0,0.0,310,6,6.68e-05
5a80870d5542992bc0c4a752,noise_gate,0.2,0.5,Matt Winer,Matthew Ward Winer,0.0,0.4,0.5,0.3333333333333333,1496,6,0.000304
5a80870d5542992bc0c4a752,noise_gate,0.25,0.5,Matt Winer,Matthew Ward Winer,0.0,0.4,0.5,0.3333333333333333,1496,6,0.000304
5a80870d5542992bc0c4a752,noise_gate,0.3,0.5,Matt Winer,Matthew Ward Winer,0.0,0.4,0.5,0.3333333333333333,1193,6,0.00024340000000000003
5a80870d5542992bc0c4a752,noise_gate,0.35,0.5,Matt Winer,Matthew Ward Winer,0.0,0.4,0.5,0.3333333333333333,822,6,0.00016920000000000002
5a80870d5542992bc0c4a752,noise_gate,0.5,0.5,Chris Webber,Matthew Ward Winer,0.0,0.0,0.0,0.0,310,6,6.68e-05
5ae4d7fc5542990ba0bbb16f,noise_gate,0.2,0.55,yes,yes,1.0,1.0,1.0,1.0,1284,4,0.00026000000000000003
5ae4d7fc5542990ba0bbb16f,noise_gate,0.25,0.55,yes,yes,1.0,1.0,1.0,1.0,1284,4,0.00026000000000000003
5ae4d7fc5542990ba0bbb16f,noise_gate,0.3,0.55,yes,yes,1.0,1.0,1.0,1.0,1284,4,0.00026000000000000003
5ae4d7fc5542990ba0bbb16f,noise_gate,0.35,0.55,yes,yes,1.0,1.0,1.0,1.0,1284,4,0.00026000000000000003
5ae4d7fc5542990ba0bbb16f,noise_gate,0.5,0.55,yes,yes,1.0,1.0,1.0,1.0,316,4,6.64e-05
5ae4d7fc5542990ba0bbb16f,noise_gate,0.2,0.5,yes,yes,1.0,1.0,1.0,1.0,1284,4,0.00026000000000000003
5ae4d7fc5542990ba0bbb16f,noise_gate,0.25,0.5,yes,yes,1.0,1.0,1.0,1.0,1284,4,0.00026000000000000003
5ae4d7fc5542990ba0bbb16f,noise_gate,0.3,0.5,yes,yes,1.0,1.0,1.0,1.0,1284,4,0.00026000000000000003
5ae4d7fc5542990ba0bbb16f,noise_gate,0.35,0.5,yes,yes,1.0,1.0,1.0,1.0,1284,4,0.00026000000000000003
5ae4d7fc5542990ba0bbb16f,noise_gate,0.5,0.5,yes,yes,1.0,1.0,1.0,1.0,316,4,6.64e-05
5abe765a55429976d4830b1f,noise_gate,0.2,0.55,Amélie Mauresmo,Amélie Simone Mauresmo,0.0,0.8,1.0,0.6666666666666666,1366,9,0.0002804
5abe765a55429976d4830b1f,noise_gate,0.25,0.55,Amélie Mauresmo,Amélie Simone Mauresmo,0.0,0.8,1.0,0.6666666666666666,1053,9,0.00021780000000000004
5abe765a55429976d4830b1f,noise_gate,0.3,0.55,Amélie Mauresmo,Amélie Simone Mauresmo,0.0,0.8,1.0,0.6666666666666666,1053,9,0.00021780000000000004
5abe765a55429976d4830b1f,noise_gate,0.35,0.55,Amélie Mauresmo,Amélie Simone Mauresmo,0.0,0.8,1.0,0.6666666666666666,1053,9,0.00021780000000000004
5abe765a55429976d4830b1f,noise_gate,0.5,0.55,Amélie Mauresmo,Amélie Simone Mauresmo,0.0,0.8,1.0,0.6666666666666666,672,9,0.00014160000000000003
5abe765a55429976d4830b1f,noise_gate,0.2,0.5,Amélie Mauresmo,Amélie Simone Mauresmo,0.0,0.8,1.0,0.6666666666666666,1366,9,0.0002804
5abe765a55429976d4830b1f,noise_gate,0.25,0.5,Amélie Mauresmo,Amélie Simone Mauresmo,0.0,0.8,1.0,0.6666666666666666,1053,9,0.00021780000000000004
5abe765a55429976d4830b1f,noise_gate,0.3,0.5,Amélie Mauresmo,Amélie Simone Mauresmo,0.0,0.8,1.0,0.6666666666666666,1053,9,0.00021780000000000004
5abe765a55429976d4830b1f,noise_gate,0.35,0.5,Amélie Mauresmo,Amélie Simone Mauresmo,0.0,0.8,1.0,0.6666666666666666,1053,9,0.00021780000000000004
5abe765a55429976d4830b1f,noise_gate,0.5,0.5,Amélie Mauresmo,Amélie Simone Mauresmo,0.0,0.8,1.0,0.6666666666666666,672,9,0.00014160000000000003
5a84f5195542994c784dda9d,noise_gate,0.2,0.55,Israeli Ambassador to the United States,Israeli Ambassador,0.0,0.5714285714285715,0.4,1.0,1007,10,0.00020940000000000002
5a84f5195542994c784dda9d,noise_gate,0.25,0.55,Israeli Ambassador to the United States,Israeli Ambassador,0.0,0.5714285714285715,0.4,1.0,676,10,0.0001432
5a84f5195542994c784dda9d,noise_gate,0.3,0.55,Israeli Ambassador to the United States,Israeli Ambassador,0.0,0.5714285714285715,0.4,1.0,676,10,0.0001432
5a84f5195542994c784dda9d,noise_gate,0.35,0.55,Israeli Ambassador to the United States,Israeli Ambassador,0.0,0.5714285714285715,0.4,1.0,676,10,0.0001432
5a84f5195542994c784dda9d,noise_gate,0.5,0.55,noanswer,Israeli Ambassador,0.0,0.0,0.0,0.0,338,11,7.64e-05
5a84f5195542994c784dda9d,noise_gate,0.2,0.5,Israeli Ambassador to the United States,Israeli Ambassador,0.0,0.5714285714285715,0.4,1.0,1007,10,0.00020940000000000002
5a84f5195542994c784dda9d,noise_gate,0.25,0.5,Israeli Ambassador to the United States,Israeli Ambassador,0.0,0.5714285714285715,0.4,1.0,676,10,0.0001432
5a84f5195542994c784dda9d,noise_gate,0.3,0.5,Israeli Ambassador to the United States,Israeli Ambassador,0.0,0.5714285714285715,0.4,1.0,676,10,0.0001432
5a84f5195542994c784dda9d,noise_gate,0.35,0.5,Israeli Ambassador to the United States,Israeli Ambassador,0.0,0.5714285714285715,0.4,1.0,676,10,0.0001432
5a84f5195542994c784dda9d,noise_gate,0.5,0.5,noanswer,Israeli Ambassador,0.0,0.0,0.0,0.0,338,5,7.16e-05
5ab431e65542991751b4d6e2,noise_gate,0.2,0.55,"February 14, 1859","February 14, 1859",1.0,1.0,1.0,1.0,1127,10,0.0002334
5ab431e65542991751b4d6e2,noise_gate,0.25,0.55,"February 14, 1859","February 14, 1859",1.0,1.0,1.0,1.0,1127,10,0.0002334
5ab431e65542991751b4d6e2,noise_gate,0.3,0.55,"February 14, 1859","February 14, 1859",1.0,1.0,1.0,1.0,1127,10,0.0002334
5ab431e65542991751b4d6e2,noise_gate,0.35,0.55,"February 14, 1859","February 14, 1859",1.0,1.0,1.0,1.0,1127,10,0.0002334
5ab431e65542991751b4d6e2,noise_gate,0.5,0.55,"February 14, 1859","February 14, 1859",1.0,1.0,1.0,1.0,342,10,7.640000000000001e-05
5ab431e65542991751b4d6e2,noise_gate,0.2,0.5,"February 14, 1859","February 14, 1859",1.0,1.0,1.0,1.0,1127,10,0.0002334
5ab431e65542991751b4d6e2,noise_gate,0.25,0.5,"February 14, 1859","February 14, 1859",1.0,1.0,1.0,1.0,1127,10,0.0002334
5ab431e65542991751b4d6e2,noise_gate,0.3,0.5,"February 14, 1859","February 14, 1859",1.0,1.0,1.0,1.0,1127,10,0.0002334
5ab431e65542991751b4d6e2,noise_gate,0.35,0.5,"February 14, 1859","February 14, 1859",1.0,1.0,1.0,1.0,1127,10,0.0002334
5ab431e65542991751b4d6e2,noise_gate,0.5,0.5,"February 14, 1859","February 14, 1859",1.0,1.0,1.0,1.0,342,10,7.640000000000001e-05
5ae71f06554299572ea54708,noise_gate,0.2,0.55,Ferdinand Magellan,Ferdinand Magellan,1.0,1.0,1.0,1.0,1534,8,0.0003132
5ae71f06554299572ea54708,noise_gate,0.25,0.55,Ferdinand Magellan,Ferdinand Magellan,1.0,1.0,1.0,1.0,1534,8,0.0003132
5ae71f06554299572ea54708,noise_gate,0.3,0.55,Ferdinand Magellan,Ferdinand Magellan,1.0,1.0,1.0,1.0,1534,8,0.0003132
5ae71f06554299572ea54708,noise_gate,0.35,0.55,Ferdinand Magellan,Ferdinand Magellan,1.0,1.0,1.0,1.0,1534,8,0.0003132
5ae71f06554299572ea54708,noise_gate,0.5,0.55,Ferdinand Magellan,Ferdinand Magellan,1.0,1.0,1.0,1.0,496,8,0.0001056
5ae71f06554299572ea54708,noise_gate,0.2,0.5,Ferdinand Magellan,Ferdinand Magellan,1.0,1.0,1.0,1.0,1534,8,0.0003132
5ae71f06554299572ea54708,noise_gate,0.25,0.5,Ferdinand Magellan,Ferdinand Magellan,1.0,1.0,1.0,1.0,1534,8,0.0003132
5ae71f06554299572ea54708,noise_gate,0.3,0.5,Ferdinand Magellan,Ferdinand Magellan,1.0,1.0,1.0,1.0,1534,8,0.0003132
5ae71f06554299572ea54708,noise_gate,0.35,0.5,Ferdinand Magellan,Ferdinand Magellan,1.0,1.0,1.0,1.0,1534,8,0.0003132
5ae71f06554299572ea54708,noise_gate,0.5,0.5,Ferdinand Magellan,Ferdinand Magellan,1.0,1.0,1.0,1.0,496,8,0.0001056
5abdce1b5542993062266cfe,noise_gate,0.2,0.55,Hennepin County,Hennepin County,1.0,1.0,1.0,1.0,2060,7,0.00041759999999999996
5abdce1b5542993062266cfe,noise_gate,0.25,0.55,Hennepin County,Hennepin County,1.0,1.0,1.0,1.0,1778,7,0.0003612
5abdce1b5542993062266cfe,noise_gate,0.3,0.55,Hennepin County,Hennepin County,1.0,1.0,1.0,1.0,1163,7,0.00023820000000000002
5abdce1b5542993062266cfe,noise_gate,0.35,0.55,Hennepin County,Hennepin County,1.0,1.0,1.0,1.0,339,7,7.34e-05
5abdce1b5542993062266cfe,noise_gate,0.5,0.55,Hennepin County,Hennepin County,1.0,1.0,1.0,1.0,83,7,2.22e-05
5abdce1b5542993062266cfe,noise_gate,0.2,0.5,Hennepin County,Hennepin County,1.0,1.0,1.0,1.0,2060,7,0.00041759999999999996
5abdce1b5542993062266cfe,noise_gate,0.25,0.5,Hennepin County,Hennepin County,1.0,1.0,1.0,1.0,1778,7,0.0003612
5abdce1b5542993062266cfe,noise_gate,0.3,0.5,Hennepin County,Hennepin County,1.0,1.0,1.0,1.0,1163,7,0.00023820000000000002
5abdce1b5542993062266cfe,noise_gate,0.35,0.5,Hennepin County,Hennepin County,1.0,1.0,1.0,1.0,339,7,7.34e-05
5abdce1b5542993062266cfe,noise_gate,0.5,0.5,Hennepin County,Hennepin County,1.0,1.0,1.0,1.0,83,7,2.22e-05
5a8c5eca554299240d9c213d,noise_gate,0.2,0.55,"Macy's, Sears, Nordstrom, Bloomingdale's, and Saks Fifth Avenue","three Macy's stores, Sears, Nordstrom, Bloomingdale's, and Saks Fifth Avenue",0.0,0.888888888888889,1.0,0.8,2018,21,0.00042040000000000003
5a8c5eca554299240d9c213d,noise_gate,0.25,0.55,"Macy's, Sears, Nordstrom, Bloomingdale's, and Saks Fifth Avenue","three Macy's stores, Sears, Nordstrom, Bloomingdale's, and Saks Fifth Avenue",0.0,0.888888888888889,1.0,0.8,2018,21,0.00042040000000000003
5a8c5eca554299240d9c213d,noise_gate,0.3,0.55,"Macy's, Sears, Nordstrom, Bloomingdale's, and Saks Fifth Avenue","three Macy's stores, Sears, Nordstrom, Bloomingdale's, and Saks Fifth Avenue",0.0,0.888888888888889,1.0,0.8,2018,21,0.00042040000000000003
5a8c5eca554299240d9c213d,noise_gate,0.35,0.55,"Macy's, Sears, Nordstrom, Bloomingdale's, and Saks Fifth Avenue","three Macy's stores, Sears, Nordstrom, Bloomingdale's, and Saks Fifth Avenue",0.0,0.888888888888889,1.0,0.8,2018,21,0.00042040000000000003
5a8c5eca554299240d9c213d,noise_gate,0.5,0.55,"Macy's, Sears, Nordstrom, Bloomingdale's, and Saks Fifth Avenue","three Macy's stores, Sears, Nordstrom, Bloomingdale's, and Saks Fifth Avenue",0.0,0.888888888888889,1.0,0.8,483,21,0.0001134
5a8c5eca554299240d9c213d,noise_gate,0.2,0.5,"Macy's, Sears, Nordstrom, Bloomingdale's, and Saks Fifth Avenue","three Macy's stores, Sears, Nordstrom, Bloomingdale's, and Saks Fifth Avenue",0.0,0.888888888888889,1.0,0.8,2018,21,0.00042040000000000003
5a8c5eca554299240d9c213d,noise_gate,0.25,0.5,"Macy's, Sears, Nordstrom, Bloomingdale's, and Saks Fifth Avenue","three Macy's stores, Sears, Nordstrom, Bloomingdale's, and Saks Fifth Avenue",0.0,0.888888888888889,1.0,0.8,2018,21,0.00042040000000000003
5a8c5eca554299240d9c213d,noise_gate,0.3,0.5,"Macy's, Sears, Nordstrom, Bloomingdale's, and Saks Fifth Avenue","three Macy's stores, Sears, Nordstrom, Bloomingdale's, and Saks Fifth Avenue",0.0,0.888888888888889,1.0,0.8,2018,21,0.00042040000000000003
5a8c5eca554299240d9c213d,noise_gate,0.35,0.5,"Macy's, Sears, Nordstrom, Bloomingdale's, and Saks Fifth Avenue","three Macy's stores, Sears, Nordstrom, Bloomingdale's, and Saks Fifth Avenue",0.0,0.888888888888889,1.0,0.8,2018,21,0.00042040000000000003
5a8c5eca554299240d9c213d,noise_gate,0.5,0.5,"Macy's, Sears, Nordstrom, Bloomingdale's, and Saks Fifth Avenue","three Macy's stores, Sears, Nordstrom, Bloomingdale's, and Saks Fifth Avenue",0.0,0.888888888888889,1.0,0.8,483,21,0.0001134
5a8c8f24554299653c1aa0ba,noise_gate,0.2,0.55,World War II,World War II,1.0,1.0,1.0,1.0,1856,6,0.00037600000000000003
5a8c8f24554299653c1aa0ba,noise_gate,0.25,0.55,World War II,World War II,1.0,1.0,1.0,1.0,1265,6,0.00025780000000000003
5a8c8f24554299653c1aa0ba,noise_gate,0.3,0.55,World War II,World War II,1.0,1.0,1.0,1.0,1265,6,0.00025780000000000003
5a8c8f24554299653c1aa0ba,noise_gate,0.35,0.55,World War II,World War II,1.0,1.0,1.0,1.0,1176,6,0.00024000000000000003
5a8c8f24554299653c1aa0ba,noise_gate,0.5,0.55,World War II,World War II,1.0,1.0,1.0,1.0,768,6,0.00015840000000000003
5a8c8f24554299653c1aa0ba,noise_gate,0.2,0.5,World War II,World War II,1.0,1.0,1.0,1.0,1856,6,0.00037600000000000003
5a8c8f24554299653c1aa0ba,noise_gate,0.25,0.5,World War II,World War II,1.0,1.0,1.0,1.0,1265,6,0.00025780000000000003
5a8c8f24554299653c1aa0ba,noise_gate,0.3,0.5,World War II,World War II,1.0,1.0,1.0,1.0,1265,6,0.00025780000000000003
5a8c8f24554299653c1aa0ba,noise_gate,0.35,0.5,World War II,World War II,1.0,1.0,1.0,1.0,1176,6,0.00024000000000000003
5a8c8f24554299653c1aa0ba,noise_gate,0.5,0.5,World War II,World War II,1.0,1.0,1.0,1.0,768,6,0.00015840000000000003
5ab972485542996be20204f6,noise_gate,0.2,0.55,1790,1790,1.0,1.0,1.0,1.0,1186,5,0.0002412
5ab972485542996be20204f6,noise_gate,0.25,0.55,1790,1790,1.0,1.0,1.0,1.0,933,5,0.00019060000000000003
5ab972485542996be20204f6,noise_gate,0.3,0.55,1790,1790,1.0,1.0,1.0,1.0,933,5,0.00019060000000000003
5ab972485542996be20204f6,noise_gate,0.35,0.55,1790,1790,1.0,1.0,1.0,1.0,933,5,0.00019060000000000003
5ab972485542996be20204f6,noise_gate,0.5,0.55,1790,1790,1.0,1.0,1.0,1.0,301,11,6.9e-05
5ab972485542996be20204f6,noise_gate,0.2,0.5,1790,1790,1.0,1.0,1.0,1.0,1186,5,0.0002412
5ab972485542996be20204f6,noise_gate,0.25,0.5,1790,1790,1.0,1.0,1.0,1.0,933,5,0.00019060000000000003
5ab972485542996be20204f6,noise_gate,0.3,0.5,1790,1790,1.0,1.0,1.0,1.0,933,5,0.00019060000000000003
5ab972485542996be20204f6,noise_gate,0.35,0.5,1790,1790,1.0,1.0,1.0,1.0,933,5,0.00019060000000000003
5ab972485542996be20204f6,noise_gate,0.5,0.5,1790,1790,1.0,1.0,1.0,1.0,301,11,6.9e-05
5a778a8e5542992a6e59deca,noise_gate,0.2,0.55,William Fichtner,William Fichtner,1.0,1.0,1.0,1.0,1766,7,0.00035880000000000005
5a778a8e5542992a6e59deca,noise_gate,0.25,0.55,William Fichtner,William Fichtner,1.0,1.0,1.0,1.0,1766,7,0.00035880000000000005
5a778a8e5542992a6e59deca,noise_gate,0.3,0.55,William Fichtner,William Fichtner,1.0,1.0,1.0,1.0,1622,7,0.00033
5a778a8e5542992a6e59deca,noise_gate,0.35,0.55,William Fichtner,William Fichtner,1.0,1.0,1.0,1.0,1622,7,0.00033
5a778a8e5542992a6e59deca,noise_gate,0.5,0.55,William H. Macy,William Fichtner,0.0,0.4,0.3333333333333333,0.5,217,7,4.9000000000000005e-05
5a778a8e5542992a6e59deca,noise_gate,0.2,0.5,William Fichtner,William Fichtner,1.0,1.0,1.0,1.0,1766,7,0.00035880000000000005
5a778a8e5542992a6e59deca,noise_gate,0.25,0.5,William Fichtner,William Fichtner,1.0,1.0,1.0,1.0,1766,7,0.00035880000000000005
5a778a8e5542992a6e59deca,noise_gate,0.3,0.5,William Fichtner,William Fichtner,1.0,1.0,1.0,1.0,1622,7,0.00033
5a778a8e5542992a6e59deca,noise_gate,0.35,0.5,William Fichtner,William Fichtner,1.0,1.0,1.0,1.0,1622,7,0.00033
5a778a8e5542992a6e59deca,noise_gate,0.5,0.5,William H. Macy,William Fichtner,0.0,0.4,0.3333333333333333,0.5,217,13,5.380000000000001e-05
5ab285d1554299449642c8dd,noise_gate,0.2,0.55,United States,United States,1.0,1.0,1.0,1.0,1188,5,0.00024160000000000002
5ab285d1554299449642c8dd,noise_gate,0.25,0.55,United States,United States,1.0,1.0,1.0,1.0,1019,5,0.0002078
5ab285d1554299449642c8dd,noise_gate,0.3,0.55,United States,United States,1.0,1.0,1.0,1.0,867,5,0.0001774
5ab285d1554299449642c8dd,noise_gate,0.35,0.55,United States,United States,1.0,1.0,1.0,1.0,520,5,0.000108
5ab285d1554299449642c8dd,noise_gate,0.5,0.55,United States,United States,1.0,1.0,1.0,1.0,342,5,7.240000000000001e-05
5ab285d1554299449642c8dd,noise_gate,0.2,0.5,United States,United States,1.0,1.0,1.0,1.0,1188,5,0.00024160000000000002
5ab285d1554299449642c8dd,noise_gate,0.25,0.5,United States,United States,1.0,1.0,1.0,1.0,1019,5,0.0002078
5ab285d1554299449642c8dd,noise_gate,0.3,0.5,United States,United States,1.0,1.0,1.0,1.0,867,5,0.0001774
5ab285d1554299449642c8dd,noise_gate,0.35,0.5,United States,United States,1.0,1.0,1.0,1.0,520,5,0.000108
5ab285d1554299449642c8dd,noise_gate,0.5,0.5,United States,United States,1.0,1.0,1.0,1.0,342,5,7.240000000000001e-05
5a78e49855429974737f78f3,noise_gate,0.2,0.55,560,560,1.0,1.0,1.0,1.0,1013,4,0.00020580000000000002
5a78e49855429974737f78f3,noise_gate,0.25,0.55,about 560,560,0.0,0.6666666666666666,0.5,1.0,1013,6,0.00020740000000000003
5a78e49855429974737f78f3,noise_gate,0.3,0.55,560,560,1.0,1.0,1.0,1.0,970,4,0.0001972
5a78e49855429974737f78f3,noise_gate,0.35,0.55,560,560,1.0,1.0,1.0,1.0,449,4,9.300000000000001e-05
5a78e49855429974737f78f3,noise_gate,0.5,0.55,about 560,560,0.0,0.6666666666666666,0.5,1.0,427,6,9.02e-05
5a78e49855429974737f78f3,noise_gate,0.2,0.5,560,560,1.0,1.0,1.0,1.0,1013,4,0.00020580000000000002
5a78e49855429974737f78f3,noise_gate,0.25,0.5,560,560,1.0,1.0,1.0,1.0,1013,4,0.00020580000000000002
5a78e49855429974737f78f3,noise_gate,0.3,0.5,560,560,1.0,1.0,1.0,1.0,970,4,0.0001972
5a78e49855429974737f78f3,noise_gate,0.35,0.5,about 560,560,0.0,0.6666666666666666,0.5,1.0,449,6,9.460000000000001e-05
5a78e49855429974737f78f3,noise_gate,0.5,0.5,560,560,1.0,1.0,1.0,1.0,427,4,8.86e-05
5a72b3335542994cef4bc3dc,noise_gate,0.2,0.55,Home Rule League,The Home Rule League,1.0,1.0,1.0,1.0,1174,6,0.00023960000000000002
5a72b3335542994cef4bc3dc,noise_gate,0.25,0.55,Home Rule League,The Home Rule League,1.0,1.0,1.0,1.0,1174,6,0.00023960000000000002
5a72b3335542994cef4bc3dc,noise_gate,0.3,0.55,Home Rule League,The Home Rule League,1.0,1.0,1.0,1.0,1174,6,0.00023960000000000002
5a72b3335542994cef4bc3dc,noise_gate,0.35,0.55,Home Rule League,The Home Rule League,1.0,1.0,1.0,1.0,1174,6,0.00023960000000000002
5a72b3335542994cef4bc3dc,noise_gate,0.5,0.55,Home Rule League,The Home Rule League,1.0,1.0,1.0,1.0,513,6,0.00010740000000000001
5a72b3335542994cef4bc3dc,noise_gate,0.2,0.5,Home Rule League,The Home Rule League,1.0,1.0,1.0,1.0,1174,6,0.00023960000000000002
5a72b3335542994cef4bc3dc,noise_gate,0.25,0.5,Home Rule League,The Home Rule League,1.0,1.0,1.0,1.0,1174,6,0.00023960000000000002
5a72b3335542994cef4bc3dc,noise_gate,0.3,0.5,Home Rule League,The Home Rule League,1.0,1.0,1.0,1.0,1174,6,0.00023960000000000002
5a72b3335542994cef4bc3dc,noise_gate,0.35,0.5,Home Rule League,The Home Rule League,1.0,1.0,1.0,1.0,1174,6,0.00023960000000000002
5a72b3335542994cef4bc3dc,noise_gate,0.5,0.5,Home Rule League,The Home Rule League,1.0,1.0,1.0,1.0,513,6,0.00010740000000000001
5a82bc7455429940e5e1a926,noise_gate,0.2,0.55,Red Rock West,"""Red Rock West""",1.0,1.0,1.0,1.0,944,6,0.00019360000000000002
5a82bc7455429940e5e1a926,noise_gate,0.25,0.55,Red Rock West,"""Red Rock West""",1.0,1.0,1.0,1.0,652,12,0.00014
5a82bc7455429940e5e1a926,noise_gate,0.3,0.55,Red Rock West,"""Red Rock West""",1.0,1.0,1.0,1.0,511,12,0.00011180000000000001
5a82bc7455429940e5e1a926,noise_gate,0.35,0.55,A Star Is Born (1976 film),"""Red Rock West""",0.0,0.0,0.0,0.0,356,12,8.080000000000001e-05
5a82bc7455429940e5e1a926,noise_gate,0.5,0.55,The Joy Luck Club,"""Red Rock West""",0.0,0.0,0.0,0.0,102,13,3.08e-05
5a82bc7455429940e5e1a926,noise_gate,0.2,0.5,Honeymoon in Vegas,"""Red Rock West""",0.0,0.0,0.0,0.0,944,8,0.0001952
5a82bc7455429940e5e1a926,noise_gate,0.25,0.5,Red Rock West,"""Red Rock West""",1.0,1.0,1.0,1.0,652,6,0.0001352
5a82bc7455429940e5e1a926,noise_gate,0.3,0.5,Red Rock West,"""Red Rock West""",1.0,1.0,1.0,1.0,511,6,0.000107
5a82bc7455429940e5e1a926,noise_gate,0.35,0.5,No answer,"""Red Rock West""",0.0,0.0,0.0,0.0,356,5,7.520000000000001e-05
5a82bc7455429940e5e1a926,noise_gate,0.5,0.5,Mrs. Doubtfire,"""Red Rock West""",0.0,0.0,0.0,0.0,102,14,3.16e-05
5a77b0395542997042120ae1,noise_gate,0.2,0.55,Jessica Lange,Jessica Lange,1.0,1.0,1.0,1.0,768,5,0.0001576
5a77b0395542997042120ae1,noise_gate,0.25,0.55,Jessica Lange,Jessica Lange,1.0,1.0,1.0,1.0,279,5,5.9800000000000003e-05
5a77b0395542997042120ae1,noise_gate,0.3,0.55,Jessica Lange,Jessica Lange,1.0,1.0,1.0,1.0,153,5,3.46e-05
5a77b0395542997042120ae1,noise_gate,0.35,0.55,Jessica Lange,Jessica Lange,1.0,1.0,1.0,1.0,153,5,3.46e-05
5a77b0395542997042120ae1,noise_gate,0.5,0.55,Jessica Lange,Jessica Lange,1.0,1.0,1.0,1.0,153,5,3.46e-05
5a77b0395542997042120ae1,noise_gate,0.2,0.5,Jessica Lange,Jessica Lange,1.0,1.0,1.0,1.0,768,5,0.0001576
5a77b0395542997042120ae1,noise_gate,0.25,0.5,Jessica Lange,Jessica Lange,1.0,1.0,1.0,1.0,279,5,5.9800000000000003e-05
5a77b0395542997042120ae1,noise_gate,0.3,0.5,Jessica Lange,Jessica Lange,1.0,1.0,1.0,1.0,153,5,3.46e-05
5a77b0395542997042120ae1,noise_gate,0.35,0.5,Jessica Lange,Jessica Lange,1.0,1.0,1.0,1.0,153,5,3.46e-05
5a77b0395542997042120ae1,noise_gate,0.5,0.5,Jessica Lange,Jessica Lange,1.0,1.0,1.0,1.0,153,5,3.46e-05
5a90b6985542990a984936c2,noise_gate,0.2,0.55,The Royal Family,"""The Royal Family""",1.0,1.0,1.0,1.0,1614,6,0.0003276
5a90b6985542990a984936c2,noise_gate,0.25,0.55,The Royal Family,"""The Royal Family""",1.0,1.0,1.0,1.0,1614,6,0.0003276
5a90b6985542990a984936c2,noise_gate,0.3,0.55,The Royal Family,"""The Royal Family""",1.0,1.0,1.0,1.0,1254,6,0.00025560000000000003
5a90b6985542990a984936c2,noise_gate,0.35,0.55,The Royal Family,"""The Royal Family""",1.0,1.0,1.0,1.0,948,6,0.00019440000000000004
5a90b6985542990a984936c2,noise_gate,0.5,0.55,The Royal Family,"""The Royal Family""",1.0,1.0,1.0,1.0,250,12,5.9600000000000005e-05
5a90b6985542990a984936c2,noise_gate,0.2,0.5,The Royal Family,"""The Royal Family""",1.0,1.0,1.0,1.0,1614,6,0.0003276
5a90b6985542990a984936c2,noise_gate,0.25,0.5,The Royal Family,"""The Royal Family""",1.0,1.0,1.0,1.0,1614,6,0.0003276
5a90b6985542990a984936c2,noise_gate,0.3,0.5,The Royal Family,"""The Royal Family""",1.0,1.0,1.0,1.0,1254,6,0.00025560000000000003
5a90b6985542990a984936c2,noise_gate,0.35,0.5,The Royal Family,"""The Royal Family""",1.0,1.0,1.0,1.0,948,6,0.00019440000000000004
5a90b6985542990a984936c2,noise_gate,0.5,0.5,The Maids,"""The Royal Family""",0.0,0.0,0.0,0.0,250,6,5.4800000000000004e-05
5a8a833855429970aeb702fe,noise_gate,0.2,0.55,2664,"2,664",1.0,1.0,1.0,1.0,1483,5,0.0003006
5a8a833855429970aeb702fe,noise_gate,0.25,0.55,2664,"2,664",1.0,1.0,1.0,1.0,1483,5,0.0003006
5a8a833855429970aeb702fe,noise_gate,0.3,0.55,2664,"2,664",1.0,1.0,1.0,1.0,1483,5,0.0003006
5a8a833855429970aeb702fe,noise_gate,0.35,0.55,noanswer,"2,664",0.0,0.0,0.0,0.0,1279,5,0.0002598
5a8a833855429970aeb702fe,noise_gate,0.5,0.55,noanswer,"2,664",0.0,0.0,0.0,0.0,260,5,5.6e-05
5a8a833855429970aeb702fe,noise_gate,0.2,0.5,2664,"2,664",1.0,1.0,1.0,1.0,1483,5,0.0003006
5a8a833855429970aeb702fe,noise_gate,0.25,0.5,2664,"2,664",1.0,1.0,1.0,1.0,1483,5,0.0003006
5a8a833855429970aeb702fe,noise_gate,0.3,0.5,2664,"2,664",1.0,1.0,1.0,1.0,1483,5,0.0003006
5a8a833855429970aeb702fe,noise_gate,0.35,0.5,noanswer,"2,664",0.0,0.0,0.0,0.0,1279,5,0.0002598
5a8a833855429970aeb702fe,noise_gate,0.5,0.5,2890,"2,664",0.0,0.0,0.0,0.0,260,5,5.6e-05
5a7fd95d5542992e7d278dc5,noise_gate,0.2,0.55,Golden Globe nomination,Golden Globe,0.0,0.8,0.6666666666666666,1.0,1198,6,0.00024440000000000003
5a7fd95d5542992e7d278dc5,noise_gate,0.25,0.55,Golden Globe nomination,Golden Globe,0.0,0.8,0.6666666666666666,1.0,1198,6,0.00024440000000000003
5a7fd95d5542992e7d278dc5,noise_gate,0.3,0.55,Golden Globe nomination,Golden Globe,0.0,0.8,0.6666666666666666,1.0,1198,6,0.00024440000000000003
5a7fd95d5542992e7d278dc5,noise_gate,0.35,0.55,Golden Globe nomination,Golden Globe,0.0,0.8,0.6666666666666666,1.0,999,6,0.0002046
5a7fd95d5542992e7d278dc5,noise_gate,0.5,0.55,Golden Globe nomination,Golden Globe,0.0,0.8,0.6666666666666666,1.0,267,6,5.8200000000000005e-05
5a7fd95d5542992e7d278dc5,noise_gate,0.2,0.5,Golden Globe nomination,Golden Globe,0.0,0.8,0.6666666666666666,1.0,1198,6,0.00024440000000000003
5a7fd95d5542992e7d278dc5,noise_gate,0.25,0.5,Golden Globe nomination,Golden Globe,0.0,0.8,0.6666666666666666,1.0,1198,6,0.00024440000000000003
5a7fd95d5542992e7d278dc5,noise_gate,0.3,0.5,Golden Globe nomination,Golden Globe,0.0,0.8,0.6666666666666666,1.0,1198,6,0.00024440000000000003
5a7fd95d5542992e7d278dc5,noise_gate,0.35,0.5,Golden Globe nomination,Golden Globe,0.0,0.8,0.6666666666666666,1.0,999,6,0.0002046
5a7fd95d5542992e7d278dc5,noise_gate,0.5,0.5,Golden Globe nomination,Golden Globe,0.0,0.8,0.6666666666666666,1.0,267,6,5.8200000000000005e-05
5ab1e36d554299449642c7f9,noise_gate,0.2,0.55,yes,yes,1.0,1.0,1.0,1.0,1058,4,0.00021480000000000002
5ab1e36d554299449642c7f9,noise_gate,0.25,0.55,yes,yes,1.0,1.0,1.0,1.0,1058,4,0.00021480000000000002
5ab1e36d554299449642c7f9,noise_gate,0.3,0.55,yes,yes,1.0,1.0,1.0,1.0,1058,4,0.00021480000000000002
5ab1e36d554299449642c7f9,noise_gate,0.35,0.55,yes,yes,1.0,1.0,1.0,1.0,1058,4,0.00021480000000000002
5ab1e36d554299449642c7f9,noise_gate,0.5,0.55,yes,yes,1.0,1.0,1.0,1.0,257,4,5.4600000000000006e-05
5ab1e36d554299449642c7f9,noise_gate,0.2,0.5,yes,yes,1.0,1.0,1.0,1.0,1058,4,0.00021480000000000002
5ab1e36d554299449642c7f9,noise_gate,0.25,0.5,yes,yes,1.0,1.0,1.0,1.0,1058,4,0.00021480000000000002
5ab1e36d554299449642c7f9,noise_gate,0.3,0.5,yes,yes,1.0,1.0,1.0,1.0,1058,4,0.00021480000000000002
5ab1e36d554299449642c7f9,noise_gate,0.35,0.5,yes,yes,1.0,1.0,1.0,1.0,1058,4,0.00021480000000000002
5ab1e36d554299449642c7f9,noise_gate,0.5,0.5,yes,yes,1.0,1.0,1.0,1.0,257,4,5.4600000000000006e-05
5adfff0755429925eb1afbce,noise_gate,0.2,0.55,"Rachel, Nevada","Rachel, Nevada",1.0,1.0,1.0,1.0,3508,6,0.0007064
5adfff0755429925eb1afbce,noise_gate,0.25,0.55,"Rachel, Nevada","Rachel, Nevada",1.0,1.0,1.0,1.0,1337,6,0.00027220000000000006
5adfff0755429925eb1afbce,noise_gate,0.3,0.55,"Rachel, Nevada","Rachel, Nevada",1.0,1.0,1.0,1.0,644,6,0.00013360000000000002
5adfff0755429925eb1afbce,noise_gate,0.35,0.55,"Rachel, Nevada","Rachel, Nevada",1.0,1.0,1.0,1.0,553,6,0.0001154
5adfff0755429925eb1afbce,noise_gate,0.5,0.55,"Rachel, Nevada","Rachel, Nevada",1.0,1.0,1.0,1.0,373,6,7.94e-05
5adfff0755429925eb1afbce,noise_gate,0.2,0.5,"Rachel, Nevada","Rachel, Nevada",1.0,1.0,1.0,1.0,3508,6,0.0007064
5adfff0755429925eb1afbce,noise_gate,0.25,0.5,"Rachel, Nevada","Rachel, Nevada",1.0,1.0,1.0,1.0,1337,6,0.00027220000000000006
5adfff0755429925eb1afbce,noise_gate,0.3,0.5,"Rachel, Nevada","Rachel, Nevada",1.0,1.0,1.0,1.0,644,6,0.00013360000000000002
5adfff0755429925eb1afbce,noise_gate,0.35,0.5,"Rachel, Nevada","Rachel, Nevada",1.0,1.0,1.0,1.0,553,6,0.0001154
5adfff0755429925eb1afbce,noise_gate,0.5,0.5,"Rachel, Nevada","Rachel, Nevada",1.0,1.0,1.0,1.0,373,6,7.94e-05
5ab5e024554299494045f097,noise_gate,0.2,0.55,yes,yes,1.0,1.0,1.0,1.0,1660,4,0.0003352
5ab5e024554299494045f097,noise_gate,0.25,0.55,yes,yes,1.0,1.0,1.0,1.0,1496,4,0.00030240000000000003
5ab5e024554299494045f097,noise_gate,0.3,0.55,yes,yes,1.0,1.0,1.0,1.0,1496,4,0.00030240000000000003
5ab5e024554299494045f097,noise_gate,0.35,0.55,yes,yes,1.0,1.0,1.0,1.0,1496,4,0.00030240000000000003
5ab5e024554299494045f097,noise_gate,0.5,0.55,yes,yes,1.0,1.0,1.0,1.0,363,4,7.58e-05
5ab5e024554299494045f097,noise_gate,0.2,0.5,yes,yes,1.0,1.0,1.0,1.0,1660,4,0.0003352
5ab5e024554299494045f097,noise_gate,0.25,0.5,yes,yes,1.0,1.0,1.0,1.0,1496,4,0.00030240000000000003
5ab5e024554299494045f097,noise_gate,0.3,0.5,yes,yes,1.0,1.0,1.0,1.0,1496,4,0.00030240000000000003
5ab5e024554299494045f097,noise_gate,0.35,0.5,yes,yes,1.0,1.0,1.0,1.0,1496,4,0.00030240000000000003
5ab5e024554299494045f097,noise_gate,0.5,0.5,yes,yes,1.0,1.0,1.0,1.0,363,4,7.58e-05
5abfa2255542993fe9a41e18,noise_gate,0.2,0.55,no,no,1.0,1.0,1.0,1.0,1061,4,0.0002154
5abfa2255542993fe9a41e18,noise_gate,0.25,0.55,no,no,1.0,1.0,1.0,1.0,1061,4,0.0002154
5abfa2255542993fe9a41e18,noise_gate,0.3,0.55,no,no,1.0,1.0,1.0,1.0,853,10,0.00017860000000000003
5abfa2255542993fe9a41e18,noise_gate,0.35,0.55,no,no,1.0,1.0,1.0,1.0,748,4,0.0001528
5abfa2255542993fe9a41e18,noise_gate,0.5,0.55,no,no,1.0,1.0,1.0,1.0,289,4,6.1000000000000005e-05
5abfa2255542993fe9a41e18,noise_gate,0.2,0.5,no,no,1.0,1.0,1.0,1.0,1061,4,0.0002154
5abfa2255542993fe9a41e18,noise_gate,0.25,0.5,no,no,1.0,1.0,1.0,1.0,1061,4,0.0002154
5abfa2255542993fe9a41e18,noise_gate,0.3,0.5,no,no,1.0,1.0,1.0,1.0,853,4,0.00017380000000000002
5abfa2255542993fe9a41e18,noise_gate,0.35,0.5,no,no,1.0,1.0,1.0,1.0,748,4,0.0001528
5abfa2255542993fe9a41e18,noise_gate,0.5,0.5,no,no,1.0,1.0,1.0,1.0,289,4,6.1000000000000005e-05
5a810506554299260e20a202,noise_gate,0.2,0.55,"January 4, 1976","January 4, 1976",1.0,1.0,1.0,1.0,531,10,0.00011420000000000001
5a810506554299260e20a202,noise_gate,0.25,0.55,"January 4, 1976","January 4, 1976",1.0,1.0,1.0,1.0,375,10,8.3e-05
5a810506554299260e20a202,noise_gate,0.3,0.55,"January 4, 1976","January 4, 1976",1.0,1.0,1.0,1.0,375,10,8.3e-05
5a810506554299260e20a202,noise_gate,0.35,0.55,"January 4, 1976","January 4, 1976",1.0,1.0,1.0,1.0,270,10,6.2e-05
5a810506554299260e20a202,noise_gate,0.5,0.55,1981,"January 4, 1976",0.0,0.0,0.0,0.0,188,5,4.16e-05
5a810506554299260e20a202,noise_gate,0.2,0.5,"January 4, 1976","January 4, 1976",1.0,1.0,1.0,1.0,531,16,0.000119
5a810506554299260e20a202,noise_gate,0.25,0.5,"January 4, 1976","January 4, 1976",1.0,1.0,1.0,1.0,375,10,8.3e-05
5a810506554299260e20a202,noise_gate,0.3,0.5,"January 4, 1976","January 4, 1976",1.0,1.0,1.0,1.0,375,10,8.3e-05
5a810506554299260e20a202,noise_gate,0.35,0.5,"January 4, 1976","January 4, 1976",1.0,1.0,1.0,1.0,270,10,6.2e-05
5a810506554299260e20a202,noise_gate,0.5,0.5,1976,"January 4, 1976",0.0,0.5,1.0,0.3333333333333333,188,5,4.16e-05
5a71231a5542994082a3e5c4,noise_gate,0.2,0.55,peach,peach,1.0,1.0,1.0,1.0,1009,5,0.0002058
5a71231a5542994082a3e5c4,noise_gate,0.25,0.55,peach,peach,1.0,1.0,1.0,1.0,1009,5,0.0002058
5a71231a5542994082a3e5c4,noise_gate,0.3,0.55,peach,peach,1.0,1.0,1.0,1.0,575,5,0.000119
5a71231a5542994082a3e5c4,noise_gate,0.35,0.55,peach,peach,1.0,1.0,1.0,1.0,310,5,6.6e-05
5a71231a5542994082a3e5c4,noise_gate,0.5,0.55,peach,peach,1.0,1.0,1.0,1.0,144,5,3.2800000000000004e-05
5a71231a5542994082a3e5c4,noise_gate,0.2,0.5,peach,peach,1.0,1.0,1.0,1.0,1009,5,0.0002058
5a71231a5542994082a3e5c4,noise_gate,0.25,0.5,peach,peach,1.0,1.0,1.0,1.0,1009,5,0.0002058
5a71231a5542994082a3e5c4,noise_gate,0.3,0.5,peach,peach,1.0,1.0,1.0,1.0,575,5,0.000119
5a71231a5542994082a3e5c4,noise_gate,0.35,0.5,peach,peach,1.0,1.0,1.0,1.0,310,5,6.6e-05
5a71231a5542994082a3e5c4,noise_gate,0.5,0.5,peach,peach,1.0,1.0,1.0,1.0,144,5,3.2800000000000004e-05
5a71717d5542994082a3e834,noise_gate,0.2,0.55,Larry Drake,Larry Richard Drake,0.0,0.8,1.0,0.6666666666666666,1317,5,0.00026740000000000005
5a71717d5542994082a3e834,noise_gate,0.25,0.55,Larry Drake,Larry Richard Drake,0.0,0.8,1.0,0.6666666666666666,1317,5,0.00026740000000000005
5a71717d5542994082a3e834,noise_gate,0.3,0.55,Larry Drake,Larry Richard Drake,0.0,0.8,1.0,0.6666666666666666,1187,5,0.00024139999999999999
5a71717d5542994082a3e834,noise_gate,0.35,0.55,Larry Drake,Larry Richard Drake,0.0,0.8,1.0,0.6666666666666666,1187,5,0.00024139999999999999
5a71717d5542994082a3e834,noise_gate,0.5,0.55,Jeff Bennett,Larry Richard Drake,0.0,0.0,0.0,0.0,358,11,8.04e-05
5a71717d5542994082a3e834,noise_gate,0.2,0.5,Larry Drake,Larry Richard Drake,0.0,0.8,1.0,0.6666666666666666,1317,5,0.00026740000000000005
5a71717d5542994082a3e834,noise_gate,0.25,0.5,Larry Drake,Larry Richard Drake,0.0,0.8,1.0,0.6666666666666666,1317,5,0.00026740000000000005
5a71717d5542994082a3e834,noise_gate,0.3,0.5,Larry Drake,Larry Richard Drake,0.0,0.8,1.0,0.6666666666666666,1187,5,0.00024139999999999999
5a71717d5542994082a3e834,noise_gate,0.35,0.5,Larry Drake,Larry Richard Drake,0.0,0.8,1.0,0.6666666666666666,1187,5,0.00024139999999999999
5a71717d5542994082a3e834,noise_gate,0.5,0.5,Jeff Bennett,Larry Richard Drake,0.0,0.0,0.0,0.0,358,5,7.560000000000001e-05
5ab707d65542991d32223761,noise_gate,0.2,0.55,Pennsylvania's 18th congressional district,Pennsylvania's 18th congressional district,1.0,1.0,1.0,1.0,1008,11,0.00021040000000000002
5ab707d65542991d32223761,noise_gate,0.25,0.55,Pennsylvania's 18th congressional district,Pennsylvania's 18th congressional district,1.0,1.0,1.0,1.0,1008,11,0.00021040000000000002
5ab707d65542991d32223761,noise_gate,0.3,0.55,Pennsylvania's 18th congressional district,Pennsylvania's 18th congressional district,1.0,1.0,1.0,1.0,1008,11,0.00021040000000000002
5ab707d65542991d32223761,noise_gate,0.35,0.55,Pennsylvania's 18th congressional district,Pennsylvania's 18th congressional district,1.0,1.0,1.0,1.0,496,11,0.000108
5ab707d65542991d32223761,noise_gate,0.5,0.55,Pennsylvania's 18th congressional district,Pennsylvania's 18th congressional district,1.0,1.0,1.0,1.0,245,11,5.7799999999999995e-05
5ab707d65542991d32223761,noise_gate,0.2,0.5,Pennsylvania's 18th congressional district,Pennsylvania's 18th congressional district,1.0,1.0,1.0,1.0,1008,11,0.00021040000000000002
5ab707d65542991d32223761,noise_gate,0.25,0.5,Pennsylvania's 18th congressional district,Pennsylvania's 18th congressional district,1.0,1.0,1.0,1.0,1008,11,0.00021040000000000002
5ab707d65542991d32223761,noise_gate,0.3,0.5,Pennsylvania's 18th congressional district,Pennsylvania's 18th congressional district,1.0,1.0,1.0,1.0,1008,11,0.00021040000000000002
5ab707d65542991d32223761,noise_gate,0.35,0.5,Pennsylvania's 18th congressional district,Pennsylvania's 18th congressional district,1.0,1.0,1.0,1.0,496,11,0.000108
5ab707d65542991d32223761,noise_gate,0.5,0.5,Pennsylvania's 18th congressional district,Pennsylvania's 18th congressional district,1.0,1.0,1.0,1.0,245,11,5.7799999999999995e-05
5a74adb455429916b01641c6,noise_gate,0.2,0.55,The Ladder,The Ladder,1.0,1.0,1.0,1.0,952,5,0.00019439999999999998
5a74adb455429916b01641c6,noise_gate,0.25,0.55,The Ladder,The Ladder,1.0,1.0,1.0,1.0,841,5,0.0001722
5a74adb455429916b01641c6,noise_gate,0.3,0.55,The Ladder,The Ladder,1.0,1.0,1.0,1.0,339,5,7.18e-05
5a74adb455429916b01641c6,noise_gate,0.35,0.55,The Ladder,The Ladder,1.0,1.0,1.0,1.0,339,11,7.659999999999999e-05
5a74adb455429916b01641c6,noise_gate,0.5,0.55,The Ladder,The Ladder,1.0,1.0,1.0,1.0,241,11,5.7e-05
5a74adb455429916b01641c6,noise_gate,0.2,0.5,The Ladder,The Ladder,1.0,1.0,1.0,1.0,952,5,0.00019439999999999998
5a74adb455429916b01641c6,noise_gate,0.25,0.5,The Ladder,The Ladder,1.0,1.0,1.0,1.0,841,5,0.0001722
5a74adb455429916b01641c6,noise_gate,0.3,0.5,The Ladder,The Ladder,1.0,1.0,1.0,1.0,339,5,7.18e-05
5a74adb455429916b01641c6,noise_gate,0.35,0.5,The Ladder,The Ladder,1.0,1.0,1.0,1.0,339,5,7.18e-05
5a74adb455429916b01641c6,noise_gate,0.5,0.5,The Ladder,The Ladder,1.0,1.0,1.0,1.0,241,11,5.7e-05
5abe34095542993f32c2a088,noise_gate,0.2,0.55,1874 until 1994,1874 until 1994,1.0,1.0,1.0,1.0,743,9,0.00015580000000000002
5abe34095542993f32c2a088,noise_gate,0.25,0.55,1874 until 1994,1874 until 1994,1.0,1.0,1.0,1.0,743,9,0.00015580000000000002
5abe34095542993f32c2a088,noise_gate,0.3,0.55,from 1874 until 1994,1874 until 1994,0.0,0.8571428571428571,0.75,1.0,743,11,0.0001574
5abe34095542993f32c2a088,noise_gate,0.35,0.55,from 1874 until 1994,1874 until 1994,0.0,0.8571428571428571,0.75,1.0,743,11,0.0001574
5abe34095542993f32c2a088,noise_gate,0.5,0.55,1874 until 1994,1874 until 1994,1.0,1.0,1.0,1.0,572,9,0.0001216
5abe34095542993f32c2a088,noise_gate,0.2,0.5,1874 until 1994,1874 until 1994,1.0,1.0,1.0,1.0,743,9,0.00015580000000000002
5abe34095542993f32c2a088,noise_gate,0.25,0.5,from 1874 until 1994,1874 until 1994,0.0,0.8571428571428571,0.75,1.0,743,11,0.0001574
5abe34095542993f32c2a088,noise_gate,0.3,0.5,1874 until 1994,1874 until 1994,1.0,1.0,1.0,1.0,743,9,0.00015580000000000002
5abe34095542993f32c2a088,noise_gate,0.35,0.5,1874 until 1994,1874 until 1994,1.0,1.0,1.0,1.0,743,9,0.00015580000000000002
5abe34095542993f32c2a088,noise_gate,0.5,0.5,1874 until 1994,1874 until 1994,1.0,1.0,1.0,1.0,572,9,0.0001216
5ab28c89554299340b525513,noise_gate,0.2,0.55,Reichsführer-SS,Reichsführer-SS,1.0,1.0,1.0,1.0,1049,9,0.00021700000000000002
5ab28c89554299340b525513,noise_gate,0.25,0.55,Reichsführer-SS,Reichsführer-SS,1.0,1.0,1.0,1.0,1049,9,0.00021700000000000002
5ab28c89554299340b525513,noise_gate,0.3,0.55,Reichsführer-SS,Reichsführer-SS,1.0,1.0,1.0,1.0,918,9,0.00019080000000000003
5ab28c89554299340b525513,noise_gate,0.35,0.55,Reichsführer-SS,Reichsführer-SS,1.0,1.0,1.0,1.0,792,9,0.00016560000000000001
5ab28c89554299340b525513,noise_gate,0.5,0.55,Reichsführer-SS,Reichsführer-SS,1.0,1.0,1.0,1.0,415,9,9.02e-05
5ab28c89554299340b525513,noise_gate,0.2,0.5,Reichsführer-SS,Reichsführer-SS,1.0,1.0,1.0,1.0,1049,9,0.00021700000000000002
5ab28c89554299340b525513,noise_gate,0.25,0.5,Reichsführer-SS,Reichsführer-SS,1.0,1.0,1.0,1.0,1049,9,0.00021700000000000002
5ab28c89554299340b525513,noise_gate,0.3,0.5,Reichsführer-SS,Reichsführer-SS,1.0,1.0,1.0,1.0,918,9,0.00019080000000000003
5ab28c89554299340b525513,noise_gate,0.35,0.5,Reichsführer-SS,Reichsführer-SS,1.0,1.0,1.0,1.0,792,9,0.00016560000000000001
5ab28c89554299340b525513,noise_gate,0.5,0.5,Reichsführer-SS,Reichsführer-SS,1.0,1.0,1.0,1.0,415,9,9.02e-05
5ab626d555429953192ad279,noise_gate,0.2,0.55,Detroit,lower Manhattan,0.0,0.0,0.0,0.0,1464,4,0.00029600000000000004
5ab626d555429953192ad279,noise_gate,0.25,0.55,"Rocky Mount, North Carolina",lower Manhattan,0.0,0.0,0.0,0.0,1301,9,0.0002674
5ab626d555429953192ad279,noise_gate,0.3,0.55,"Rocky Mount, North Carolina",lower Manhattan,0.0,0.0,0.0,0.0,1030,9,0.0002132
5ab626d555429953192ad279,noise_gate,0.35,0.55,"Newark, New Jersey",lower Manhattan,0.0,0.0,0.0,0.0,252,8,5.6800000000000005e-05
5ab626d555429953192ad279,noise_gate,0.5,0.55,"Newark, New Jersey",lower Manhattan,0.0,0.0,0.0,0.0,252,8,5.6800000000000005e-05
5ab626d555429953192ad279,noise_gate,0.2,0.5,Detroit,lower Manhattan,0.0,0.0,0.0,0.0,1464,4,0.00029600000000000004
5ab626d555429953192ad279,noise_gate,0.25,0.5,"Rocky Mount, North Carolina",lower Manhattan,0.0,0.0,0.0,0.0,1301,9,0.0002674
5ab626d555429953192ad279,noise_gate,0.3,0.5,"Newark, New Jersey",lower Manhattan,0.0,0.0,0.0,0.0,1030,8,0.00021239999999999999
5ab626d555429953192ad279,noise_gate,0.35,0.5,"Newark, New Jersey",lower Manhattan,0.0,0.0,0.0,0.0,252,8,5.6800000000000005e-05
5ab626d555429953192ad279,noise_gate,0.5,0.5,"Newark, New Jersey",lower Manhattan,0.0,0.0,0.0,0.0,252,14,6.16e-05
5ab3589455429976abd1bc93,noise_gate,0.2,0.55,combination of a loop and a roll,combination of a loop and a roll,1.0,1.0,1.0,1.0,1117,11,0.0002322
5ab3589455429976abd1bc93,noise_gate,0.25,0.55,combination of a loop and a roll,combination of a loop and a roll,1.0,1.0,1.0,1.0,1117,11,0.0002322
5ab3589455429976abd1bc93,noise_gate,0.3,0.55,combination of a loop and a roll,combination of a loop and a roll,1.0,1.0,1.0,1.0,782,11,0.0001652
5ab3589455429976abd1bc93,noise_gate,0.35,0.55,combination of a loop and a roll,combination of a loop and a roll,1.0,1.0,1.0,1.0,782,11,0.0001652
5ab3589455429976abd1bc93,noise_gate,0.5,0.55,rotation,combination of a loop and a roll,0.0,0.0,0.0,0.0,341,4,7.14e-05
5ab3589455429976abd1bc93,noise_gate,0.2,0.5,combination of a loop and a roll,combination of a loop and a roll,1.0,1.0,1.0,1.0,1117,11,0.0002322
5ab3589455429976abd1bc93,noise_gate,0.25,0.5,combination of a loop and a roll,combination of a loop and a roll,1.0,1.0,1.0,1.0,1117,11,0.0002322
5ab3589455429976abd1bc93,noise_gate,0.3,0.5,combination of a loop and a roll,combination of a loop and a roll,1.0,1.0,1.0,1.0,782,11,0.0001652
5ab3589455429976abd1bc93,noise_gate,0.35,0.5,combination of a loop and a roll,combination of a loop and a roll,1.0,1.0,1.0,1.0,782,11,0.0001652
5ab3589455429976abd1bc93,noise_gate,0.5,0.5,rotation,combination of a loop and a roll,0.0,0.0,0.0,0.0,341,4,7.14e-05
5a7cc59c55429909bec767fb,noise_gate,0.2,0.55,15 mi,15,0.0,0.6666666666666666,0.5,1.0,2292,5,0.0004624
5a7cc59c55429909bec767fb,noise_gate,0.25,0.55,15 mi,15,0.0,0.6666666666666666,0.5,1.0,2292,5,0.0004624
5a7cc59c55429909bec767fb,noise_gate,0.3,0.55,15 mi,15,0.0,0.6666666666666666,0.5,1.0,1303,5,0.00026460000000000003
5a7cc59c55429909bec767fb,noise_gate,0.35,0.55,15 mi,15,0.0,0.6666666666666666,0.5,1.0,760,5,0.000156
5a7cc59c55429909bec767fb,noise_gate,0.5,0.55,15 mi,15,0.0,0.6666666666666666,0.5,1.0,265,5,5.7e-05
5a7cc59c55429909bec767fb,noise_gate,0.2,0.5,15 mi,15,0.0,0.6666666666666666,0.5,1.0,2292,5,0.0004624
5a7cc59c55429909bec767fb,noise_gate,0.25,0.5,15,15,1.0,1.0,1.0,1.0,2292,4,0.00046160000000000005
5a7cc59c55429909bec767fb,noise_gate,0.3,0.5,15 mi,15,0.0,0.6666666666666666,0.5,1.0,1303,5,0.00026460000000000003
5a7cc59c55429909bec767fb,noise_gate,0.35,0.5,15 mi,15,0.0,0.6666666666666666,0.5,1.0,760,5,0.000156
5a7cc59c55429909bec767fb,noise_gate,0.5,0.5,15 mi,15,0.0,0.6666666666666666,0.5,1.0,265,5,5.7e-05
5ab827a555429934fafe6cf5,noise_gate,0.2,0.55,70 m and 90 m events,70 m and 90 m,0.0,0.9090909090909091,0.8333333333333334,1.0,1528,10,0.0003136
5ab827a555429934fafe6cf5,noise_gate,0.25,0.55,70 m and 90 m events,70 m and 90 m,0.0,0.9090909090909091,0.8333333333333334,1.0,1528,10,0.0003136
5ab827a555429934fafe6cf5,noise_gate,0.3,0.55,70 m and 90 m events,70 m and 90 m,0.0,0.9090909090909091,0.8333333333333334,1.0,1470,10,0.00030199999999999997
5ab827a555429934fafe6cf5,noise_gate,0.35,0.55,70 m and 90 m events,70 m and 90 m,0.0,0.9090909090909091,0.8333333333333334,1.0,1351,10,0.0002782
5ab827a555429934fafe6cf5,noise_gate,0.5,0.55,Olympic ski jumping,70 m and 90 m,0.0,0.0,0.0,0.0,379,7,8.14e-05
5ab827a555429934fafe6cf5,noise_gate,0.2,0.5,70 m and 90 m events,70 m and 90 m,0.0,0.9090909090909091,0.8333333333333334,1.0,1528,10,0.0003136
5ab827a555429934fafe6cf5,noise_gate,0.25,0.5,70 m and 90 m events,70 m and 90 m,0.0,0.9090909090909091,0.8333333333333334,1.0,1528,10,0.0003136
5ab827a555429934fafe6cf5,noise_gate,0.3,0.5,70 m and 90 m events,70 m and 90 m,0.0,0.9090909090909091,0.8333333333333334,1.0,1470,10,0.00030199999999999997
5ab827a555429934fafe6cf5,noise_gate,0.35,0.5,70 m and 90 m events,70 m and 90 m,0.0,0.9090909090909091,0.8333333333333334,1.0,1351,10,0.0002782
5ab827a555429934fafe6cf5,noise_gate,0.5,0.5,Olympic ski jumping,70 m and 90 m,0.0,0.0,0.0,0.0,379,7,8.14e-05
5a8af1e255429950cd6afc28,noise_gate,0.2,0.55,Trent Alexander-Arnold,Trent Alexander-Arnold,1.0,1.0,1.0,1.0,1143,9,0.00023580000000000004
5a8af1e255429950cd6afc28,noise_gate,0.25,0.55,Trent Alexander-Arnold,Trent Alexander-Arnold,1.0,1.0,1.0,1.0,1143,9,0.00023580000000000004
5a8af1e255429950cd6afc28,noise_gate,0.3,0.55,Trent Alexander-Arnold,Trent Alexander-Arnold,1.0,1.0,1.0,1.0,1143,9,0.00023580000000000004
5a8af1e255429950cd6afc28,noise_gate,0.35,0.55,Trent Alexander-Arnold,Trent Alexander-Arnold,1.0,1.0,1.0,1.0,840,9,0.0001752
5a8af1e255429950cd6afc28,noise_gate,0.5,0.55,Demi Stokes,Trent Alexander-Arnold,0.0,0.0,0.0,0.0,100,13,3.04e-05
5a8af1e255429950cd6afc28,noise_gate,0.2,0.5,Trent Alexander-Arnold,Trent Alexander-Arnold,1.0,1.0,1.0,1.0,1143,9,0.00023580000000000004
5a8af1e255429950cd6afc28,noise_gate,0.25,0.5,Trent Alexander-Arnold,Trent Alexander-Arnold,1.0,1.0,1.0,1.0,1143,9,0.00023580000000000004
5a8af1e255429950cd6afc28,noise_gate,0.3,0.5,Trent Alexander-Arnold,Trent Alexander-Arnold,1.0,1.0,1.0,1.0,1143,9,0.00023580000000000004
5a8af1e255429950cd6afc28,noise_gate,0.35,0.5,Trent Alexander-Arnold,Trent Alexander-Arnold,1.0,1.0,1.0,1.0,840,9,0.0001752
5a8af1e255429950cd6afc28,noise_gate,0.5,0.5,Jordan Nobbs,Trent Alexander-Arnold,0.0,0.0,0.0,0.0,100,12,2.96e-05
5ac11ee45542997d64295a7d,noise_gate,0.2,0.55,Flying Padre,Flying Padre,1.0,1.0,1.0,1.0,936,5,0.0001912
5ac11ee45542997d64295a7d,noise_gate,0.25,0.55,Flying Padre,Flying Padre,1.0,1.0,1.0,1.0,610,5,0.000126
5ac11ee45542997d64295a7d,noise_gate,0.3,0.55,Flying Padre,Flying Padre,1.0,1.0,1.0,1.0,485,5,0.000101
5ac11ee45542997d64295a7d,noise_gate,0.35,0.55,Flying Padre,Flying Padre,1.0,1.0,1.0,1.0,364,5,7.68e-05
5ac11ee45542997d64295a7d,noise_gate,0.5,0.55,Flying Padre,Flying Padre,1.0,1.0,1.0,1.0,281,5,6.0200000000000006e-05
5ac11ee45542997d64295a7d,noise_gate,0.2,0.5,Flying Padre,Flying Padre,1.0,1.0,1.0,1.0,936,5,0.0001912
5ac11ee45542997d64295a7d,noise_gate,0.25,0.5,Flying Padre,Flying Padre,1.0,1.0,1.0,1.0,610,5,0.000126
5ac11ee45542997d64295a7d,noise_gate,0.3,0.5,Flying Padre,Flying Padre,1.0,1.0,1.0,1.0,485,5,0.000101
5ac11ee45542997d64295a7d,noise_gate,0.35,0.5,Flying Padre,Flying Padre,1.0,1.0,1.0,1.0,364,5,7.68e-05
5ac11ee45542997d64295a7d,noise_gate,0.5,0.5,Flying Padre,Flying Padre,1.0,1.0,1.0,1.0,281,5,6.0200000000000006e-05
5ae520315542993aec5ec152,noise_gate,0.2,0.55,Taylor Swift,Taylor Swift,1.0,1.0,1.0,1.0,1213,5,0.00024660000000000003
5ae520315542993aec5ec152,noise_gate,0.25,0.55,Taylor Swift,Taylor Swift,1.0,1.0,1.0,1.0,510,5,0.000106
5ae520315542993aec5ec152,noise_gate,0.3,0.55,Taylor Swift,Taylor Swift,1.0,1.0,1.0,1.0,510,5,0.000106
5ae520315542993aec5ec152,noise_gate,0.35,0.55,Taylor Swift,Taylor Swift,1.0,1.0,1.0,1.0,510,5,0.000106
5ae520315542993aec5ec152,noise_gate,0.5,0.55,Taylor Swift,Taylor Swift,1.0,1.0,1.0,1.0,510,5,0.000106
5ae520315542993aec5ec152,noise_gate,0.2,0.5,Taylor Swift,Taylor Swift,1.0,1.0,1.0,1.0,1213,5,0.00024660000000000003
5ae520315542993aec5ec152,noise_gate,0.25,0.5,Taylor Swift,Taylor Swift,1.0,1.0,1.0,1.0,510,5,0.000106
5ae520315542993aec5ec152,noise_gate,0.3,0.5,Taylor Swift,Taylor Swift,1.0,1.0,1.0,1.0,510,5,0.000106
5ae520315542993aec5ec152,noise_gate,0.35,0.5,Taylor Swift,Taylor Swift,1.0,1.0,1.0,1.0,510,5,0.000106
5ae520315542993aec5ec152,noise_gate,0.5,0.5,Taylor Swift,Taylor Swift,1.0,1.0,1.0,1.0,510,5,0.000106
5a8f68795542992414482ab5,noise_gate,0.2,0.55,Do Kyung-soo,Do Kyung-soo,1.0,1.0,1.0,1.0,1259,8,0.0002582
5a8f68795542992414482ab5,noise_gate,0.25,0.55,Do Kyung-soo,Do Kyung-soo,1.0,1.0,1.0,1.0,1259,8,0.0002582
5a8f68795542992414482ab5,noise_gate,0.3,0.55,D.O.,Do Kyung-soo,0.0,0.6666666666666666,1.0,0.5,1259,6,0.0002566
5a8f68795542992414482ab5,noise_gate,0.35,0.55,Do Kyung-soo,Do Kyung-soo,1.0,1.0,1.0,1.0,1259,8,0.0002582
5a8f68795542992414482ab5,noise_gate,0.5,0.55,D.O.,Do Kyung-soo,0.0,0.6666666666666666,1.0,0.5,964,6,0.00019760000000000003
5a8f68795542992414482ab5,noise_gate,0.2,0.5,Do Kyung-soo,Do Kyung-soo,1.0,1.0,1.0,1.0,1259,8,0.0002582
5a8f68795542992414482ab5,noise_gate,0.25,0.5,Do Kyung-soo,Do Kyung-soo,1.0,1.0,1.0,1.0,1259,8,0.0002582
5a8f68795542992414482ab5,noise_gate,0.3,0.5,Do Kyung-soo,Do Kyung-soo,1.0,1.0,1.0,1.0,1259,8,0.0002582
5a8f68795542992414482ab5,noise_gate,0.35,0.5,Do Kyung-soo,Do Kyung-soo,1.0,1.0,1.0,1.0,1259,8,0.0002582
5a8f68795542992414482ab5,noise_gate,0.5,0.5,D.O.,Do Kyung-soo,0.0,0.6666666666666666,1.0,0.5,964,6,0.00019760000000000003
5ae37e525542992e3233c42d,noise_gate,0.2,0.55,24 January 76 – 10 July 138,24 January 76 – 10 July 138,1.0,1.0,1.0,1.0,1579,13,0.0003262
5ae37e525542992e3233c42d,noise_gate,0.25,0.55,24 January 76 – 10 July 138,24 January 76 – 10 July 138,1.0,1.0,1.0,1.0,1208,13,0.000252
5ae37e525542992e3233c42d,noise_gate,0.3,0.55,24 January 76 – 10 July 138,24 January 76 – 10 July 138,1.0,1.0,1.0,1.0,1208,13,0.000252
5ae37e525542992e3233c42d,noise_gate,0.35,0.55,24 January 76 – 10 July 138,24 January 76 – 10 July 138,1.0,1.0,1.0,1.0,1208,13,0.000252
5ae37e525542992e3233c42d,noise_gate,0.5,0.55,24 January 76 – 10 July 138,24 January 76 – 10 July 138,1.0,1.0,1.0,1.0,1112,13,0.00023280000000000002
5ae37e525542992e3233c42d,noise_gate,0.2,0.5,24 January 76 – 10 July 138,24 January 76 – 10 July 138,1.0,1.0,1.0,1.0,1579,13,0.0003262
5ae37e525542992e3233c42d,noise_gate,0.25,0.5,24 January 76 – 10 July 138,24 January 76 – 10 July 138,1.0,1.0,1.0,1.0,1208,13,0.000252
5ae37e525542992e3233c42d,noise_gate,0.3,0.5,76 – 138 AD,24 January 76 – 10 July 138,0.0,0.5454545454545454,0.75,0.42857142857142855,1208,8,0.000248
5ae37e525542992e3233c42d,noise_gate,0.35,0.5,24 January 76 – 10 July 138,24 January 76 – 10 July 138,1.0,1.0,1.0,1.0,1208,13,0.000252
5ae37e525542992e3233c42d,noise_gate,0.5,0.5,24 January 76 – 10 July 138,24 January 76 – 10 July 138,1.0,1.0,1.0,1.0,1112,13,0.00023280000000000002
5ab849d955429916710eb017,noise_gate,0.2,0.55,11 November 1918,11 November 1918,1.0,1.0,1.0,1.0,1284,8,0.0002632
5ab849d955429916710eb017,noise_gate,0.25,0.55,11 November 1918,11 November 1918,1.0,1.0,1.0,1.0,1012,8,0.0002088
5ab849d955429916710eb017,noise_gate,0.3,0.55,11 November 1918,11 November 1918,1.0,1.0,1.0,1.0,886,8,0.00018360000000000002
5ab849d955429916710eb017,noise_gate,0.35,0.55,11 November 1918,11 November 1918,1.0,1.0,1.0,1.0,577,8,0.0001218
5ab849d955429916710eb017,noise_gate,0.5,0.55,11 November 1918,11 November 1918,1.0,1.0,1.0,1.0,485,8,0.0001034
5ab849d955429916710eb017,noise_gate,0.2,0.5,11 November 1918,11 November 1918,1.0,1.0,1.0,1.0,1284,8,0.0002632
5ab849d955429916710eb017,noise_gate,0.25,0.5,11 November 1918,11 November 1918,1.0,1.0,1.0,1.0,1012,8,0.0002088
5ab849d955429916710eb017,noise_gate,0.3,0.5,11 November 1918,11 November 1918,1.0,1.0,1.0,1.0,886,8,0.00018360000000000002
5ab849d955429916710eb017,noise_gate,0.35,0.5,11 November 1918,11 November 1918,1.0,1.0,1.0,1.0,577,8,0.0001218
5ab849d955429916710eb017,noise_gate,0.5,0.5,11 November 1918,11 November 1918,1.0,1.0,1.0,1.0,485,8,0.0001034
5ade51515542992fa25da745,noise_gate,0.2,0.55,he flew solo to Scotland to negotiate peace with the United Kingdom,report Hess's illegal May 1941 flight to Scotland,0.0,0.2105263157894737,0.18181818181818182,0.25,1322,15,0.00027640000000000005
5ade51515542992fa25da745,noise_gate,0.25,0.55,flew solo to Scotland in an attempt to negotiate peace with the United Kingdom,report Hess's illegal May 1941 flight to Scotland,0.0,0.2,0.16666666666666666,0.25,1322,18,0.00027880000000000005
5ade51515542992fa25da745,noise_gate,0.3,0.55,he flew solo to Scotland to negotiate peace with the United Kingdom,report Hess's illegal May 1941 flight to Scotland,0.0,0.2105263157894737,0.18181818181818182,0.25,1192,15,0.0002504
5ade51515542992fa25da745,noise_gate,0.35,0.55,after flying solo to Scotland to negotiate peace with the United Kingdom,report Hess's illegal May 1941 flight to Scotland,0.0,0.2105263157894737,0.18181818181818182,0.25,770,15,0.000166
5ade51515542992fa25da745,noise_gate,0.5,0.55,he flew solo to Scotland in an attempt to negotiate peace with the United Kingdom,report Hess's illegal May 1941 flight to Scotland,0.0,0.1904761904761905,0.15384615384615385,0.25,558,18,0.000126
5ade51515542992fa25da745,noise_gate,0.2,0.5,he flew solo to Scotland in an attempt to negotiate peace with the United Kingdom,report Hess's illegal May 1941 flight to Scotland,0.0,0.1904761904761905,0.15384615384615385,0.25,1322,18,0.00027880000000000005
5ade51515542992fa25da745,noise_gate,0.25,0.5,flew solo to Scotland in an attempt to negotiate peace with the United Kingdom,report Hess's illegal May 1941 flight to Scotland,0.0,0.2,0.16666666666666666,0.25,1322,18,0.00027880000000000005
5ade51515542992fa25da745,noise_gate,0.3,0.5,flew solo to Scotland to negotiate peace with the United Kingdom,report Hess's illegal May 1941 flight to Scotland,0.0,0.22222222222222224,0.2,0.25,1192,15,0.0002504
5ade51515542992fa25da745,noise_gate,0.35,0.5,he flew solo to Scotland to negotiate peace with the United Kingdom,report Hess's illegal May 1941 flight to Scotland,0.0,0.2105263157894737,0.18181818181818182,0.25,770,15,0.000166
5ade51515542992fa25da745,noise_gate,0.5,0.5,he flew solo to Scotland in an attempt to negotiate peace with the United Kingdom,report Hess's illegal May 1941 flight to Scotland,0.0,0.1904761904761905,0.15384615384615385,0.25,558,18,0.000126
5ade02d05542997545bbbe0d,noise_gate,0.2,0.55,United States Army,U.S. Army,0.0,0.4,0.3333333333333333,0.5,1326,6,0.00027
5ade02d05542997545bbbe0d,noise_gate,0.25,0.55,U.S. Army Brigadier General,U.S. Army,0.0,0.6666666666666666,0.5,1.0,423,10,9.260000000000001e-05
5ade02d05542997545bbbe0d,noise_gate,0.3,0.55,U.S. Army Brigadier General,U.S. Army,0.0,0.6666666666666666,0.5,1.0,423,10,9.260000000000001e-05
5ade02d05542997545bbbe0d,noise_gate,0.35,0.55,Republican Joe Heck,U.S. Army,0.0,0.0,0.0,0.0,278,7,6.12e-05
5ade02d05542997545bbbe0d,noise_gate,0.5,0.55,Army,U.S. Army,0.0,0.6666666666666666,1.0,0.5,180,4,3.9200000000000004e-05
5ade02d05542997545bbbe0d,noise_gate,0.2,0.5,United States Air Force,U.S. Army,0.0,0.0,0.0,0.0,1326,7,0.00027079999999999997
5ade02d05542997545bbbe0d,noise_gate,0.25,0.5,U.S. Army Brigadier General,U.S. Army,0.0,0.6666666666666666,0.5,1.0,423,10,9.260000000000001e-05
5ade02d05542997545bbbe0d,noise_gate,0.3,0.5,U.S. Army Brigadier General,U.S. Army,0.0,0.6666666666666666,0.5,1.0,423,10,9.260000000000001e-05
5ade02d05542997545bbbe0d,noise_gate,0.35,0.5,United States Army,U.S. Army,0.0,0.4,0.3333333333333333,0.5,278,6,6.0400000000000004e-05
5ade02d05542997545bbbe0d,noise_gate,0.5,0.5,United States Army,U.S. Army,0.0,0.4,0.3333333333333333,0.5,180,6,4.08e-05
5ac41850554299194317390b,noise_gate,0.2,0.55,Dissection,Dissection,1.0,1.0,1.0,1.0,1325,5,0.000269
5ac41850554299194317390b,noise_gate,0.25,0.55,Dissection,Dissection,1.0,1.0,1.0,1.0,1097,5,0.00022339999999999998
5ac41850554299194317390b,noise_gate,0.3,0.55,Dissection,Dissection,1.0,1.0,1.0,1.0,720,5,0.000148
5ac41850554299194317390b,noise_gate,0.35,0.55,Dissection,Dissection,1.0,1.0,1.0,1.0,505,5,0.000105
5ac41850554299194317390b,noise_gate,0.5,0.55,Dissection,Dissection,1.0,1.0,1.0,1.0,268,5,5.7600000000000004e-05
5ac41850554299194317390b,noise_gate,0.2,0.5,Dissection,Dissection,1.0,1.0,1.0,1.0,1325,5,0.000269
5ac41850554299194317390b,noise_gate,0.25,0.5,Dissection,Dissection,1.0,1.0,1.0,1.0,1097,5,0.00022339999999999998
5ac41850554299194317390b,noise_gate,0.3,0.5,Dissection,Dissection,1.0,1.0,1.0,1.0,720,5,0.000148
5ac41850554299194317390b,noise_gate,0.35,0.5,Dissection,Dissection,1.0,1.0,1.0,1.0,505,5,0.000105
5ac41850554299194317390b,noise_gate,0.5,0.5,Dissection,Dissection,1.0,1.0,1.0,1.0,268,5,5.7600000000000004e-05
5a727e1b5542991f9a20c497,noise_gate,0.2,0.55,Shake It Off,Shake It Off,1.0,1.0,1.0,1.0,1802,6,0.00036520000000000004
5a727e1b5542991f9a20c497,noise_gate,0.25,0.55,Shake It Off,Shake It Off,1.0,1.0,1.0,1.0,1802,6,0.00036520000000000004
5a727e1b5542991f9a20c497,noise_gate,0.3,0.55,Shake It Off,Shake It Off,1.0,1.0,1.0,1.0,1802,6,0.00036520000000000004
5a727e1b5542991f9a20c497,noise_gate,0.35,0.55,Shake It Off,Shake It Off,1.0,1.0,1.0,1.0,1802,6,0.00036520000000000004
5a727e1b5542991f9a20c497,noise_gate,0.5,0.55,Shake It Off,Shake It Off,1.0,1.0,1.0,1.0,705,6,0.00014580000000000002
5a727e1b5542991f9a20c497,noise_gate,0.2,0.5,Shake It Off,Shake It Off,1.0,1.0,1.0,1.0,1802,6,0.00036520000000000004
5a727e1b5542991f9a20c497,noise_gate,0.25,0.5,Shake It Off,Shake It Off,1.0,1.0,1.0,1.0,1802,6,0.00036520000000000004
5a727e1b5542991f9a20c497,noise_gate,0.3,0.5,Shake It Off,Shake It Off,1.0,1.0,1.0,1.0,1802,6,0.00036520000000000004
5a727e1b5542991f9a20c497,noise_gate,0.35,0.5,Shake It Off,Shake It Off,1.0,1.0,1.0,1.0,1802,6,0.00036520000000000004
5a727e1b5542991f9a20c497,noise_gate,0.5,0.5,Shake It Off,Shake It Off,1.0,1.0,1.0,1.0,705,6,0.00014580000000000002
5a8d9de2554299068b959d62,noise_gate,0.2,0.55,mathematician,mathematician,1.0,1.0,1.0,1.0,587,7,0.000123
5a8d9de2554299068b959d62,noise_gate,0.25,0.55,mathematician,mathematician,1.0,1.0,1.0,1.0,587,7,0.000123
5a8d9de2554299068b959d62,noise_gate,0.3,0.55,mathematician,mathematician,1.0,1.0,1.0,1.0,351,7,7.58e-05
5a8d9de2554299068b959d62,noise_gate,0.35,0.55,mathematician,mathematician,1.0,1.0,1.0,1.0,351,7,7.58e-05
5a8d9de2554299068b959d62,noise_gate,0.5,0.55,mathematician,mathematician,1.0,1.0,1.0,1.0,195,7,4.46e-05
5a8d9de2554299068b959d62,noise_gate,0.2,0.5,mathematician,mathematician,1.0,1.0,1.0,1.0,587,7,0.000123
5a8d9de2554299068b959d62,noise_gate,0.25,0.5,mathematician,mathematician,1.0,1.0,1.0,1.0,587,7,0.000123
5a8d9de2554299068b959d62,noise_gate,0.3,0.5,mathematician,mathematician,1.0,1.0,1.0,1.0,351,7,7.58e-05
5a8d9de2554299068b959d62,noise_gate,0.35,0.5,mathematician,mathematician,1.0,1.0,1.0,1.0,351,7,7.58e-05
5a8d9de2554299068b959d62,noise_gate,0.5,0.5,mathematician,mathematician,1.0,1.0,1.0,1.0,195,7,4.46e-05
5a827ce155429940e5e1a8d7,noise_gate,0.2,0.55,Billie Jean King,Billie Jean King,1.0,1.0,1.0,1.0,1491,7,0.0003038
5a827ce155429940e5e1a8d7,noise_gate,0.25,0.55,Billie Jean King,Billie Jean King,1.0,1.0,1.0,1.0,1491,7,0.0003038
5a827ce155429940e5e1a8d7,noise_gate,0.3,0.55,Billie Jean King,Billie Jean King,1.0,1.0,1.0,1.0,1491,7,0.0003038
5a827ce155429940e5e1a8d7,noise_gate,0.35,0.55,Billie Jean King,Billie Jean King,1.0,1.0,1.0,1.0,1348,7,0.0002752000000000001
5a827ce155429940e5e1a8d7,noise_gate,0.5,0.55,Billie Jean King,Billie Jean King,1.0,1.0,1.0,1.0,432,7,9.2e-05
5a827ce155429940e5e1a8d7,noise_gate,0.2,0.5,Billie Jean King,Billie Jean King,1.0,1.0,1.0,1.0,1491,7,0.0003038
5a827ce155429940e5e1a8d7,noise_gate,0.25,0.5,Billie Jean King,Billie Jean King,1.0,1.0,1.0,1.0,1491,7,0.0003038
5a827ce155429940e5e1a8d7,noise_gate,0.3,0.5,Billie Jean King,Billie Jean King,1.0,1.0,1.0,1.0,1491,7,0.0003038
5a827ce155429940e5e1a8d7,noise_gate,0.35,0.5,Billie Jean King,Billie Jean King,1.0,1.0,1.0,1.0,1348,7,0.0002752000000000001
5a827ce155429940e5e1a8d7,noise_gate,0.5,0.5,Billie Jean King,Billie Jean King,1.0,1.0,1.0,1.0,432,7,9.2e-05
5ae5415055429908b63265b7,noise_gate,0.2,0.55,Downtown section,Downtown,0.0,0.6666666666666666,0.5,1.0,1387,6,0.00028220000000000003
5ae5415055429908b63265b7,noise_gate,0.25,0.55,Downtown section,Downtown,0.0,0.6666666666666666,0.5,1.0,1387,6,0.00028220000000000003
5ae5415055429908b63265b7,noise_gate,0.3,0.55,Downtown section,Downtown,0.0,0.6666666666666666,0.5,1.0,1387,6,0.00028220000000000003
5ae5415055429908b63265b7,noise_gate,0.35,0.55,Downtown section,Downtown,0.0,0.6666666666666666,0.5,1.0,1255,6,0.0002558
5ae5415055429908b63265b7,noise_gate,0.5,0.55,Downtown section,Downtown,0.0,0.6666666666666666,0.5,1.0,346,6,7.4e-05
5ae5415055429908b63265b7,noise_gate,0.2,0.5,Downtown section,Downtown,0.0,0.6666666666666666,0.5,1.0,1387,6,0.00028220000000000003
5ae5415055429908b63265b7,noise_gate,0.25,0.5,Downtown section,Downtown,0.0,0.6666666666666666,0.5,1.0,1387,6,0.00028220000000000003
5ae5415055429908b63265b7,noise_gate,0.3,0.5,Downtown section,Downtown,0.0,0.6666666666666666,0.5,1.0,1387,6,0.00028220000000000003
5ae5415055429908b63265b7,noise_gate,0.35,0.5,Downtown section,Downtown,0.0,0.6666666666666666,0.5,1.0,1255,6,0.0002558
5ae5415055429908b63265b7,noise_gate,0.5,0.5,Downtown,Downtown,1.0,1.0,1.0,1.0,346,5,7.32e-05
5ab5ec0a5542997d4ad1f250,noise_gate,0.2,0.55,650 locations,650 locations,1.0,1.0,1.0,1.0,747,5,0.0001534
5ab5ec0a5542997d4ad1f250,noise_gate,0.25,0.55,650 locations,650 locations,1.0,1.0,1.0,1.0,747,5,0.0001534
5ab5ec0a5542997d4ad1f250,noise_gate,0.3,0.55,650 locations,650 locations,1.0,1.0,1.0,1.0,632,5,0.0001304
5ab5ec0a5542997d4ad1f250,noise_gate,0.35,0.55,650 locations,650 locations,1.0,1.0,1.0,1.0,497,5,0.0001034
5ab5ec0a5542997d4ad1f250,noise_gate,0.5,0.55,177,650 locations,0.0,0.0,0.0,0.0,167,4,3.66e-05
5ab5ec0a5542997d4ad1f250,noise_gate,0.2,0.5,650,650 locations,0.0,0.6666666666666666,1.0,0.5,747,4,0.0001526
5ab5ec0a5542997d4ad1f250,noise_gate,0.25,0.5,650,650 locations,0.0,0.6666666666666666,1.0,0.5,747,4,0.0001526
5ab5ec0a5542997d4ad1f250,noise_gate,0.3,0.5,650 locations,650 locations,1.0,1.0,1.0,1.0,632,5,0.0001304
5ab5ec0a5542997d4ad1f250,noise_gate,0.35,0.5,650 locations,650 locations,1.0,1.0,1.0,1.0,497,5,0.0001034
5ab5ec0a5542997d4ad1f250,noise_gate,0.5,0.5,153,650 locations,0.0,0.0,0.0,0.0,167,4,3.66e-05
5ae20427554299234fd04397,noise_gate,0.2,0.55,Suffolk County,Suffolk,0.0,0.6666666666666666,0.5,1.0,1554,7,0.0003164
5ae20427554299234fd04397,noise_gate,0.25,0.55,Suffolk County,Suffolk,0.0,0.6666666666666666,0.5,1.0,1554,7,0.0003164
5ae20427554299234fd04397,noise_gate,0.3,0.55,Suffolk County,Suffolk,0.0,0.6666666666666666,0.5,1.0,1344,7,0.00027440000000000006
5ae20427554299234fd04397,noise_gate,0.35,0.55,Suffolk County,Suffolk,0.0,0.6666666666666666,0.5,1.0,717,7,0.00014900000000000002
5ae20427554299234fd04397,noise_gate,0.5,0.55,Suffolk County,Suffolk,0.0,0.6666666666666666,0.5,1.0,241,7,5.380000000000001e-05
5ae20427554299234fd04397,noise_gate,0.2,0.5,Suffolk County,Suffolk,0.0,0.6666666666666666,0.5,1.0,1554,7,0.0003164
5ae20427554299234fd04397,noise_gate,0.25,0.5,Suffolk County,Suffolk,0.0,0.6666666666666666,0.5,1.0,1554,7,0.0003164
5ae20427554299234fd04397,noise_gate,0.3,0.5,Suffolk County,Suffolk,0.0,0.6666666666666666,0.5,1.0,1344,7,0.00027440000000000006
5ae20427554299234fd04397,noise_gate,0.35,0.5,Suffolk County,Suffolk,0.0,0.6666666666666666,0.5,1.0,717,7,0.00014900000000000002
5ae20427554299234fd04397,noise_gate,0.5,0.5,Suffolk County,Suffolk,0.0,0.6666666666666666,0.5,1.0,241,7,5.380000000000001e-05
5adcd7325542994d58a2f6f6,noise_gate,0.2,0.55,2013,2013,1.0,1.0,1.0,1.0,369,5,7.78e-05
5adcd7325542994d58a2f6f6,noise_gate,0.25,0.55,2013,2013,1.0,1.0,1.0,1.0,302,5,6.440000000000001e-05
5adcd7325542994d58a2f6f6,noise_gate,0.3,0.55,2013,2013,1.0,1.0,1.0,1.0,302,5,6.440000000000001e-05
5adcd7325542994d58a2f6f6,noise_gate,0.35,0.55,2013,2013,1.0,1.0,1.0,1.0,251,11,5.9e-05
5adcd7325542994d58a2f6f6,noise_gate,0.5,0.55,2013,2013,1.0,1.0,1.0,1.0,251,11,5.9e-05
5adcd7325542994d58a2f6f6,noise_gate,0.2,0.5,2013,2013,1.0,1.0,1.0,1.0,369,5,7.78e-05
5adcd7325542994d58a2f6f6,noise_gate,0.25,0.5,2013,2013,1.0,1.0,1.0,1.0,302,5,6.440000000000001e-05
5adcd7325542994d58a2f6f6,noise_gate,0.3,0.5,2013,2013,1.0,1.0,1.0,1.0,302,5,6.440000000000001e-05
5adcd7325542994d58a2f6f6,noise_gate,0.35,0.5,2023,2013,0.0,0.0,0.0,0.0,251,5,5.42e-05
5adcd7325542994d58a2f6f6,noise_gate,0.5,0.5,2012,2013,0.0,0.0,0.0,0.0,251,11,5.9e-05
5abace6b5542996cc5e49e99,noise_gate,0.2,0.55,Che Guevara,Che Guevara,1.0,1.0,1.0,1.0,1611,6,0.00032700000000000003
5abace6b5542996cc5e49e99,noise_gate,0.25,0.55,Che Guevara,Che Guevara,1.0,1.0,1.0,1.0,1611,6,0.00032700000000000003
5abace6b5542996cc5e49e99,noise_gate,0.3,0.55,Che Guevara,Che Guevara,1.0,1.0,1.0,1.0,1611,6,0.00032700000000000003
5abace6b5542996cc5e49e99,noise_gate,0.35,0.55,Che Guevara,Che Guevara,1.0,1.0,1.0,1.0,1340,6,0.0002728
5abace6b5542996cc5e49e99,noise_gate,0.5,0.55,Che Guevara,Che Guevara,1.0,1.0,1.0,1.0,248,6,5.44e-05
5abace6b5542996cc5e49e99,noise_gate,0.2,0.5,Che Guevara,Che Guevara,1.0,1.0,1.0,1.0,1611,6,0.00032700000000000003
5abace6b5542996cc5e49e99,noise_gate,0.25,0.5,Che Guevara,Che Guevara,1.0,1.0,1.0,1.0,1611,6,0.00032700000000000003
5abace6b5542996cc5e49e99,noise_gate,0.3,0.5,Che Guevara,Che Guevara,1.0,1.0,1.0,1.0,1611,6,0.00032700000000000003
5abace6b5542996cc5e49e99,noise_gate,0.35,0.5,Che Guevara,Che Guevara,1.0,1.0,1.0,1.0,1340,6,0.0002728
5abace6b5542996cc5e49e99,noise_gate,0.5,0.5,Che Guevara,Che Guevara,1.0,1.0,1.0,1.0,248,6,5.44e-05
5ab64cfa55429953192ad2b7,noise_gate,0.2,0.55,N. Scott Momaday,N. Scott Momaday,1.0,1.0,1.0,1.0,1125,8,0.0002314
5ab64cfa55429953192ad2b7,noise_gate,0.25,0.55,N. Scott Momaday,N. Scott Momaday,1.0,1.0,1.0,1.0,1025,8,0.0002114
5ab64cfa55429953192ad2b7,noise_gate,0.3,0.55,N. Scott Momaday,N. Scott Momaday,1.0,1.0,1.0,1.0,924,8,0.0001912
5ab64cfa55429953192ad2b7,noise_gate,0.35,0.55,N. Scott Momaday,N. Scott Momaday,1.0,1.0,1.0,1.0,792,8,0.0001648
5ab64cfa55429953192ad2b7,noise_gate,0.5,0.55,N. Scott Momaday,N. Scott Momaday,1.0,1.0,1.0,1.0,304,8,6.720000000000001e-05
5ab64cfa55429953192ad2b7,noise_gate,0.2,0.5,N. Scott Momaday,N. Scott Momaday,1.0,1.0,1.0,1.0,1125,14,0.0002362
5ab64cfa55429953192ad2b7,noise_gate,0.25,0.5,N. Scott Momaday,N. Scott Momaday,1.0,1.0,1.0,1.0,1025,8,0.0002114
5ab64cfa55429953192ad2b7,noise_gate,0.3,0.5,N. Scott Momaday,N. Scott Momaday,1.0,1.0,1.0,1.0,924,8,0.0001912
5ab64cfa55429953192ad2b7,noise_gate,0.35,0.5,N. Scott Momaday,N. Scott Momaday,1.0,1.0,1.0,1.0,792,8,0.0001648
5ab64cfa55429953192ad2b7,noise_gate,0.5,0.5,N. Scott Momaday,N. Scott Momaday,1.0,1.0,1.0,1.0,304,8,6.720000000000001e-05
5ae4bb1255429913cc2044e7,noise_gate,0.2,0.55,yes,yes,1.0,1.0,1.0,1.0,724,4,0.00014800000000000002
5ae4bb1255429913cc2044e7,noise_gate,0.25,0.55,yes,yes,1.0,1.0,1.0,1.0,645,4,0.0001322
5ae4bb1255429913cc2044e7,noise_gate,0.3,0.55,yes,yes,1.0,1.0,1.0,1.0,645,4,0.0001322
5ae4bb1255429913cc2044e7,noise_gate,0.35,0.55,yes,yes,1.0,1.0,1.0,1.0,372,4,7.76e-05
5ae4bb1255429913cc2044e7,noise_gate,0.5,0.55,yes,yes,1.0,1.0,1.0,1.0,305,4,6.42e-05
5ae4bb1255429913cc2044e7,noise_gate,0.2,0.5,yes,yes,1.0,1.0,1.0,1.0,724,4,0.00014800000000000002
5ae4bb1255429913cc2044e7,noise_gate,0.25,0.5,yes,yes,1.0,1.0,1.0,1.0,645,4,0.0001322
5ae4bb1255429913cc2044e7,noise_gate,0.3,0.5,yes,yes,1.0,1.0,1.0,1.0,645,4,0.0001322
5ae4bb1255429913cc2044e7,noise_gate,0.35,0.5,yes,yes,1.0,1.0,1.0,1.0,372,4,7.76e-05
5ae4bb1255429913cc2044e7,noise_gate,0.5,0.5,yes,yes,1.0,1.0,1.0,1.0,305,4,6.42e-05
5abe2b0155429976d4830a83,noise_gate,0.2,0.55,26–30 August 1914,26–30 August 1914,1.0,1.0,1.0,1.0,1692,10,0.0003464
5abe2b0155429976d4830a83,noise_gate,0.25,0.55,1914,26–30 August 1914,0.0,0.5,1.0,0.3333333333333333,1692,5,0.00034240000000000003
5abe2b0155429976d4830a83,noise_gate,0.3,0.55,26–30 August 1914,26–30 August 1914,1.0,1.0,1.0,1.0,1483,10,0.0003046
5abe2b0155429976d4830a83,noise_gate,0.35,0.55,1914,26–30 August 1914,0.0,0.5,1.0,0.3333333333333333,1343,5,0.0002726
5abe2b0155429976d4830a83,noise_gate,0.5,0.55,26–30 August 1914,26–30 August 1914,1.0,1.0,1.0,1.0,686,10,0.00014520000000000003
5abe2b0155429976d4830a83,noise_gate,0.2,0.5,26–30 August 1914,26–30 August 1914,1.0,1.0,1.0,1.0,1692,10,0.0003464
5abe2b0155429976d4830a83,noise_gate,0.25,0.5,26–30 August 1914,26–30 August 1914,1.0,1.0,1.0,1.0,1692,10,0.0003464
5abe2b0155429976d4830a83,noise_gate,0.3,0.5,26–30 August 1914,26–30 August 1914,1.0,1.0,1.0,1.0,1483,10,0.0003046
5abe2b0155429976d4830a83,noise_gate,0.35,0.5,26–30 August 1914,26–30 August 1914,1.0,1.0,1.0,1.0,1343,10,0.0002766
5abe2b0155429976d4830a83,noise_gate,0.5,0.5,1914,26–30 August 1914,0.0,0.5,1.0,0.3333333333333333,686,5,0.00014120000000000002
5ae0d52e554299603e418469,noise_gate,0.2,0.55,Douglas Jackson,Douglas Jackson,1.0,1.0,1.0,1.0,1987,5,0.0004014
5ae0d52e554299603e418469,noise_gate,0.25,0.55,Douglas Jackson,Douglas Jackson,1.0,1.0,1.0,1.0,1987,5,0.0004014
5ae0d52e554299603e418469,noise_gate,0.3,0.55,Douglas Jackson,Douglas Jackson,1.0,1.0,1.0,1.0,1987,5,0.0004014
5ae0d52e554299603e418469,noise_gate,0.35,0.55,Barbara Niven,Douglas Jackson,0.0,0.0,0.0,0.0,1443,6,0.00029340000000000003
5ae0d52e554299603e418469,noise_gate,0.5,0.55,Nicole Conn,Douglas Jackson,0.0,0.0,0.0,0.0,105,11,2.98e-05
5ae0d52e554299603e418469,noise_gate,0.2,0.5,Douglas Jackson,Douglas Jackson,1.0,1.0,1.0,1.0,1987,5,0.0004014
5ae0d52e554299603e418469,noise_gate,0.25,0.5,Douglas Jackson,Douglas Jackson,1.0,1.0,1.0,1.0,1987,5,0.0004014
5ae0d52e554299603e418469,noise_gate,0.3,0.5,Douglas Jackson,Douglas Jackson,1.0,1.0,1.0,1.0,1987,5,0.0004014
5ae0d52e554299603e418469,noise_gate,0.35,0.5,Stephen Reynolds,Douglas Jackson,0.0,0.0,0.0,0.0,1443,5,0.0002926
5ae0d52e554299603e418469,noise_gate,0.5,0.5,Nicolas Lévesque,Douglas Jackson,0.0,0.0,0.0,0.0,105,14,3.22e-05
5abc9fb055429959677d6ac9,noise_gate,0.2,0.55,Danish,Danish,1.0,1.0,1.0,1.0,1012,5,0.0002064
5abc9fb055429959677d6ac9,noise_gate,0.25,0.55,Danish,Danish,1.0,1.0,1.0,1.0,1012,5,0.0002064
5abc9fb055429959677d6ac9,noise_gate,0.3,0.55,Danish,Danish,1.0,1.0,1.0,1.0,1012,5,0.0002064
5abc9fb055429959677d6ac9,noise_gate,0.35,0.55,English,Danish,0.0,0.0,0.0,0.0,976,4,0.00019840000000000002
5abc9fb055429959677d6ac9,noise_gate,0.5,0.55,British,Danish,0.0,0.0,0.0,0.0,547,4,0.0001126
5abc9fb055429959677d6ac9,noise_gate,0.2,0.5,Danish,Danish,1.0,1.0,1.0,1.0,1012,5,0.0002064
5abc9fb055429959677d6ac9,noise_gate,0.25,0.5,Danish,Danish,1.0,1.0,1.0,1.0,1012,5,0.0002064
5abc9fb055429959677d6ac9,noise_gate,0.3,0.5,Danish,Danish,1.0,1.0,1.0,1.0,1012,5,0.0002064
5abc9fb055429959677d6ac9,noise_gate,0.35,0.5,English,Danish,0.0,0.0,0.0,0.0,976,4,0.00019840000000000002
5abc9fb055429959677d6ac9,noise_gate,0.5,0.5,English,Danish,0.0,0.0,0.0,0.0,547,4,0.0001126
5ac083b0554299294b21900d,noise_gate,0.2,0.55,cocktail,cocktail,1.0,1.0,1.0,1.0,773,5,0.0001586
5ac083b0554299294b21900d,noise_gate,0.25,0.55,cocktail,cocktail,1.0,1.0,1.0,1.0,773,5,0.0001586
5ac083b0554299294b21900d,noise_gate,0.3,0.55,cocktail,cocktail,1.0,1.0,1.0,1.0,605,5,0.000125
5ac083b0554299294b21900d,noise_gate,0.35,0.55,cocktail,cocktail,1.0,1.0,1.0,1.0,444,5,9.280000000000002e-05
5ac083b0554299294b21900d,noise_gate,0.5,0.55,cocktail,cocktail,1.0,1.0,1.0,1.0,188,5,4.16e-05
5ac083b0554299294b21900d,noise_gate,0.2,0.5,cocktail,cocktail,1.0,1.0,1.0,1.0,773,5,0.0001586
5ac083b0554299294b21900d,noise_gate,0.25,0.5,cocktail,cocktail,1.0,1.0,1.0,1.0,773,5,0.0001586
5ac083b0554299294b21900d,noise_gate,0.3,0.5,cocktail,cocktail,1.0,1.0,1.0,1.0,605,5,0.000125
5ac083b0554299294b21900d,noise_gate,0.35,0.5,cocktail,cocktail,1.0,1.0,1.0,1.0,444,5,9.280000000000002e-05
5ac083b0554299294b21900d,noise_gate,0.5,0.5,cocktail,cocktail,1.0,1.0,1.0,1.0,188,5,4.16e-05
5a8b3e985542995d1e6f131c,noise_gate,0.2,0.55,"Sandy Springs, Georgia","It is based in Sandy Springs, Georgia",0.0,0.6,1.0,0.42857142857142855,1406,8,0.0002876
5a8b3e985542995d1e6f131c,noise_gate,0.25,0.55,"Sandy Springs, Georgia","It is based in Sandy Springs, Georgia",0.0,0.6,1.0,0.42857142857142855,1406,8,0.0002876
5a8b3e985542995d1e6f131c,noise_gate,0.3,0.55,"Sandy Springs, Georgia","It is based in Sandy Springs, Georgia",0.0,0.6,1.0,0.42857142857142855,706,8,0.0001476
5a8b3e985542995d1e6f131c,noise_gate,0.35,0.55,"Sandy Springs, Georgia","It is based in Sandy Springs, Georgia",0.0,0.6,1.0,0.42857142857142855,472,8,0.00010080000000000001
5a8b3e985542995d1e6f131c,noise_gate,0.5,0.55,"Sandy Springs, Georgia","It is based in Sandy Springs, Georgia",0.0,0.6,1.0,0.42857142857142855,344,8,7.52e-05
5a8b3e985542995d1e6f131c,noise_gate,0.2,0.5,"Sandy Springs, Georgia","It is based in Sandy Springs, Georgia",0.0,0.6,1.0,0.42857142857142855,1406,8,0.0002876
5a8b3e985542995d1e6f131c,noise_gate,0.25,0.5,"Sandy Springs, Georgia","It is based in Sandy Springs, Georgia",0.0,0.6,1.0,0.42857142857142855,1406,8,0.0002876
5a8b3e985542995d1e6f131c,noise_gate,0.3,0.5,"Sandy Springs, Georgia","It is based in Sandy Springs, Georgia",0.0,0.6,1.0,0.42857142857142855,706,8,0.0001476
5a8b3e985542995d1e6f131c,noise_gate,0.35,0.5,"Sandy Springs, Georgia","It is based in Sandy Springs, Georgia",0.0,0.6,1.0,0.42857142857142855,472,8,0.00010080000000000001
5a8b3e985542995d1e6f131c,noise_gate,0.5,0.5,"Sandy Springs, Georgia","It is based in Sandy Springs, Georgia",0.0,0.6,1.0,0.42857142857142855,344,8,7.52e-05
5a75f0ea5542994ccc91866c,noise_gate,0.2,0.55,A5117 road,The A41,0.0,0.0,0.0,0.0,1237,7,0.00025299999999999997
5a75f0ea5542994ccc91866c,noise_gate,0.25,0.55,A41 road,The A41,0.0,0.6666666666666666,0.5,1.0,1237,6,0.0002522
5a75f0ea5542994ccc91866c,noise_gate,0.3,0.55,A5117 road,The A41,0.0,0.0,0.0,0.0,1009,7,0.0002074
5a75f0ea5542994ccc91866c,noise_gate,0.35,0.55,A5117 road,The A41,0.0,0.0,0.0,0.0,831,7,0.00017180000000000003
5a75f0ea5542994ccc91866c,noise_gate,0.5,0.55,A41/A5117 junction,The A41,0.0,0.0,0.0,0.0,261,9,5.94e-05
5a75f0ea5542994ccc91866c,noise_gate,0.2,0.5,A5117 road,The A41,0.0,0.0,0.0,0.0,1237,7,0.00025299999999999997
5a75f0ea5542994ccc91866c,noise_gate,0.25,0.5,A5117 road,The A41,0.0,0.0,0.0,0.0,1237,7,0.00025299999999999997
5a75f0ea5542994ccc91866c,noise_gate,0.3,0.5,A5117 road,The A41,0.0,0.0,0.0,0.0,1009,7,0.0002074
5a75f0ea5542994ccc91866c,noise_gate,0.35,0.5,A5117 road,The A41,0.0,0.0,0.0,0.0,831,7,0.00017180000000000003
5a75f0ea5542994ccc91866c,noise_gate,0.5,0.5,A41/A5117 junction,The A41,0.0,0.0,0.0,0.0,261,9,5.94e-05
5a7c6b6655429935c91b519a,noise_gate,0.2,0.55,town meeting,town meeting legislative body,0.0,0.6666666666666666,1.0,0.5,1285,5,0.000261
5a7c6b6655429935c91b519a,noise_gate,0.25,0.55,town meeting,town meeting legislative body,0.0,0.6666666666666666,1.0,0.5,1285,5,0.000261
5a7c6b6655429935c91b519a,noise_gate,0.3,0.55,town meeting,town meeting legislative body,0.0,0.6666666666666666,1.0,0.5,1285,5,0.000261
5a7c6b6655429935c91b519a,noise_gate,0.35,0.55,town meeting,town meeting legislative body,0.0,0.6666666666666666,1.0,0.5,1183,5,0.00024060000000000002
5a7c6b6655429935c91b519a,noise_gate,0.5,0.55,town government,town meeting legislative body,0.0,0.3333333333333333,0.5,0.25,524,5,0.00010880000000000002
5a7c6b6655429935c91b519a,noise_gate,0.2,0.5,town meeting legislative body,town meeting legislative body,1.0,1.0,1.0,1.0,1285,7,0.0002626
5a7c6b6655429935c91b519a,noise_gate,0.25,0.5,town meeting,town meeting legislative body,0.0,0.6666666666666666,1.0,0.5,1285,5,0.000261
5a7c6b6655429935c91b519a,noise_gate,0.3,0.5,town meeting,town meeting legislative body,0.0,0.6666666666666666,1.0,0.5,1285,5,0.000261
5a7c6b6655429935c91b519a,noise_gate,0.35,0.5,town meeting legislative body,town meeting legislative body,1.0,1.0,1.0,1.0,1183,7,0.00024220000000000003
5a7c6b6655429935c91b519a,noise_gate,0.5,0.5,town meeting,town meeting legislative body,0.0,0.6666666666666666,1.0,0.5,524,5,0.00010880000000000002
5ab295eb554299194fa93412,noise_gate,0.2,0.55,yes,no,0.0,0.0,0.0,0.0,1473,4,0.00029780000000000003
5ab295eb554299194fa93412,noise_gate,0.25,0.55,yes,no,0.0,0.0,0.0,0.0,1136,4,0.00023040000000000002
5ab295eb554299194fa93412,noise_gate,0.3,0.55,yes,no,0.0,0.0,0.0,0.0,1136,4,0.00023040000000000002
5ab295eb554299194fa93412,noise_gate,0.35,0.55,yes,no,0.0,0.0,0.0,0.0,754,4,0.000154
5ab295eb554299194fa93412,noise_gate,0.5,0.55,no,no,1.0,1.0,1.0,1.0,315,4,6.62e-05
5ab295eb554299194fa93412,noise_gate,0.2,0.5,yes,no,0.0,0.0,0.0,0.0,1473,4,0.00029780000000000003
5ab295eb554299194fa93412,noise_gate,0.25,0.5,yes,no,0.0,0.0,0.0,0.0,1136,4,0.00023040000000000002
5ab295eb554299194fa93412,noise_gate,0.3,0.5,yes,no,0.0,0.0,0.0,0.0,1136,4,0.00023040000000000002
5ab295eb554299194fa93412,noise_gate,0.35,0.5,yes,no,0.0,0.0,0.0,0.0,754,4,0.000154
5ab295eb554299194fa93412,noise_gate,0.5,0.5,no,no,1.0,1.0,1.0,1.0,315,4,6.62e-05
5a7137dc5542994082a3e68a,noise_gate,0.2,0.55,NBA Rookie of the Year Award,The National Basketball Association's Rookie of the Year,0.0,0.5454545454545454,0.6,0.5,888,9,0.00018480000000000005
5a7137dc5542994082a3e68a,noise_gate,0.25,0.55,NBA Rookie of the Year Award,The National Basketball Association's Rookie of the Year,0.0,0.5454545454545454,0.6,0.5,888,9,0.00018480000000000005
5a7137dc5542994082a3e68a,noise_gate,0.3,0.55,NBA Rookie of the Year Award,The National Basketball Association's Rookie of the Year,0.0,0.5454545454545454,0.6,0.5,888,9,0.00018480000000000005
5a7137dc5542994082a3e68a,noise_gate,0.35,0.55,NBA Rookie of the Year Award,The National Basketball Association's Rookie of the Year,0.0,0.5454545454545454,0.6,0.5,888,9,0.00018480000000000005
5a7137dc5542994082a3e68a,noise_gate,0.5,0.55,NBA Rookie of the Year Award,The National Basketball Association's Rookie of the Year,0.0,0.5454545454545454,0.6,0.5,302,9,6.76e-05
5a7137dc5542994082a3e68a,noise_gate,0.2,0.5,NBA Rookie of the Year Award,The National Basketball Association's Rookie of the Year,0.0,0.5454545454545454,0.6,0.5,888,9,0.00018480000000000005
5a7137dc5542994082a3e68a,noise_gate,0.25,0.5,NBA Rookie of the Year Award,The National Basketball Association's Rookie of the Year,0.0,0.5454545454545454,0.6,0.5,888,9,0.00018480000000000005
5a7137dc5542994082a3e68a,noise_gate,0.3,0.5,NBA Rookie of the Year Award,The National Basketball Association's Rookie of the Year,0.0,0.5454545454545454,0.6,0.5,888,9,0.00018480000000000005
5a7137dc5542994082a3e68a,noise_gate,0.35,0.5,NBA Rookie of the Year Award,The National Basketball Association's Rookie of the Year,0.0,0.5454545454545454,0.6,0.5,888,9,0.00018480000000000005
5a7137dc5542994082a3e68a,noise_gate,0.5,0.5,NBA Rookie of the Year Award,The National Basketball Association's Rookie of the Year,0.0,0.5454545454545454,0.6,0.5,302,9,6.76e-05
5a82d71555429966c78a6a94,noise_gate,0.2,0.55,yes,yes,1.0,1.0,1.0,1.0,1496,4,0.00030240000000000003
5a82d71555429966c78a6a94,noise_gate,0.25,0.55,yes,yes,1.0,1.0,1.0,1.0,1496,4,0.00030240000000000003
5a82d71555429966c78a6a94,noise_gate,0.3,0.55,yes,yes,1.0,1.0,1.0,1.0,1496,4,0.00030240000000000003
5a82d71555429966c78a6a94,noise_gate,0.35,0.55,yes,yes,1.0,1.0,1.0,1.0,1056,4,0.0002144
5a82d71555429966c78a6a94,noise_gate,0.5,0.55,yes,yes,1.0,1.0,1.0,1.0,500,4,0.0001032
5a82d71555429966c78a6a94,noise_gate,0.2,0.5,yes,yes,1.0,1.0,1.0,1.0,1496,4,0.00030240000000000003
5a82d71555429966c78a6a94,noise_gate,0.25,0.5,yes,yes,1.0,1.0,1.0,1.0,1496,4,0.00030240000000000003
5a82d71555429966c78a6a94,noise_gate,0.3,0.5,yes,yes,1.0,1.0,1.0,1.0,1496,4,0.00030240000000000003
5a82d71555429966c78a6a94,noise_gate,0.35,0.5,yes,yes,1.0,1.0,1.0,1.0,1056,4,0.0002144
5a82d71555429966c78a6a94,noise_gate,0.5,0.5,yes,yes,1.0,1.0,1.0,1.0,500,4,0.0001032
5abb7ea4554299642a094a96,noise_gate,0.2,0.55,March and April 1968,1968,0.0,0.4,0.25,1.0,1249,9,0.000257
5abb7ea4554299642a094a96,noise_gate,0.25,0.55,1968 and 2009,1968,0.0,0.5,0.3333333333333333,1.0,1093,9,0.00022580000000000004
5abb7ea4554299642a094a96,noise_gate,0.3,0.55,March and April 1968,1968,0.0,0.4,0.25,1.0,288,9,6.48e-05
5abb7ea4554299642a094a96,noise_gate,0.35,0.55,March and April 1968,1968,0.0,0.4,0.25,1.0,288,9,6.48e-05
5abb7ea4554299642a094a96,noise_gate,0.5,0.55,March and April 1968,1968,0.0,0.4,0.25,1.0,223,9,5.18e-05
5abb7ea4554299642a094a96,noise_gate,0.2,0.5,1968 and 2009,1968,0.0,0.5,0.3333333333333333,1.0,1249,9,0.000257
5abb7ea4554299642a094a96,noise_gate,0.25,0.5,March and April 1968,1968,0.0,0.4,0.25,1.0,1093,9,0.00022580000000000004
5abb7ea4554299642a094a96,noise_gate,0.3,0.5,March and April 1968,1968,0.0,0.4,0.25,1.0,288,9,6.48e-05
5abb7ea4554299642a094a96,noise_gate,0.35,0.5,March and April 1968,1968,0.0,0.4,0.25,1.0,288,9,6.48e-05
5abb7ea4554299642a094a96,noise_gate,0.5,0.5,March and April 1968,1968,0.0,0.4,0.25,1.0,223,9,5.18e-05
5a7f00b455429930675135f1,noise_gate,0.2,0.55,Alan Passaro,Alan Passaro,1.0,1.0,1.0,1.0,1077,6,0.0002202
5a7f00b455429930675135f1,noise_gate,0.25,0.55,Alan Passaro,Alan Passaro,1.0,1.0,1.0,1.0,935,6,0.0001918
5a7f00b455429930675135f1,noise_gate,0.3,0.55,Alan Passaro,Alan Passaro,1.0,1.0,1.0,1.0,889,6,0.00018260000000000002
5a7f00b455429930675135f1,noise_gate,0.35,0.55,Alan Passaro,Alan Passaro,1.0,1.0,1.0,1.0,707,6,0.0001462
5a7f00b455429930675135f1,noise_gate,0.5,0.55,Alan Passaro,Alan Passaro,1.0,1.0,1.0,1.0,246,6,5.4000000000000005e-05
5a7f00b455429930675135f1,noise_gate,0.2,0.5,Alan Passaro,Alan Passaro,1.0,1.0,1.0,1.0,1077,6,0.0002202
5a7f00b455429930675135f1,noise_gate,0.25,0.5,Alan Passaro,Alan Passaro,1.0,1.0,1.0,1.0,935,6,0.0001918
5a7f00b455429930675135f1,noise_gate,0.3,0.5,Alan Passaro,Alan Passaro,1.0,1.0,1.0,1.0,889,6,0.00018260000000000002
5a7f00b455429930675135f1,noise_gate,0.35,0.5,Alan Passaro,Alan Passaro,1.0,1.0,1.0,1.0,707,6,0.0001462
5a7f00b455429930675135f1,noise_gate,0.5,0.5,Alan Passaro,Alan Passaro,1.0,1.0,1.0,1.0,246,6,5.4000000000000005e-05
5ae153915542990adbacf752,noise_gate,0.2,0.55,Billy Idol,William Michael Albert Broad,0.0,0.0,0.0,0.0,1317,5,0.00026740000000000005
5ae153915542990adbacf752,noise_gate,0.25,0.55,Billy Idol,William Michael Albert Broad,0.0,0.0,0.0,0.0,1317,5,0.00026740000000000005
5ae153915542990adbacf752,noise_gate,0.3,0.55,William Michael Albert Broad,William Michael Albert Broad,1.0,1.0,1.0,1.0,1317,7,0.00026900000000000003
5ae153915542990adbacf752,noise_gate,0.35,0.55,William Michael Albert Broad,William Michael Albert Broad,1.0,1.0,1.0,1.0,1317,7,0.00026900000000000003
5ae153915542990adbacf752,noise_gate,0.5,0.55,William Michael Albert Broad,William Michael Albert Broad,1.0,1.0,1.0,1.0,1051,7,0.00021580000000000001
5ae153915542990adbacf752,noise_gate,0.2,0.5,William Michael Albert Broad,William Michael Albert Broad,1.0,1.0,1.0,1.0,1317,7,0.00026900000000000003
5ae153915542990adbacf752,noise_gate,0.25,0.5,William Michael Albert Broad,William Michael Albert Broad,1.0,1.0,1.0,1.0,1317,7,0.00026900000000000003
5ae153915542990adbacf752,noise_gate,0.3,0.5,William Michael Albert Broad,William Michael Albert Broad,1.0,1.0,1.0,1.0,1317,7,0.00026900000000000003
5ae153915542990adbacf752,noise_gate,0.35,0.5,William Michael Albert Broad,William Michael Albert Broad,1.0,1.0,1.0,1.0,1317,7,0.00026900000000000003
5ae153915542990adbacf752,noise_gate,0.5,0.5,William Michael Albert Broad,William Michael Albert Broad,1.0,1.0,1.0,1.0,1051,7,0.00021580000000000001
5a7bf3da5542996dd594b869,noise_gate,0.2,0.55,"September 5, 2017","September 5, 2017",1.0,1.0,1.0,1.0,1512,10,0.0003104
5a7bf3da5542996dd594b869,noise_gate,0.25,0.55,"September 5, 2017","September 5, 2017",1.0,1.0,1.0,1.0,1208,10,0.0002496
5a7bf3da5542996dd594b869,noise_gate,0.3,0.55,"September 5, 2017","September 5, 2017",1.0,1.0,1.0,1.0,1060,10,0.00022
5a7bf3da5542996dd594b869,noise_gate,0.35,0.55,"September 5, 2017","September 5, 2017",1.0,1.0,1.0,1.0,756,10,0.00015920000000000002
5a7bf3da5542996dd594b869,noise_gate,0.5,0.55,"September 5, 2017","September 5, 2017",1.0,1.0,1.0,1.0,312,10,7.040000000000002e-05
5a7bf3da5542996dd594b869,noise_gate,0.2,0.5,"September 5, 2017","September 5, 2017",1.0,1.0,1.0,1.0,1512,10,0.0003104
5a7bf3da5542996dd594b869,noise_gate,0.25,0.5,"September 5, 2017","September 5, 2017",1.0,1.0,1.0,1.0,1208,10,0.0002496
5a7bf3da5542996dd594b869,noise_gate,0.3,0.5,"September 5, 2017","September 5, 2017",1.0,1.0,1.0,1.0,1060,10,0.00022
5a7bf3da5542996dd594b869,noise_gate,0.35,0.5,"September 5, 2017","September 5, 2017",1.0,1.0,1.0,1.0,756,10,0.00015920000000000002
5a7bf3da5542996dd594b869,noise_gate,0.5,0.5,"September 5, 2017","September 5, 2017",1.0,1.0,1.0,1.0,312,10,7.040000000000002e-05
5abb4b4a5542993f40c73aea,noise_gate,0.2,0.55,University of California,University of California,1.0,1.0,1.0,1.0,1538,6,0.0003124
5abb4b4a5542993f40c73aea,noise_gate,0.25,0.55,University of California,University of California,1.0,1.0,1.0,1.0,1143,6,0.00023340000000000004
5abb4b4a5542993f40c73aea,noise_gate,0.3,0.55,University of California,University of California,1.0,1.0,1.0,1.0,445,6,9.379999999999999e-05
5abb4b4a5542993f40c73aea,noise_gate,0.35,0.55,University of California,University of California,1.0,1.0,1.0,1.0,382,6,8.12e-05
5abb4b4a5542993f40c73aea,noise_gate,0.5,0.55,University of California,University of California,1.0,1.0,1.0,1.0,191,6,4.3e-05
5abb4b4a5542993f40c73aea,noise_gate,0.2,0.5,University of California,University of California,1.0,1.0,1.0,1.0,1439,6,0.0002926
5abb4b4a5542993f40c73aea,noise_gate,0.25,0.5,University of California,University of California,1.0,1.0,1.0,1.0,1044,6,0.00021360000000000001
5abb4b4a5542993f40c73aea,noise_gate,0.3,0.5,University of California,University of California,1.0,1.0,1.0,1.0,346,6,7.4e-05
5abb4b4a5542993f40c73aea,noise_gate,0.35,0.5,University of California,University of California,1.0,1.0,1.0,1.0,283,6,6.14e-05
5abb4b4a5542993f40c73aea,noise_gate,0.5,0.5,University of California,University of California,1.0,1.0,1.0,1.0,191,6,4.3e-05
5ae1f2f3554299234fd0435a,noise_gate,0.2,0.55,yes,yes,1.0,1.0,1.0,1.0,1069,4,0.00021700000000000002
5ae1f2f3554299234fd0435a,noise_gate,0.25,0.55,yes,yes,1.0,1.0,1.0,1.0,881,4,0.00017940000000000002
5ae1f2f3554299234fd0435a,noise_gate,0.3,0.55,yes,yes,1.0,1.0,1.0,1.0,881,4,0.00017940000000000002
5ae1f2f3554299234fd0435a,noise_gate,0.35,0.55,yes,yes,1.0,1.0,1.0,1.0,881,4,0.00017940000000000002
5ae1f2f3554299234fd0435a,noise_gate,0.5,0.55,yes,yes,1.0,1.0,1.0,1.0,402,4,8.36e-05
5ae1f2f3554299234fd0435a,noise_gate,0.2,0.5,yes,yes,1.0,1.0,1.0,1.0,1069,4,0.00021700000000000002
5ae1f2f3554299234fd0435a,noise_gate,0.25,0.5,yes,yes,1.0,1.0,1.0,1.0,881,4,0.00017940000000000002
5ae1f2f3554299234fd0435a,noise_gate,0.3,0.5,yes,yes,1.0,1.0,1.0,1.0,881,4,0.00017940000000000002
5ae1f2f3554299234fd0435a,noise_gate,0.35,0.5,yes,yes,1.0,1.0,1.0,1.0,881,4,0.00017940000000000002
5ae1f2f3554299234fd0435a,noise_gate,0.5,0.5,yes,yes,1.0,1.0,1.0,1.0,402,4,8.36e-05
5a8f0796554299458435d528,noise_gate,0.2,0.55,Eielson Air Force Base,Eielson Air Force Base,1.0,1.0,1.0,1.0,1381,9,0.0002834
5a8f0796554299458435d528,noise_gate,0.25,0.55,Eielson Air Force Base,Eielson Air Force Base,1.0,1.0,1.0,1.0,1381,9,0.0002834
5a8f0796554299458435d528,noise_gate,0.3,0.55,Eielson Air Force Base,Eielson Air Force Base,1.0,1.0,1.0,1.0,1190,9,0.0002452
5a8f0796554299458435d528,noise_gate,0.35,0.55,Eielson Air Force Base,Eielson Air Force Base,1.0,1.0,1.0,1.0,1190,9,0.0002452
5a8f0796554299458435d528,noise_gate,0.5,0.55,Eielson Air Force Base,Eielson Air Force Base,1.0,1.0,1.0,1.0,294,9,6.6e-05
5a8f0796554299458435d528,noise_gate,0.2,0.5,Eielson Air Force Base,Eielson Air Force Base,1.0,1.0,1.0,1.0,1381,9,0.0002834
5a8f0796554299458435d528,noise_gate,0.25,0.5,Eielson Air Force Base,Eielson Air Force Base,1.0,1.0,1.0,1.0,1381,9,0.0002834
5a8f0796554299458435d528,noise_gate,0.3,0.5,Eielson Air Force Base,Eielson Air Force Base,1.0,1.0,1.0,1.0,1190,9,0.0002452
5a8f0796554299458435d528,noise_gate,0.35,0.5,Eielson Air Force Base,Eielson Air Force Base,1.0,1.0,1.0,1.0,1190,9,0.0002452
5a8f0796554299458435d528,noise_gate,0.5,0.5,Eielson Air Force Base,Eielson Air Force Base,1.0,1.0,1.0,1.0,294,9,6.6e-05
5ae81b895542997ec272770c,noise_gate,0.2,0.55,1907,1876,0.0,0.0,0.0,0.0,1593,5,0.00032260000000000004
5ae81b895542997ec272770c,noise_gate,0.25,0.55,1907,1876,0.0,0.0,0.0,0.0,1406,5,0.0002852
5ae81b895542997ec272770c,noise_gate,0.3,0.55,1896,1876,0.0,0.0,0.0,0.0,1228,5,0.0002496
5ae81b895542997ec272770c,noise_gate,0.35,0.55,1907,1876,0.0,0.0,0.0,0.0,1093,5,0.00022260000000000002
5ae81b895542997ec272770c,noise_gate,0.5,0.55,1907,1876,0.0,0.0,0.0,0.0,613,5,0.0001266
5ae81b895542997ec272770c,noise_gate,0.2,0.5,1876,1876,1.0,1.0,1.0,1.0,1593,5,0.00032260000000000004
5ae81b895542997ec272770c,noise_gate,0.25,0.5,1883,1876,0.0,0.0,0.0,0.0,1406,5,0.0002852
5ae81b895542997ec272770c,noise_gate,0.3,0.5,1907,1876,0.0,0.0,0.0,0.0,1228,5,0.0002496
5ae81b895542997ec272770c,noise_gate,0.35,0.5,1907,1876,0.0,0.0,0.0,0.0,1093,5,0.00022260000000000002
5ae81b895542997ec272770c,noise_gate,0.5,0.5,1890,1876,0.0,0.0,0.0,0.0,613,5,0.0001266
5ae0f6f5554299422ee99583,noise_gate,0.2,0.55,Warner Bros. Records,Warner Bros,0.0,0.8,0.6666666666666666,1.0,1334,8,0.0002732
5ae0f6f5554299422ee99583,noise_gate,0.25,0.55,Warner Bros. Records,Warner Bros,0.0,0.8,0.6666666666666666,1.0,1334,8,0.0002732
5ae0f6f5554299422ee99583,noise_gate,0.3,0.55,Warner Bros. Records,Warner Bros,0.0,0.8,0.6666666666666666,1.0,1334,8,0.0002732
5ae0f6f5554299422ee99583,noise_gate,0.35,0.55,Warner Bros. Records,Warner Bros,0.0,0.8,0.6666666666666666,1.0,1334,8,0.0002732
5ae0f6f5554299422ee99583,noise_gate,0.5,0.55,Warner Bros. Records,Warner Bros,0.0,0.8,0.6666666666666666,1.0,1168,8,0.00024
5ae0f6f5554299422ee99583,noise_gate,0.2,0.5,Warner Bros. Records,Warner Bros,0.0,0.8,0.6666666666666666,1.0,1334,8,0.0002732
5ae0f6f5554299422ee99583,noise_gate,0.25,0.5,Warner Bros. Records,Warner Bros,0.0,0.8,0.6666666666666666,1.0,1334,8,0.0002732
5ae0f6f5554299422ee99583,noise_gate,0.3,0.5,Warner Bros. Records,Warner Bros,0.0,0.8,0.6666666666666666,1.0,1334,8,0.0002732
5ae0f6f5554299422ee99583,noise_gate,0.35,0.5,Warner Bros. Records,Warner Bros,0.0,0.8,0.6666666666666666,1.0,1334,8,0.0002732
5ae0f6f5554299422ee99583,noise_gate,0.5,0.5,Warner Bros. Records,Warner Bros,0.0,0.8,0.6666666666666666,1.0,1168,8,0.00024
5a7c6d98554299683c1c6304,noise_gate,0.2,0.55,Agent Carter,Agent Carter,1.0,1.0,1.0,1.0,1164,5,0.0002368
5a7c6d98554299683c1c6304,noise_gate,0.25,0.55,Agent Carter,Agent Carter,1.0,1.0,1.0,1.0,1164,5,0.0002368
5a7c6d98554299683c1c6304,noise_gate,0.3,0.55,Agent Carter,Agent Carter,1.0,1.0,1.0,1.0,1164,5,0.0002368
5a7c6d98554299683c1c6304,noise_gate,0.35,0.55,Agent Carter,Agent Carter,1.0,1.0,1.0,1.0,1056,5,0.0002152
5a7c6d98554299683c1c6304,noise_gate,0.5,0.55,Agent Carter,Agent Carter,1.0,1.0,1.0,1.0,698,5,0.0001436
5a7c6d98554299683c1c6304,noise_gate,0.2,0.5,Agent Carter,Agent Carter,1.0,1.0,1.0,1.0,1164,5,0.0002368
5a7c6d98554299683c1c6304,noise_gate,0.25,0.5,Agent Carter,Agent Carter,1.0,1.0,1.0,1.0,1164,5,0.0002368
5a7c6d98554299683c1c6304,noise_gate,0.3,0.5,Agent Carter,Agent Carter,1.0,1.0,1.0,1.0,1164,5,0.0002368
5a7c6d98554299683c1c6304,noise_gate,0.35,0.5,Agent Carter,Agent Carter,1.0,1.0,1.0,1.0,1056,5,0.0002152
5a7c6d98554299683c1c6304,noise_gate,0.5,0.5,Agent Carter,Agent Carter,1.0,1.0,1.0,1.0,698,5,0.0001436
5a83de04554299334474609f,noise_gate,0.2,0.55,loud and dirty as possible,as loud and dirty as possible,0.0,0.9090909090909091,1.0,0.8333333333333334,1478,9,0.00030280000000000004
5a83de04554299334474609f,noise_gate,0.25,0.55,as loud and dirty as possible,as loud and dirty as possible,1.0,1.0,1.0,1.0,1478,9,0.00030280000000000004
5a83de04554299334474609f,noise_gate,0.3,0.55,as loud and dirty as possible,as loud and dirty as possible,1.0,1.0,1.0,1.0,1478,9,0.00030280000000000004
5a83de04554299334474609f,noise_gate,0.35,0.55,loud and dirty as possible,as loud and dirty as possible,0.0,0.9090909090909091,1.0,0.8333333333333334,1198,9,0.00024680000000000004
5a83de04554299334474609f,noise_gate,0.5,0.55,end of the world,as loud and dirty as possible,0.0,0.0,0.0,0.0,427,7,9.1e-05
5a83de04554299334474609f,noise_gate,0.2,0.5,loud and dirty as possible,as loud and dirty as possible,0.0,0.9090909090909091,1.0,0.8333333333333334,1478,9,0.00030280000000000004
5a83de04554299334474609f,noise_gate,0.25,0.5,loud and dirty as possible,as loud and dirty as possible,0.0,0.9090909090909091,1.0,0.8333333333333334,1478,9,0.00030280000000000004
5a83de04554299334474609f,noise_gate,0.3,0.5,as loud and dirty as possible,as loud and dirty as possible,1.0,1.0,1.0,1.0,1478,9,0.00030280000000000004
5a83de04554299334474609f,noise_gate,0.35,0.5,loud and dirty as possible,as loud and dirty as possible,0.0,0.9090909090909091,1.0,0.8333333333333334,1198,9,0.00024680000000000004
5a83de04554299334474609f,noise_gate,0.5,0.5,end of the world,as loud and dirty as possible,0.0,0.0,0.0,0.0,427,13,9.58e-05
5ab29c24554299449642c932,noise_gate,0.2,0.55,yes,yes,1.0,1.0,1.0,1.0,1415,4,0.0002862
5ab29c24554299449642c932,noise_gate,0.25,0.55,yes,yes,1.0,1.0,1.0,1.0,1323,4,0.00026780000000000006
5ab29c24554299449642c932,noise_gate,0.3,0.55,yes,yes,1.0,1.0,1.0,1.0,1323,4,0.00026780000000000006
5ab29c24554299449642c932,noise_gate,0.35,0.55,yes,yes,1.0,1.0,1.0,1.0,1323,4,0.00026780000000000006
5ab29c24554299449642c932,noise_gate,0.5,0.55,yes,yes,1.0,1.0,1.0,1.0,230,4,4.92e-05
5ab29c24554299449642c932,noise_gate,0.2,0.5,yes,yes,1.0,1.0,1.0,1.0,1415,4,0.0002862
5ab29c24554299449642c932,noise_gate,0.25,0.5,yes,yes,1.0,1.0,1.0,1.0,1323,4,0.00026780000000000006
5ab29c24554299449642c932,noise_gate,0.3,0.5,yes,yes,1.0,1.0,1.0,1.0,1323,4,0.00026780000000000006
5ab29c24554299449642c932,noise_gate,0.35,0.5,yes,yes,1.0,1.0,1.0,1.0,1323,4,0.00026780000000000006
5ab29c24554299449642c932,noise_gate,0.5,0.5,yes,yes,1.0,1.0,1.0,1.0,230,4,4.92e-05
5ae20c245542997283cd2367,noise_gate,0.2,0.55,South Asia and the Middle East,South Asia and the Middle East,1.0,1.0,1.0,1.0,1030,9,0.0002132
5ae20c245542997283cd2367,noise_gate,0.25,0.55,South Asia and the Middle East,South Asia and the Middle East,1.0,1.0,1.0,1.0,1030,9,0.0002132
5ae20c245542997283cd2367,noise_gate,0.3,0.55,South Asia and the Middle East,South Asia and the Middle East,1.0,1.0,1.0,1.0,878,9,0.00018280000000000003
5ae20c245542997283cd2367,noise_gate,0.35,0.55,South Asia and the Middle East,South Asia and the Middle East,1.0,1.0,1.0,1.0,602,9,0.0001276
5ae20c245542997283cd2367,noise_gate,0.5,0.55,South Asia and the Middle East,South Asia and the Middle East,1.0,1.0,1.0,1.0,240,9,5.52e-05
5ae20c245542997283cd2367,noise_gate,0.2,0.5,South Asia and the Middle East,South Asia and the Middle East,1.0,1.0,1.0,1.0,1030,9,0.0002132
5ae20c245542997283cd2367,noise_gate,0.25,0.5,South Asia and the Middle East,South Asia and the Middle East,1.0,1.0,1.0,1.0,1030,9,0.0002132
5ae20c245542997283cd2367,noise_gate,0.3,0.5,South Asia and the Middle East,South Asia and the Middle East,1.0,1.0,1.0,1.0,878,9,0.00018280000000000003
5ae20c245542997283cd2367,noise_gate,0.35,0.5,South Asia and the Middle East,South Asia and the Middle East,1.0,1.0,1.0,1.0,602,9,0.0001276
5ae20c245542997283cd2367,noise_gate,0.5,0.5,South Asia and the Middle East,South Asia and the Middle East,1.0,1.0,1.0,1.0,240,9,5.52e-05
5ac4efa85542991943173a04,noise_gate,0.2,0.55,Genesee River,Genesee River,1.0,1.0,1.0,1.0,1620,7,0.0003296
5ac4efa85542991943173a04,noise_gate,0.25,0.55,Genesee River,Genesee River,1.0,1.0,1.0,1.0,1092,7,0.000224
5ac4efa85542991943173a04,noise_gate,0.3,0.55,Genesee River,Genesee River,1.0,1.0,1.0,1.0,784,7,0.00016240000000000002
5ac4efa85542991943173a04,noise_gate,0.35,0.55,Genesee River,Genesee River,1.0,1.0,1.0,1.0,784,7,0.00016240000000000002
5ac4efa85542991943173a04,noise_gate,0.5,0.55,Genesee River,Genesee River,1.0,1.0,1.0,1.0,319,7,6.94e-05
5ac4efa85542991943173a04,noise_gate,0.2,0.5,Genesee River,Genesee River,1.0,1.0,1.0,1.0,1620,7,0.0003296
5ac4efa85542991943173a04,noise_gate,0.25,0.5,Genesee River,Genesee River,1.0,1.0,1.0,1.0,1092,7,0.000224
5ac4efa85542991943173a04,noise_gate,0.3,0.5,Genesee River,Genesee River,1.0,1.0,1.0,1.0,784,7,0.00016240000000000002
5ac4efa85542991943173a04,noise_gate,0.35,0.5,Genesee River,Genesee River,1.0,1.0,1.0,1.0,784,7,0.00016240000000000002
5ac4efa85542991943173a04,noise_gate,0.5,0.5,Genesee River,Genesee River,1.0,1.0,1.0,1.0,319,7,6.94e-05
5ac385f8554299741d48a279,noise_gate,0.2,0.55,Alfred Preis,Alfred Preis,1.0,1.0,1.0,1.0,1389,6,0.00028260000000000004
5ac385f8554299741d48a279,noise_gate,0.25,0.55,Alfred Preis,Alfred Preis,1.0,1.0,1.0,1.0,1389,6,0.00028260000000000004
5ac385f8554299741d48a279,noise_gate,0.3,0.55,Alfred Preis,Alfred Preis,1.0,1.0,1.0,1.0,983,6,0.00020140000000000004
5ac385f8554299741d48a279,noise_gate,0.35,0.55,Alfred Preis,Alfred Preis,1.0,1.0,1.0,1.0,869,6,0.00017860000000000003
5ac385f8554299741d48a279,noise_gate,0.5,0.55,Frank Gehry,Alfred Preis,0.0,0.0,0.0,0.0,89,12,2.7400000000000002e-05
5ac385f8554299741d48a279,noise_gate,0.2,0.5,Alfred Preis,Alfred Preis,1.0,1.0,1.0,1.0,1389,6,0.00028260000000000004
5ac385f8554299741d48a279,noise_gate,0.25,0.5,Alfred Preis,Alfred Preis,1.0,1.0,1.0,1.0,1389,6,0.00028260000000000004
5ac385f8554299741d48a279,noise_gate,0.3,0.5,Alfred Preis,Alfred Preis,1.0,1.0,1.0,1.0,983,6,0.00020140000000000004
5ac385f8554299741d48a279,noise_gate,0.35,0.5,Alfred Preis,Alfred Preis,1.0,1.0,1.0,1.0,869,6,0.00017860000000000003
5ac385f8554299741d48a279,noise_gate,0.5,0.5,Maya Lin,Alfred Preis,0.0,0.0,0.0,0.0,89,12,2.7400000000000002e-05
5ab4355555429942dd415ee3,noise_gate,0.2,0.55,Traumnovelle,"""Traumnovelle"" (""Dream Story"")",0.0,0.5,1.0,0.3333333333333333,1332,7,0.000272
5ab4355555429942dd415ee3,noise_gate,0.25,0.55,Traumnovelle,"""Traumnovelle"" (""Dream Story"")",0.0,0.5,1.0,0.3333333333333333,1214,7,0.0002484
5ab4355555429942dd415ee3,noise_gate,0.3,0.55,Traumnovelle,"""Traumnovelle"" (""Dream Story"")",0.0,0.5,1.0,0.3333333333333333,1108,7,0.00022720000000000002
5ab4355555429942dd415ee3,noise_gate,0.35,0.55,Traumnovelle,"""Traumnovelle"" (""Dream Story"")",0.0,0.5,1.0,0.3333333333333333,702,7,0.000146
5ab4355555429942dd415ee3,noise_gate,0.5,0.55,Traumnovelle,"""Traumnovelle"" (""Dream Story"")",0.0,0.5,1.0,0.3333333333333333,418,7,8.920000000000001e-05
5ab4355555429942dd415ee3,noise_gate,0.2,0.5,Traumnovelle,"""Traumnovelle"" (""Dream Story"")",0.0,0.5,1.0,0.3333333333333333,1332,7,0.000272
5ab4355555429942dd415ee3,noise_gate,0.25,0.5,Traumnovelle,"""Traumnovelle"" (""Dream Story"")",0.0,0.5,1.0,0.3333333333333333,1214,7,0.0002484
5ab4355555429942dd415ee3,noise_gate,0.3,0.5,Traumnovelle,"""Traumnovelle"" (""Dream Story"")",0.0,0.5,1.0,0.3333333333333333,1108,7,0.00022720000000000002
5ab4355555429942dd415ee3,noise_gate,0.35,0.5,Traumnovelle,"""Traumnovelle"" (""Dream Story"")",0.0,0.5,1.0,0.3333333333333333,702,7,0.000146
5ab4355555429942dd415ee3,noise_gate,0.5,0.5,Traumnovelle,"""Traumnovelle"" (""Dream Story"")",0.0,0.5,1.0,0.3333333333333333,418,7,8.920000000000001e-05
5add23d05542994734353871,noise_gate,0.2,0.55,livestock guardians,to guard,0.0,0.0,0.0,0.0,575,6,0.0001198
5add23d05542994734353871,noise_gate,0.25,0.55,livestock guardians,to guard,0.0,0.0,0.0,0.0,575,6,0.0001198
5add23d05542994734353871,noise_gate,0.3,0.55,livestock guardian dogs,to guard,0.0,0.0,0.0,0.0,575,7,0.0001206
5add23d05542994734353871,noise_gate,0.35,0.55,livestock guardians,to guard,0.0,0.0,0.0,0.0,489,6,0.0001026
5add23d05542994734353871,noise_gate,0.5,0.55,livestock guardians,to guard,0.0,0.0,0.0,0.0,489,6,0.0001026
5add23d05542994734353871,noise_gate,0.2,0.5,livestock guardians,to guard,0.0,0.0,0.0,0.0,575,6,0.0001198
5add23d05542994734353871,noise_gate,0.25,0.5,livestock guardians,to guard,0.0,0.0,0.0,0.0,575,6,0.0001198
5add23d05542994734353871,noise_gate,0.3,0.5,"livestock guardians
",to guard,0.0,0.0,0.0,0.0,575,7,0.0001206
5add23d05542994734353871,noise_gate,0.35,0.5,livestock guardians,to guard,0.0,0.0,0.0,0.0,489,6,0.0001026
5add23d05542994734353871,noise_gate,0.5,0.5,livestock guardians,to guard,0.0,0.0,0.0,0.0,489,6,0.0001026
5ab99a215542996be202056a,noise_gate,0.2,0.55,Aberdeenshire,"Aberdeenshire, Scotland",0.0,0.6666666666666666,1.0,0.5,1711,7,0.0003478
5ab99a215542996be202056a,noise_gate,0.25,0.55,Aberdeenshire,"Aberdeenshire, Scotland",0.0,0.6666666666666666,1.0,0.5,1711,7,0.0003478
5ab99a215542996be202056a,noise_gate,0.3,0.55,Aberdeenshire,"Aberdeenshire, Scotland",0.0,0.6666666666666666,1.0,0.5,1711,7,0.0003478
5ab99a215542996be202056a,noise_gate,0.35,0.55,Aberdeenshire,"Aberdeenshire, Scotland",0.0,0.6666666666666666,1.0,0.5,1711,7,0.0003478
5ab99a215542996be202056a,noise_gate,0.5,0.55,Aberdeenshire,"Aberdeenshire, Scotland",0.0,0.6666666666666666,1.0,0.5,1478,7,0.00030120000000000006
5ab99a215542996be202056a,noise_gate,0.2,0.5,Aberdeenshire,"Aberdeenshire, Scotland",0.0,0.6666666666666666,1.0,0.5,1711,7,0.0003478
5ab99a215542996be202056a,noise_gate,0.25,0.5,"Aberdeenshire, Scotland","Aberdeenshire, Scotland",1.0,1.0,1.0,1.0,1711,9,0.00034940000000000004
5ab99a215542996be202056a,noise_gate,0.3,0.5,Aberdeenshire,"Aberdeenshire, Scotland",0.0,0.6666666666666666,1.0,0.5,1711,7,0.0003478
5ab99a215542996be202056a,noise_gate,0.35,0.5,Aberdeenshire,"Aberdeenshire, Scotland",0.0,0.6666666666666666,1.0,0.5,1711,7,0.0003478
5ab99a215542996be202056a,noise_gate,0.5,0.5,Aberdeenshire,"Aberdeenshire, Scotland",0.0,0.6666666666666666,1.0,0.5,1478,7,0.00030120000000000006
5add15d15542994ed6169c70,noise_gate,0.2,0.55,Entente Powers,The Allies of World War I,0.0,0.0,0.0,0.0,1105,6,0.0002258
5add15d15542994ed6169c70,noise_gate,0.25,0.55,Allied powers,The Allies of World War I,0.0,0.0,0.0,0.0,1105,6,0.0002258
5add15d15542994ed6169c70,noise_gate,0.3,0.55,Allies of World War I,The Allies of World War I,1.0,1.0,1.0,1.0,896,9,0.00018640000000000003
5add15d15542994ed6169c70,noise_gate,0.35,0.55,Allies of World War I,The Allies of World War I,1.0,1.0,1.0,1.0,631,9,0.00013340000000000002
5add15d15542994ed6169c70,noise_gate,0.5,0.55,Entente or Allied powers,The Allies of World War I,0.0,0.0,0.0,0.0,241,8,5.4600000000000006e-05
5add15d15542994ed6169c70,noise_gate,0.2,0.5,Entente Powers,The Allies of World War I,0.0,0.0,0.0,0.0,1105,6,0.0002258
5add15d15542994ed6169c70,noise_gate,0.25,0.5,Allies of World War I,The Allies of World War I,1.0,1.0,1.0,1.0,1105,9,0.00022820000000000002
5add15d15542994ed6169c70,noise_gate,0.3,0.5,Allies of World War I,The Allies of World War I,1.0,1.0,1.0,1.0,896,9,0.00018640000000000003
5add15d15542994ed6169c70,noise_gate,0.35,0.5,Allies of World War I,The Allies of World War I,1.0,1.0,1.0,1.0,631,9,0.00013340000000000002
5add15d15542994ed6169c70,noise_gate,0.5,0.5,Entente or Allied powers,The Allies of World War I,0.0,0.0,0.0,0.0,241,14,5.940000000000001e-05
5ae5d82f554299546bf82f9a,noise_gate,0.2,0.55,three,3,0.0,0.0,0.0,0.0,1970,4,0.0003972
5ae5d82f554299546bf82f9a,noise_gate,0.25,0.55,three separate periods,3,0.0,0.0,0.0,0.0,1970,6,0.0003988
5ae5d82f554299546bf82f9a,noise_gate,0.3,0.55,three,3,0.0,0.0,0.0,0.0,1366,4,0.0002764
5ae5d82f554299546bf82f9a,noise_gate,0.35,0.55,three,3,0.0,0.0,0.0,0.0,1242,4,0.00025160000000000004
5ae5d82f554299546bf82f9a,noise_gate,0.5,0.55,2,3,0.0,0.0,0.0,0.0,342,4,7.16e-05
5ae5d82f554299546bf82f9a,noise_gate,0.2,0.5,three,3,0.0,0.0,0.0,0.0,1970,4,0.0003972
5ae5d82f554299546bf82f9a,noise_gate,0.25,0.5,"three
",3,0.0,0.0,0.0,0.0,1970,5,0.00039799999999999997
5ae5d82f554299546bf82f9a,noise_gate,0.3,0.5,three,3,0.0,0.0,0.0,0.0,1366,4,0.0002764
5ae5d82f554299546bf82f9a,noise_gate,0.35,0.5,3,3,1.0,1.0,1.0,1.0,1242,4,0.00025160000000000004
5ae5d82f554299546bf82f9a,noise_gate,0.5,0.5,2,3,0.0,0.0,0.0,0.0,342,4,7.16e-05
5ab29b07554299194fa93440,noise_gate,0.2,0.55,Columbia,"Columbia, Maryland",0.0,0.6666666666666666,1.0,0.5,2120,5,0.000428
5ab29b07554299194fa93440,noise_gate,0.25,0.55,"Columbia, Maryland","Columbia, Maryland",1.0,1.0,1.0,1.0,2120,7,0.00042960000000000003
5ab29b07554299194fa93440,noise_gate,0.3,0.55,"Columbia, Maryland","Columbia, Maryland",1.0,1.0,1.0,1.0,1879,7,0.00038140000000000005
5ab29b07554299194fa93440,noise_gate,0.35,0.55,Columbia,"Columbia, Maryland",0.0,0.6666666666666666,1.0,0.5,1879,5,0.0003798
5ab29b07554299194fa93440,noise_gate,0.5,0.55,Baltimore,"Columbia, Maryland",0.0,0.0,0.0,0.0,837,5,0.0001714
5ab29b07554299194fa93440,noise_gate,0.2,0.5,"Columbia, Maryland","Columbia, Maryland",1.0,1.0,1.0,1.0,2120,7,0.00042960000000000003
5ab29b07554299194fa93440,noise_gate,0.25,0.5,Columbia,"Columbia, Maryland",0.0,0.6666666666666666,1.0,0.5,2120,5,0.000428
5ab29b07554299194fa93440,noise_gate,0.3,0.5,Columbia,"Columbia, Maryland",0.0,0.6666666666666666,1.0,0.5,1879,5,0.0003798
5ab29b07554299194fa93440,noise_gate,0.35,0.5,Columbia,"Columbia, Maryland",0.0,0.6666666666666666,1.0,0.5,1879,5,0.0003798
5ab29b07554299194fa93440,noise_gate,0.5,0.5,Baltimore,"Columbia, Maryland",0.0,0.0,0.0,0.0,837,5,0.0001714
5a88bedb554299206df2b35a,noise_gate,0.2,0.55,River Thames,Thames,0.0,0.6666666666666666,0.5,1.0,1251,5,0.0002542
5a88bedb554299206df2b35a,noise_gate,0.25,0.55,River Thames,Thames,0.0,0.6666666666666666,0.5,1.0,1251,5,0.0002542
5a88bedb554299206df2b35a,noise_gate,0.3,0.55,River Thames,Thames,0.0,0.6666666666666666,0.5,1.0,1251,5,0.0002542
5a88bedb554299206df2b35a,noise_gate,0.35,0.55,River Thames,Thames,0.0,0.6666666666666666,0.5,1.0,1251,5,0.0002542
5a88bedb554299206df2b35a,noise_gate,0.5,0.55,River Thames,Thames,0.0,0.6666666666666666,0.5,1.0,688,5,0.00014159999999999997
5a88bedb554299206df2b35a,noise_gate,0.2,0.5,River Thames,Thames,0.0,0.6666666666666666,0.5,1.0,1251,5,0.0002542
5a88bedb554299206df2b35a,noise_gate,0.25,0.5,River Thames,Thames,0.0,0.6666666666666666,0.5,1.0,1251,5,0.0002542
5a88bedb554299206df2b35a,noise_gate,0.3,0.5,River Thames,Thames,0.0,0.6666666666666666,0.5,1.0,1251,5,0.0002542
5a88bedb554299206df2b35a,noise_gate,0.35,0.5,River Thames,Thames,0.0,0.6666666666666666,0.5,1.0,1251,5,0.0002542
5a88bedb554299206df2b35a,noise_gate,0.5,0.5,River Thames,Thames,0.0,0.6666666666666666,0.5,1.0,688,5,0.00014159999999999997
5abfd3ba5542994516f4550a,noise_gate,0.2,0.55,Ross Case,Ross Case,1.0,1.0,1.0,1.0,1084,5,0.0002208
5abfd3ba5542994516f4550a,noise_gate,0.25,0.55,Ross Case,Ross Case,1.0,1.0,1.0,1.0,1084,5,0.0002208
5abfd3ba5542994516f4550a,noise_gate,0.3,0.55,Ross Case,Ross Case,1.0,1.0,1.0,1.0,1084,5,0.0002208
5abfd3ba5542994516f4550a,noise_gate,0.35,0.55,Ross Case,Ross Case,1.0,1.0,1.0,1.0,996,5,0.0002032
5abfd3ba5542994516f4550a,noise_gate,0.5,0.55,Ross Case,Ross Case,1.0,1.0,1.0,1.0,453,5,9.460000000000001e-05
5abfd3ba5542994516f4550a,noise_gate,0.2,0.5,Ross Case,Ross Case,1.0,1.0,1.0,1.0,1084,5,0.0002208
5abfd3ba5542994516f4550a,noise_gate,0.25,0.5,Ross Case,Ross Case,1.0,1.0,1.0,1.0,1084,5,0.0002208
5abfd3ba5542994516f4550a,noise_gate,0.3,0.5,Ross Case,Ross Case,1.0,1.0,1.0,1.0,1084,5,0.0002208
5abfd3ba5542994516f4550a,noise_gate,0.35,0.5,Ross Case,Ross Case,1.0,1.0,1.0,1.0,996,5,0.0002032
5abfd3ba5542994516f4550a,noise_gate,0.5,0.5,Ross Case,Ross Case,1.0,1.0,1.0,1.0,453,5,9.460000000000001e-05
5a728b1c5542992359bc30e0,noise_gate,0.2,0.55,Jonghyun,Jonghyun,1.0,1.0,1.0,1.0,1696,7,0.00034480000000000003
5a728b1c5542992359bc30e0,noise_gate,0.25,0.55,Jonghyun,Jonghyun,1.0,1.0,1.0,1.0,1696,7,0.00034480000000000003
5a728b1c5542992359bc30e0,noise_gate,0.3,0.55,Jonghyun,Jonghyun,1.0,1.0,1.0,1.0,1696,7,0.00034480000000000003
5a728b1c5542992359bc30e0,noise_gate,0.35,0.55,Jonghyun,Jonghyun,1.0,1.0,1.0,1.0,1696,7,0.00034480000000000003
5a728b1c5542992359bc30e0,noise_gate,0.5,0.55,Jonghyun,Jonghyun,1.0,1.0,1.0,1.0,1086,7,0.00022280000000000002
5a728b1c5542992359bc30e0,noise_gate,0.2,0.5,Jonghyun,Jonghyun,1.0,1.0,1.0,1.0,1696,7,0.00034480000000000003
5a728b1c5542992359bc30e0,noise_gate,0.25,0.5,Jonghyun,Jonghyun,1.0,1.0,1.0,1.0,1696,7,0.00034480000000000003
5a728b1c5542992359bc30e0,noise_gate,0.3,0.5,Jonghyun,Jonghyun,1.0,1.0,1.0,1.0,1696,7,0.00034480000000000003
5a728b1c5542992359bc30e0,noise_gate,0.35,0.5,Jonghyun,Jonghyun,1.0,1.0,1.0,1.0,1696,7,0.00034480000000000003
5a728b1c5542992359bc30e0,noise_gate,0.5,0.5,Jonghyun,Jonghyun,1.0,1.0,1.0,1.0,1086,7,0.00022280000000000002
5a806aca5542996402f6a503,noise_gate,0.2,0.55,Orc characters,Orc characters,1.0,1.0,1.0,1.0,774,6,0.00015960000000000003
5a806aca5542996402f6a503,noise_gate,0.25,0.55,Orcs,Orc characters,0.0,0.0,0.0,0.0,774,5,0.0001588
5a806aca5542996402f6a503,noise_gate,0.3,0.55,Orc characters,Orc characters,1.0,1.0,1.0,1.0,774,6,0.00015960000000000003
5a806aca5542996402f6a503,noise_gate,0.35,0.55,Orc characters,Orc characters,1.0,1.0,1.0,1.0,531,6,0.000111
5a806aca5542996402f6a503,noise_gate,0.5,0.55,Orc characters,Orc characters,1.0,1.0,1.0,1.0,286,6,6.2e-05
5a806aca5542996402f6a503,noise_gate,0.2,0.5,Orc characters,Orc characters,1.0,1.0,1.0,1.0,774,6,0.00015960000000000003
5a806aca5542996402f6a503,noise_gate,0.25,0.5,Orc characters,Orc characters,1.0,1.0,1.0,1.0,774,6,0.00015960000000000003
5a806aca5542996402f6a503,noise_gate,0.3,0.5,Orc characters,Orc characters,1.0,1.0,1.0,1.0,774,6,0.00015960000000000003
5a806aca5542996402f6a503,noise_gate,0.35,0.5,Orc characters,Orc characters,1.0,1.0,1.0,1.0,531,6,0.000111
5a806aca5542996402f6a503,noise_gate,0.5,0.5,Orc characters,Orc characters,1.0,1.0,1.0,1.0,286,6,6.2e-05
5ae4bbf05542995ad6573e32,noise_gate,0.2,0.55,People v. Turner,People v. Turner,1.0,1.0,1.0,1.0,1355,7,0.0002766
5ae4bbf05542995ad6573e32,noise_gate,0.25,0.55,People v. Turner,People v. Turner,1.0,1.0,1.0,1.0,990,7,0.0002036
5ae4bbf05542995ad6573e32,noise_gate,0.3,0.55,People v. Turner,People v. Turner,1.0,1.0,1.0,1.0,795,7,0.0001646
5ae4bbf05542995ad6573e32,noise_gate,0.35,0.55,People v. Turner,People v. Turner,1.0,1.0,1.0,1.0,795,7,0.0001646
5ae4bbf05542995ad6573e32,noise_gate,0.5,0.55,People v. Turner,People v. Turner,1.0,1.0,1.0,1.0,93,13,2.9e-05
5ae4bbf05542995ad6573e32,noise_gate,0.2,0.5,People v. Turner,People v. Turner,1.0,1.0,1.0,1.0,1355,7,0.0002766
5ae4bbf05542995ad6573e32,noise_gate,0.25,0.5,People v. Turner,People v. Turner,1.0,1.0,1.0,1.0,990,7,0.0002036
5ae4bbf05542995ad6573e32,noise_gate,0.3,0.5,People v. Turner,People v. Turner,1.0,1.0,1.0,1.0,795,7,0.0001646
5ae4bbf05542995ad6573e32,noise_gate,0.35,0.5,People v. Turner,People v. Turner,1.0,1.0,1.0,1.0,795,7,0.0001646
5ae4bbf05542995ad6573e32,noise_gate,0.5,0.5,People v. Turner,People v. Turner,1.0,1.0,1.0,1.0,93,7,2.4200000000000002e-05
5a8638945542994775f6072d,noise_gate,0.2,0.55,no,no,1.0,1.0,1.0,1.0,1446,4,0.0002924
5a8638945542994775f6072d,noise_gate,0.25,0.55,no,no,1.0,1.0,1.0,1.0,1196,4,0.0002424
5a8638945542994775f6072d,noise_gate,0.3,0.55,yes,no,0.0,0.0,0.0,0.0,980,4,0.0001992
5a8638945542994775f6072d,noise_gate,0.35,0.55,no,no,1.0,1.0,1.0,1.0,486,4,0.0001004
5a8638945542994775f6072d,noise_gate,0.5,0.55,no,no,1.0,1.0,1.0,1.0,179,10,4.38e-05
5a8638945542994775f6072d,noise_gate,0.2,0.5,no,no,1.0,1.0,1.0,1.0,1446,4,0.0002924
5a8638945542994775f6072d,noise_gate,0.25,0.5,no,no,1.0,1.0,1.0,1.0,1196,4,0.0002424
5a8638945542994775f6072d,noise_gate,0.3,0.5,no,no,1.0,1.0,1.0,1.0,980,4,0.0001992
5a8638945542994775f6072d,noise_gate,0.35,0.5,no,no,1.0,1.0,1.0,1.0,486,4,0.0001004
5a8638945542994775f6072d,noise_gate,0.5,0.5,yes,no,0.0,0.0,0.0,0.0,179,4,3.9000000000000006e-05
5ab3bcc55542992ade7c6e66,noise_gate,0.2,0.55,"United States Senate election in Minnesota, 2002",2002,0.0,0.25,0.14285714285714285,1.0,1439,13,0.0002982
5ab3bcc55542992ade7c6e66,noise_gate,0.25,0.55,2002 United States Senate election in Minnesota,2002,0.0,0.25,0.14285714285714285,1.0,1439,11,0.0002966
5ab3bcc55542992ade7c6e66,noise_gate,0.3,0.55,2002 United States Senate election in Minnesota,2002,0.0,0.25,0.14285714285714285,1.0,1092,11,0.0002272
5ab3bcc55542992ade7c6e66,noise_gate,0.35,0.55,"United States Senate election in Minnesota, 2002",2002,0.0,0.25,0.14285714285714285,1.0,877,13,0.00018580000000000002
5ab3bcc55542992ade7c6e66,noise_gate,0.5,0.55,"United States Senate election in Minnesota, 2002",2002,0.0,0.25,0.14285714285714285,1.0,465,13,0.00010339999999999999
5ab3bcc55542992ade7c6e66,noise_gate,0.2,0.5,2002 United States Senate election in Minnesota,2002,0.0,0.25,0.14285714285714285,1.0,1439,11,0.0002966
5ab3bcc55542992ade7c6e66,noise_gate,0.25,0.5,2002 United States Senate election in Minnesota,2002,0.0,0.25,0.14285714285714285,1.0,1439,11,0.0002966
5ab3bcc55542992ade7c6e66,noise_gate,0.3,0.5,"United States Senate election in Minnesota, 2002",2002,0.0,0.25,0.14285714285714285,1.0,1092,13,0.0002288
5ab3bcc55542992ade7c6e66,noise_gate,0.35,0.5,2002 United States Senate election in Minnesota,2002,0.0,0.25,0.14285714285714285,1.0,877,11,0.0001842
5ab3bcc55542992ade7c6e66,noise_gate,0.5,0.5,"United States Senate election in Minnesota, 2002",2002,0.0,0.25,0.14285714285714285,1.0,465,13,0.00010339999999999999
5ab7b0775542992aa3b8c83e,noise_gate,0.2,0.55,Belfast,"Belfast, Northern Ireland",0.0,0.5,1.0,0.3333333333333333,889,6,0.00018260000000000002
5ab7b0775542992aa3b8c83e,noise_gate,0.25,0.55,Belfast,"Belfast, Northern Ireland",0.0,0.5,1.0,0.3333333333333333,838,6,0.00017240000000000004
5ab7b0775542992aa3b8c83e,noise_gate,0.3,0.55,Belfast,"Belfast, Northern Ireland",0.0,0.5,1.0,0.3333333333333333,537,6,0.0001122
5ab7b0775542992aa3b8c83e,noise_gate,0.35,0.55,Belfast,"Belfast, Northern Ireland",0.0,0.5,1.0,0.3333333333333333,189,6,4.2600000000000005e-05
5ab7b0775542992aa3b8c83e,noise_gate,0.5,0.55,Belfast,"Belfast, Northern Ireland",0.0,0.5,1.0,0.3333333333333333,189,6,4.2600000000000005e-05
5ab7b0775542992aa3b8c83e,noise_gate,0.2,0.5,Belfast,"Belfast, Northern Ireland",0.0,0.5,1.0,0.3333333333333333,889,6,0.00018260000000000002
5ab7b0775542992aa3b8c83e,noise_gate,0.25,0.5,Belfast,"Belfast, Northern Ireland",0.0,0.5,1.0,0.3333333333333333,838,6,0.00017240000000000004
5ab7b0775542992aa3b8c83e,noise_gate,0.3,0.5,Belfast,"Belfast, Northern Ireland",0.0,0.5,1.0,0.3333333333333333,537,6,0.0001122
5ab7b0775542992aa3b8c83e,noise_gate,0.35,0.5,Belfast,"Belfast, Northern Ireland",0.0,0.5,1.0,0.3333333333333333,189,6,4.2600000000000005e-05
5ab7b0775542992aa3b8c83e,noise_gate,0.5,0.5,Belfast,"Belfast, Northern Ireland",0.0,0.5,1.0,0.3333333333333333,189,6,4.2600000000000005e-05
5abd68b45542993062266c77,noise_gate,0.2,0.55,Olympic distance runner,Olympic distance runner,1.0,1.0,1.0,1.0,287,7,6.300000000000001e-05
5abd68b45542993062266c77,noise_gate,0.25,0.55,Olympic distance runner,Olympic distance runner,1.0,1.0,1.0,1.0,287,7,6.300000000000001e-05
5abd68b45542993062266c77,noise_gate,0.3,0.55,Olympic distance runner,Olympic distance runner,1.0,1.0,1.0,1.0,287,7,6.300000000000001e-05
5abd68b45542993062266c77,noise_gate,0.35,0.55,Olympic distance runner,Olympic distance runner,1.0,1.0,1.0,1.0,287,7,6.300000000000001e-05
5abd68b45542993062266c77,noise_gate,0.5,0.55,competed as an Olympian,Olympic distance runner,0.0,0.0,0.0,0.0,230,9,5.32e-05
5abd68b45542993062266c77,noise_gate,0.2,0.5,Olympic distance runner,Olympic distance runner,1.0,1.0,1.0,1.0,287,7,6.300000000000001e-05
5abd68b45542993062266c77,noise_gate,0.25,0.5,Olympic distance runner,Olympic distance runner,1.0,1.0,1.0,1.0,287,7,6.300000000000001e-05
5abd68b45542993062266c77,noise_gate,0.3,0.5,Olympic distance runner,Olympic distance runner,1.0,1.0,1.0,1.0,287,7,6.300000000000001e-05
5abd68b45542993062266c77,noise_gate,0.35,0.5,Olympic distance runner,Olympic distance runner,1.0,1.0,1.0,1.0,287,7,6.300000000000001e-05
5abd68b45542993062266c77,noise_gate,0.5,0.5,Olympian,Olympic distance runner,0.0,0.0,0.0,0.0,230,5,5e-05
5ac2a399554299218029dada,noise_gate,0.2,0.55,Kathleen O'Brien,Kathleen O'Brien,1.0,1.0,1.0,1.0,912,7,0.00018800000000000002
5ac2a399554299218029dada,noise_gate,0.25,0.55,Kathleen O'Brien,Kathleen O'Brien,1.0,1.0,1.0,1.0,912,7,0.00018800000000000002
5ac2a399554299218029dada,noise_gate,0.3,0.55,Kathleen O'Brien,Kathleen O'Brien,1.0,1.0,1.0,1.0,766,7,0.0001588
5ac2a399554299218029dada,noise_gate,0.35,0.55,Kathleen O'Brien,Kathleen O'Brien,1.0,1.0,1.0,1.0,766,7,0.0001588
5ac2a399554299218029dada,noise_gate,0.5,0.55,Kathleen O'Brien,Kathleen O'Brien,1.0,1.0,1.0,1.0,248,7,5.52e-05
5ac2a399554299218029dada,noise_gate,0.2,0.5,Kathleen O'Brien,Kathleen O'Brien,1.0,1.0,1.0,1.0,912,7,0.00018800000000000002
5ac2a399554299218029dada,noise_gate,0.25,0.5,Kathleen O'Brien,Kathleen O'Brien,1.0,1.0,1.0,1.0,912,7,0.00018800000000000002
5ac2a399554299218029dada,noise_gate,0.3,0.5,Kathleen O'Brien,Kathleen O'Brien,1.0,1.0,1.0,1.0,766,7,0.0001588
5ac2a399554299218029dada,noise_gate,0.35,0.5,Kathleen O'Brien,Kathleen O'Brien,1.0,1.0,1.0,1.0,766,7,0.0001588
5ac2a399554299218029dada,noise_gate,0.5,0.5,Kathleen O'Brien,Kathleen O'Brien,1.0,1.0,1.0,1.0,248,7,5.52e-05
5a8f2fed55429918e830d1c7,noise_gate,0.2,0.55,rock and roll,rock and roll,1.0,1.0,1.0,1.0,1265,6,0.00025780000000000003
5a8f2fed55429918e830d1c7,noise_gate,0.25,0.55,rock and roll,rock and roll,1.0,1.0,1.0,1.0,1265,6,0.00025780000000000003
5a8f2fed55429918e830d1c7,noise_gate,0.3,0.55,rock and roll,rock and roll,1.0,1.0,1.0,1.0,1265,6,0.00025780000000000003
5a8f2fed55429918e830d1c7,noise_gate,0.35,0.55,rock and roll,rock and roll,1.0,1.0,1.0,1.0,1265,6,0.00025780000000000003
5a8f2fed55429918e830d1c7,noise_gate,0.5,0.55,rock and roll,rock and roll,1.0,1.0,1.0,1.0,868,6,0.00017840000000000003
5a8f2fed55429918e830d1c7,noise_gate,0.2,0.5,rock and roll,rock and roll,1.0,1.0,1.0,1.0,1265,6,0.00025780000000000003
5a8f2fed55429918e830d1c7,noise_gate,0.25,0.5,rock and roll,rock and roll,1.0,1.0,1.0,1.0,1265,6,0.00025780000000000003
5a8f2fed55429918e830d1c7,noise_gate,0.3,0.5,rock and roll,rock and roll,1.0,1.0,1.0,1.0,1265,6,0.00025780000000000003
5a8f2fed55429918e830d1c7,noise_gate,0.35,0.5,rock and roll,rock and roll,1.0,1.0,1.0,1.0,1265,6,0.00025780000000000003
5a8f2fed55429918e830d1c7,noise_gate,0.5,0.5,rock and roll,rock and roll,1.0,1.0,1.0,1.0,868,6,0.00017840000000000003
5a80abb65542996402f6a5df,noise_gate,0.2,0.55,Mountain West Conference,Mountain West Conference,1.0,1.0,1.0,1.0,1227,6,0.0002502
5a80abb65542996402f6a5df,noise_gate,0.25,0.55,Mountain West Conference,Mountain West Conference,1.0,1.0,1.0,1.0,1227,6,0.0002502
5a80abb65542996402f6a5df,noise_gate,0.3,0.55,Mountain West Conference,Mountain West Conference,1.0,1.0,1.0,1.0,1143,6,0.00023340000000000004
5a80abb65542996402f6a5df,noise_gate,0.35,0.55,Mountain West Conference,Mountain West Conference,1.0,1.0,1.0,1.0,865,6,0.0001778
5a80abb65542996402f6a5df,noise_gate,0.5,0.55,Mountain West Conference,Mountain West Conference,1.0,1.0,1.0,1.0,327,6,7.02e-05
5a80abb65542996402f6a5df,noise_gate,0.2,0.5,Mountain West Conference,Mountain West Conference,1.0,1.0,1.0,1.0,1098,6,0.00022440000000000003
5a80abb65542996402f6a5df,noise_gate,0.25,0.5,Mountain West Conference,Mountain West Conference,1.0,1.0,1.0,1.0,1098,6,0.00022440000000000003
5a80abb65542996402f6a5df,noise_gate,0.3,0.5,Mountain West Conference,Mountain West Conference,1.0,1.0,1.0,1.0,1014,6,0.00020760000000000003
5a80abb65542996402f6a5df,noise_gate,0.35,0.5,Mountain West Conference,Mountain West Conference,1.0,1.0,1.0,1.0,736,6,0.00015200000000000004
5a80abb65542996402f6a5df,noise_gate,0.5,0.5,Mountain West Conference,Mountain West Conference,1.0,1.0,1.0,1.0,327,6,7.02e-05
5a7fc8d05542992e7d278d86,noise_gate,0.2,0.55,Iceal Hambleton,"Lieutenant Colonel Iceal E. ""Gene"" Hambleton",0.0,0.5,1.0,0.3333333333333333,1534,8,0.0003132
5a7fc8d05542992e7d278d86,noise_gate,0.25,0.55,"Iceal E. ""Gene"" Hambleton","Lieutenant Colonel Iceal E. ""Gene"" Hambleton",0.0,0.8,1.0,0.6666666666666666,1534,13,0.0003172
5a7fc8d05542992e7d278d86,noise_gate,0.3,0.55,"Iceal E. ""Gene"" Hambleton","Lieutenant Colonel Iceal E. ""Gene"" Hambleton",0.0,0.8,1.0,0.6666666666666666,1020,13,0.0002144
5a7fc8d05542992e7d278d86,noise_gate,0.35,0.55,"Iceal E. ""Gene"" Hambleton","Lieutenant Colonel Iceal E. ""Gene"" Hambleton",0.0,0.8,1.0,0.6666666666666666,1020,13,0.0002144
5a7fc8d05542992e7d278d86,noise_gate,0.5,0.55,"Iceal ""Gene"" Hambleton","Lieutenant Colonel Iceal E. ""Gene"" Hambleton",0.0,0.6666666666666666,1.0,0.5,186,11,4.600000000000001e-05
5a7fc8d05542992e7d278d86,noise_gate,0.2,0.5,Iceal Hambleton,"Lieutenant Colonel Iceal E. ""Gene"" Hambleton",0.0,0.5,1.0,0.3333333333333333,1534,8,0.0003132
5a7fc8d05542992e7d278d86,noise_gate,0.25,0.5,"Iceal E. ""Gene"" Hambleton","Lieutenant Colonel Iceal E. ""Gene"" Hambleton",0.0,0.8,1.0,0.6666666666666666,1534,13,0.0003172
5a7fc8d05542992e7d278d86,noise_gate,0.3,0.5,Iceal Hambleton,"Lieutenant Colonel Iceal E. ""Gene"" Hambleton",0.0,0.5,1.0,0.3333333333333333,1020,8,0.0002104
5a7fc8d05542992e7d278d86,noise_gate,0.35,0.5,"Iceal E. ""Gene"" Hambleton","Lieutenant Colonel Iceal E. ""Gene"" Hambleton",0.0,0.8,1.0,0.6666666666666666,1020,13,0.0002144
5a7fc8d05542992e7d278d86,noise_gate,0.5,0.5,"Iceal ""Gene"" Hambleton","Lieutenant Colonel Iceal E. ""Gene"" Hambleton",0.0,0.6666666666666666,1.0,0.5,186,11,4.600000000000001e-05
5a8f45ca5542997ba9cb320e,noise_gate,0.2,0.55,documentary film,documentary,0.0,0.6666666666666666,0.5,1.0,727,6,0.00015020000000000002
5a8f45ca5542997ba9cb320e,noise_gate,0.25,0.55,documentary film,documentary,0.0,0.6666666666666666,0.5,1.0,494,6,0.00010360000000000001
5a8f45ca5542997ba9cb320e,noise_gate,0.3,0.55,documentary film,documentary,0.0,0.6666666666666666,0.5,1.0,387,6,8.22e-05
5a8f45ca5542997ba9cb320e,noise_gate,0.35,0.55,documentary film,documentary,0.0,0.6666666666666666,0.5,1.0,387,6,8.22e-05
5a8f45ca5542997ba9cb320e,noise_gate,0.5,0.55,documentary film,documentary,0.0,0.6666666666666666,0.5,1.0,315,6,6.78e-05
5a8f45ca5542997ba9cb320e,noise_gate,0.2,0.5,documentary film,documentary,0.0,0.6666666666666666,0.5,1.0,727,6,0.00015020000000000002
5a8f45ca5542997ba9cb320e,noise_gate,0.25,0.5,documentary film,documentary,0.0,0.6666666666666666,0.5,1.0,494,6,0.00010360000000000001
5a8f45ca5542997ba9cb320e,noise_gate,0.3,0.5,documentary film,documentary,0.0,0.6666666666666666,0.5,1.0,387,6,8.22e-05
5a8f45ca5542997ba9cb320e,noise_gate,0.35,0.5,documentary film,documentary,0.0,0.6666666666666666,0.5,1.0,387,6,8.22e-05
5a8f45ca5542997ba9cb320e,noise_gate,0.5,0.5,documentary film,documentary,0.0,0.6666666666666666,0.5,1.0,315,6,6.78e-05
5a87aa135542996e4f3088b8,noise_gate,0.2,0.55,British,British,1.0,1.0,1.0,1.0,1269,4,0.000257
5a87aa135542996e4f3088b8,noise_gate,0.25,0.55,British,British,1.0,1.0,1.0,1.0,687,4,0.0001406
5a87aa135542996e4f3088b8,noise_gate,0.3,0.55,British,British,1.0,1.0,1.0,1.0,298,4,6.28e-05
5a87aa135542996e4f3088b8,noise_gate,0.35,0.55,British,British,1.0,1.0,1.0,1.0,173,4,3.7800000000000004e-05
5a87aa135542996e4f3088b8,noise_gate,0.5,0.55,"British
",British,1.0,1.0,1.0,1.0,173,5,3.86e-05
5a87aa135542996e4f3088b8,noise_gate,0.2,0.5,British,British,1.0,1.0,1.0,1.0,1269,4,0.000257
5a87aa135542996e4f3088b8,noise_gate,0.25,0.5,British,British,1.0,1.0,1.0,1.0,687,4,0.0001406
5a87aa135542996e4f3088b8,noise_gate,0.3,0.5,British,British,1.0,1.0,1.0,1.0,298,4,6.28e-05
5a87aa135542996e4f3088b8,noise_gate,0.35,0.5,British,British,1.0,1.0,1.0,1.0,173,4,3.7800000000000004e-05
5a87aa135542996e4f3088b8,noise_gate,0.5,0.5,British,British,1.0,1.0,1.0,1.0,173,4,3.7800000000000004e-05
5ab29346554299545a2cf997,noise_gate,0.2,0.55,KXII,KXII,1.0,1.0,1.0,1.0,1112,6,0.00022720000000000002
5ab29346554299545a2cf997,noise_gate,0.25,0.55,KXII,KXII,1.0,1.0,1.0,1.0,1112,6,0.00022720000000000002
5ab29346554299545a2cf997,noise_gate,0.3,0.55,KXII,KXII,1.0,1.0,1.0,1.0,1112,6,0.00022720000000000002
5ab29346554299545a2cf997,noise_gate,0.35,0.55,KXII,KXII,1.0,1.0,1.0,1.0,1112,6,0.00022720000000000002
5ab29346554299545a2cf997,noise_gate,0.5,0.55,KXII,KXII,1.0,1.0,1.0,1.0,668,6,0.0001384
5ab29346554299545a2cf997,noise_gate,0.2,0.5,KXII,KXII,1.0,1.0,1.0,1.0,1112,6,0.00022720000000000002
5ab29346554299545a2cf997,noise_gate,0.25,0.5,KXII,KXII,1.0,1.0,1.0,1.0,1112,6,0.00022720000000000002
5ab29346554299545a2cf997,noise_gate,0.3,0.5,KXII,KXII,1.0,1.0,1.0,1.0,1112,6,0.00022720000000000002
5ab29346554299545a2cf997,noise_gate,0.35,0.5,KXII,KXII,1.0,1.0,1.0,1.0,1112,6,0.00022720000000000002
5ab29346554299545a2cf997,noise_gate,0.5,0.5,KXII,KXII,1.0,1.0,1.0,1.0,668,6,0.0001384
5ae789615542997ec2727695,noise_gate,0.2,0.55,Martha Coolidge,Martha Coolidge,1.0,1.0,1.0,1.0,1065,7,0.0002186
5ae789615542997ec2727695,noise_gate,0.25,0.55,Martha Coolidge,Martha Coolidge,1.0,1.0,1.0,1.0,870,7,0.0001796
5ae789615542997ec2727695,noise_gate,0.3,0.55,Martha Coolidge,Martha Coolidge,1.0,1.0,1.0,1.0,641,7,0.00013380000000000003
5ae789615542997ec2727695,noise_gate,0.35,0.55,Martha Coolidge,Martha Coolidge,1.0,1.0,1.0,1.0,510,7,0.0001076
5ae789615542997ec2727695,noise_gate,0.5,0.55,Robert Cuffley,Martha Coolidge,0.0,0.0,0.0,0.0,327,7,7.1e-05
5ae789615542997ec2727695,noise_gate,0.2,0.5,Martha Coolidge,Martha Coolidge,1.0,1.0,1.0,1.0,1065,7,0.0002186
5ae789615542997ec2727695,noise_gate,0.25,0.5,Martha Coolidge,Martha Coolidge,1.0,1.0,1.0,1.0,870,7,0.0001796
5ae789615542997ec2727695,noise_gate,0.3,0.5,Martha Coolidge,Martha Coolidge,1.0,1.0,1.0,1.0,641,7,0.00013380000000000003
5ae789615542997ec2727695,noise_gate,0.35,0.5,Martha Coolidge,Martha Coolidge,1.0,1.0,1.0,1.0,510,7,0.0001076
5ae789615542997ec2727695,noise_gate,0.5,0.5,Robert Cuffley,Martha Coolidge,0.0,0.0,0.0,0.0,327,7,7.1e-05
