question_id,method,k,answer_pred,answer_gt,em,f1,precision,recall,input_tokens,output_tokens,cost_usd,selected_titles,unseen_fallback
5ae143ed55429920d5234360,ucb1,2,1755,1755,1.0,1.0,1.0,1.0,322,5,6.840000000000001e-05,"[""Moscow State University"", ""Sergei Roshchin""]",True
5ae143ed55429920d5234360,ucb1,3,1755,1755,1.0,1.0,1.0,1.0,469,5,9.780000000000002e-05,"[""Moscow State University"", ""Sergei Roshchin"", ""Sergei Kornilenko""]",True
5ae143ed55429920d5234360,ucb1,5,1755,1755,1.0,1.0,1.0,1.0,634,5,0.0001308,"[""Moscow State University"", ""Sergei Roshchin"", ""Sergei Kornilenko"", ""Sergei Chikildin"", ""Sergei Sholokhov""]",True
5abc19705542993a06baf86e,ucb1,2,Dutch-Indonesian,Dutch,0.0,0.0,0.0,0.0,455,7,9.66e-05,"[""Black Book (film)"", ""Black Book of the Admiralty""]",True
5abc19705542993a06baf86e,ucb1,3,Dutch,Dutch,1.0,1.0,1.0,1.0,620,4,0.0001272,"[""Black Book (film)"", ""Black Book of the Admiralty"", ""Black Book (World War II)""]",True
5abc19705542993a06baf86e,ucb1,5,Jewish,Dutch,0.0,0.0,0.0,0.0,878,5,0.0001796,"[""Black Book (film)"", ""Black Book of the Admiralty"", ""Black Book (World War II)"", ""Books of Clanranald"", ""Black Book (novel)""]",True
5ac3e0f7554299194317388b,ucb1,2,Kevin Spacey,Kevin Spacey,1.0,1.0,1.0,1.0,315,6,6.78e-05,"[""American Beauty (1999 film)"", ""American Beauty (soundtrack)""]",True
5ac3e0f7554299194317388b,ucb1,3,Kevin Spacey,Kevin Spacey,1.0,1.0,1.0,1.0,386,6,8.2e-05,"[""American Beauty (1999 film)"", ""American Beauty (soundtrack)"", ""American Beauty (1927 film)""]",True
5ac3e0f7554299194317388b,ucb1,5,Kevin Spacey,Kevin Spacey,1.0,1.0,1.0,1.0,646,6,0.00013400000000000003,"[""American Beauty (1999 film)"", ""American Beauty (soundtrack)"", ""American Beauty (1927 film)"", ""Miss American Beauty 1963"", ""Coty, Inc.""]",True
5ae518655542993aec5ec139,ucb1,2,40,40 members,0.0,0.6666666666666666,1.0,0.5,288,4,6.080000000000001e-05,"[""Florida Senate"", ""Ken Pruitt""]",True
5ae518655542993aec5ec139,ucb1,3,40,40 members,0.0,0.6666666666666666,1.0,0.5,378,4,7.88e-05,"[""Florida Senate"", ""Ken Pruitt"", ""Wisconsin Legislature""]",True
5ae518655542993aec5ec139,ucb1,5,40,40 members,0.0,0.6666666666666666,1.0,0.5,737,4,0.0001506,"[""Florida Senate"", ""Ken Pruitt"", ""Wisconsin Legislature"", ""Senate of Burkina Faso"", ""Murtaza Ahmed Khan""]",True
5ab985eb554299131ca42360,ucb1,2,Greyia,Greyia,1.0,1.0,1.0,1.0,256,5,5.520000000000001e-05,"[""Greyia"", ""Calibanus""]",False
5ab985eb554299131ca42360,ucb1,3,Greyia,Greyia,1.0,1.0,1.0,1.0,358,5,7.560000000000001e-05,"[""Greyia"", ""Calibanus"", ""Ceratozamia""]",False
5ab985eb554299131ca42360,ucb1,5,Calibanus,Greyia,0.0,0.0,0.0,0.0,710,6,0.00014680000000000002,"[""Greyia"", ""Calibanus"", ""Ceratozamia"", ""List of Amanita species"", ""Calyptocephalellidae""]",False
5a8753d95542994846c1cd63,ucb1,2,no,yes,0.0,0.0,0.0,0.0,357,4,7.46e-05,"[""John Updike"", ""Tom Clancy""]",False
5a8753d95542994846c1cd63,ucb1,3,no,yes,0.0,0.0,0.0,0.0,419,4,8.700000000000001e-05,"[""John Updike"", ""Tom Clancy"", ""Tom Clancy's Net Force Explorers: Safe House""]",True
5a8753d95542994846c1cd63,ucb1,5,no,yes,0.0,0.0,0.0,0.0,583,4,0.00011980000000000001,"[""John Updike"", ""Tom Clancy"", ""Tom Clancy's Net Force Explorers: Safe House"", ""Tom Clancy's Net Force Explorers: Deathworld"", ""Tom Clancy's Ghost Recon 2: Summit Strike""]",True
5ab97d0a5542996be202051e,ucb1,2,John André,John André,1.0,1.0,1.0,1.0,372,5,7.840000000000001e-05,"[""John Andr\u00e9"", ""Siege of Yorktown""]",False
5ab97d0a5542996be202051e,ucb1,3,John André,John André,1.0,1.0,1.0,1.0,523,5,0.00010860000000000001,"[""John Andr\u00e9"", ""Siege of Yorktown"", ""Benedict Arnold""]",False
5ab97d0a5542996be202051e,ucb1,5,John André,John André,1.0,1.0,1.0,1.0,753,5,0.0001546,"[""John Andr\u00e9"", ""Siege of Yorktown"", ""Benedict Arnold"", ""Pulaski's Legion"", ""Benjamin Lincoln""]",True
5adef1b35542993a75d263af,ucb1,2,Salma Hayek,Salma Hayek Pinault,0.0,0.8,1.0,0.6666666666666666,325,7,7.06e-05,"[""Salma Hayek"", ""Doroth\u00e9e Jemma""]",True
5adef1b35542993a75d263af,ucb1,3,Salma Hayek,Salma Hayek Pinault,0.0,0.8,1.0,0.6666666666666666,368,7,7.920000000000001e-05,"[""Salma Hayek"", ""Doroth\u00e9e Jemma"", ""Lisette Dufour""]",True
5adef1b35542993a75d263af,ucb1,5,Salma Hayek,Salma Hayek Pinault,0.0,0.8,1.0,0.6666666666666666,701,7,0.00014580000000000002,"[""Salma Hayek"", ""Doroth\u00e9e Jemma"", ""Lisette Dufour"", ""Mary Forbes"", ""B\u00e9atrice Picard""]",True
5a73b55855429978a71e9086,ucb1,2,Heathrow Airport,Gatwick Airport,0.0,0.5,0.5,0.5,399,7,8.540000000000002e-05,"[""Dublin Airport"", ""Heathrow Airport""]",False
5a73b55855429978a71e9086,ucb1,3,Gatwick Airport,Gatwick Airport,1.0,1.0,1.0,1.0,525,7,0.0001106,"[""Dublin Airport"", ""Heathrow Airport"", ""Gatwick Airport""]",False
5a73b55855429978a71e9086,ucb1,5,Gatwick Airport,Gatwick Airport,1.0,1.0,1.0,1.0,732,7,0.000152,"[""Dublin Airport"", ""Heathrow Airport"", ""Gatwick Airport"", ""Croydon Airport"", ""Dubai International Airport""]",True
5ae80919554299540e5a56f6,ucb1,2,Christian I,The Changing Scottish Landscape,0.0,0.0,0.0,0.0,258,5,5.56e-05,"[""Isabella Kelly"", ""Scharfenstein Castle (Kiedrich)""]",True
5ae80919554299540e5a56f6,ucb1,3,Isabella Kelly,The Changing Scottish Landscape,0.0,0.0,0.0,0.0,325,6,6.979999999999999e-05,"[""Isabella Kelly"", ""Scharfenstein Castle (Kiedrich)"", ""Abergairn Castle""]",True
5ae80919554299540e5a56f6,ucb1,5,Cairnburgh Castle,The Changing Scottish Landscape,0.0,0.0,0.0,0.0,500,9,0.0001072,"[""Isabella Kelly"", ""Scharfenstein Castle (Kiedrich)"", ""Abergairn Castle"", ""Ch\u00e2teau de Longwy"", ""Inch Castle""]",True
5ae361605542994393b9e69b,ucb1,2,Home of the Submarine Force,"""Home of the Submarine Force""",1.0,1.0,1.0,1.0,316,15,7.520000000000001e-05,"[""Tomb Raider"", ""Naval Submarine Base New London""]",False
5ae361605542994393b9e69b,ucb1,3,Naval Submarine Base New London,"""Home of the Submarine Force""",0.0,0.22222222222222224,0.2,0.25,448,10,9.760000000000001e-05,"[""Tomb Raider"", ""Naval Submarine Base New London"", ""Naval Consolidated Brig, Miramar""]",True
5ae361605542994393b9e69b,ucb1,5,Home of the Submarine Force,"""Home of the Submarine Force""",1.0,1.0,1.0,1.0,640,9,0.0001352,"[""Tomb Raider"", ""Naval Submarine Base New London"", ""Naval Consolidated Brig, Miramar"", ""Music Instructor"", ""RAF Croft""]",True
5ac3a76e554299741d48a2be,ucb1,2,U2,U2,1.0,1.0,1.0,1.0,470,5,9.8e-05,"[""Win (film)"", ""Govinda Jaya Jaya""]",True
5ac3a76e554299741d48a2be,ucb1,3,U2,U2,1.0,1.0,1.0,1.0,562,5,0.00011640000000000001,"[""Win (film)"", ""Govinda Jaya Jaya"", ""Heartbeat (The Fray song)""]",True
5ac3a76e554299741d48a2be,ucb1,5,U2,U2,1.0,1.0,1.0,1.0,760,5,0.000156,"[""Win (film)"", ""Govinda Jaya Jaya"", ""Heartbeat (The Fray song)"", ""With or Without You"", ""Believe (Jai McDowall album)""]",True
5a7557d75542992d0ec05f68,ucb1,2,Rebecca Gayheart,Laurie Metcalf,0.0,0.0,0.0,0.0,368,6,7.840000000000001e-05,"[""Bobby Gaylor"", ""Rebecca Gayheart""]",False
5a7557d75542992d0ec05f68,ucb1,3,Laurie Metcalf,Laurie Metcalf,1.0,1.0,1.0,1.0,582,8,0.0001228,"[""Bobby Gaylor"", ""Rebecca Gayheart"", ""Laurie Metcalf""]",False
5a7557d75542992d0ec05f68,ucb1,5,Laurie Metcalf,Laurie Metcalf,1.0,1.0,1.0,1.0,769,8,0.0001602,"[""Bobby Gaylor"", ""Rebecca Gayheart"", ""Laurie Metcalf"", ""Gale Weathers"", ""Scream 2 (Markus Schulz album)""]",False
5a8d12ca5542994ba4e3dbe2,ucb1,2,Nairobi,"Nairobi, Kenya",0.0,0.6666666666666666,1.0,0.5,377,11,8.42e-05,"[""Fly540"", ""National Convention Party (Gambia)""]",True
5a8d12ca5542994ba4e3dbe2,ucb1,3,Nairobi,"Nairobi, Kenya",0.0,0.6666666666666666,1.0,0.5,486,5,0.00010120000000000001,"[""Fly540"", ""National Convention Party (Gambia)"", ""Fastjet Tanzania""]",True
5a8d12ca5542994ba4e3dbe2,ucb1,5,Nairobi,"Nairobi, Kenya",0.0,0.6666666666666666,1.0,0.5,626,5,0.0001292,"[""Fly540"", ""National Convention Party (Gambia)"", ""Fastjet Tanzania"", ""Goldie &amp; McCulloch"", ""Genius (website)""]",True
5ab7f6d35542993667794070,ucb1,2,Cyclic Defrost,Cyclic Defrost,1.0,1.0,1.0,1.0,285,7,6.26e-05,"[""Sixtoo"", ""Cyclic Defrost""]",True
5ab7f6d35542993667794070,ucb1,3,Cyclic Defrost,Cyclic Defrost,1.0,1.0,1.0,1.0,346,7,7.48e-05,"[""Sixtoo"", ""Cyclic Defrost"", ""Petri Kuljuntausta""]",True
5ab7f6d35542993667794070,ucb1,5,Cyclic Defrost,Cyclic Defrost,1.0,1.0,1.0,1.0,751,7,0.00015580000000000002,"[""Sixtoo"", ""Cyclic Defrost"", ""Petri Kuljuntausta"", ""Lloyd Dunn"", ""In\u00e9z""]",True
5ac3d9135542995c82c4ac4c,ucb1,2,83,729 at the 2010 census,0.0,0.0,0.0,0.0,384,10,8.480000000000001e-05,"[""George H. Williams Townhouses"", ""Buchanan Township, Atchison County, Missouri""]",True
5ac3d9135542995c82c4ac4c,ucb1,3,83,729 at the 2010 census,0.0,0.0,0.0,0.0,459,4,9.5e-05,"[""George H. Williams Townhouses"", ""Buchanan Township, Atchison County, Missouri"", ""Dade County, Georgia""]",True
5ac3d9135542995c82c4ac4c,ucb1,5,729,729 at the 2010 census,0.0,0.4,1.0,0.25,648,4,0.0001328,"[""George H. Williams Townhouses"", ""Buchanan Township, Atchison County, Missouri"", ""Dade County, Georgia"", ""Nelson, New Hampshire"", ""Bennetts Bayou""]",True
5ae129115542990adbacf722,ucb1,2,Francis McPeake,Francis McPeake,1.0,1.0,1.0,1.0,386,8,8.360000000000001e-05,"[""A Pair of Brown Eyes"", ""A Spanner in the Works""]",True
5ae129115542990adbacf722,ucb1,3,Francis McPeake,Francis McPeake,1.0,1.0,1.0,1.0,443,8,9.500000000000002e-05,"[""A Pair of Brown Eyes"", ""A Spanner in the Works"", ""Brown Eyes (band)""]",True
5ae129115542990adbacf722,ucb1,5,Francis McPeake,Francis McPeake,1.0,1.0,1.0,1.0,618,8,0.00013,"[""A Pair of Brown Eyes"", ""A Spanner in the Works"", ""Brown Eyes (band)"", ""Rugged Maniac Twin Cities"", ""Caramel (City High song)""]",True
5a86769c5542994775f60776,ucb1,2,Slaughterhouse-Five,Slaughterhouse-Five,1.0,1.0,1.0,1.0,277,8,6.180000000000001e-05,"[""Kurt Vonnegut"", ""Hugh Gallagher (humorist)""]",True
5a86769c5542994775f60776,ucb1,3,Slaughterhouse-Five,Slaughterhouse-Five,1.0,1.0,1.0,1.0,448,8,9.600000000000002e-05,"[""Kurt Vonnegut"", ""Hugh Gallagher (humorist)"", ""Satyricon""]",True
5a86769c5542994775f60776,ucb1,5,Slaughterhouse-Five,Slaughterhouse-Five,1.0,1.0,1.0,1.0,698,8,0.000146,"[""Kurt Vonnegut"", ""Hugh Gallagher (humorist)"", ""Satyricon"", ""Jaroslav Ha\u0161ek"", ""Armageddon in Retrospect""]",True
5ab31864554299233954ff06,ucb1,2,Sarod,strings,0.0,0.0,0.0,0.0,483,5,0.0001006,"[""Keyboard glockenspiel"", ""Apratim Majumdar""]",True
5ab31864554299233954ff06,ucb1,3,Sarod,strings,0.0,0.0,0.0,0.0,615,5,0.000127,"[""Keyboard glockenspiel"", ""Apratim Majumdar"", ""Sarod""]",True
5ab31864554299233954ff06,ucb1,5,Sarod,strings,0.0,0.0,0.0,0.0,784,5,0.0001608,"[""Keyboard glockenspiel"", ""Apratim Majumdar"", ""Sarod"", ""Chander Bari"", ""Asset classes""]",True
5a7b1023554299042af8f6c2,ucb1,2,Ride a Wild Pony,Ride a Wild Pony,1.0,1.0,1.0,1.0,247,7,5.500000000000001e-05,"[""The Many Adventures of Winnie the Pooh"", ""Ride a Wild Pony""]",False
5a7b1023554299042af8f6c2,ucb1,3,Ride a Wild Pony,Ride a Wild Pony,1.0,1.0,1.0,1.0,446,7,9.48e-05,"[""The Many Adventures of Winnie the Pooh"", ""Ride a Wild Pony"", ""Winnie the Pooh (song)""]",False
5a7b1023554299042af8f6c2,ucb1,5,Ride a Wild Pony,Ride a Wild Pony,1.0,1.0,1.0,1.0,794,7,0.0001644,"[""The Many Adventures of Winnie the Pooh"", ""Ride a Wild Pony"", ""Winnie the Pooh (song)"", ""The Wonderful Thing About Tiggers"", ""The Wild Pony""]",False
5ac19f405542991316484b5b,ucb1,2,dogs,dogs,1.0,1.0,1.0,1.0,277,4,5.860000000000001e-05,"[""Berger Blanc Suisse"", ""Pandikona""]",False
5ac19f405542991316484b5b,ucb1,3,dogs,dogs,1.0,1.0,1.0,1.0,345,4,7.219999999999999e-05,"[""Berger Blanc Suisse"", ""Pandikona"", ""Progression of Animals""]",True
5ac19f405542991316484b5b,ucb1,5,dogs,dogs,1.0,1.0,1.0,1.0,585,4,0.0001202,"[""Berger Blanc Suisse"", ""Pandikona"", ""Progression of Animals"", ""On the Soul"", ""Piranha: Wolf In The Water""]",True
5ae382ee5542992e3233c430,ucb1,2,military realism,Modern thinkers associated with classical realism are Carl von Clausewitz,0.0,0.16666666666666669,0.5,0.1,436,6,9.2e-05,"[""Christopher Bassford"", ""Charles Roberts Awards Hall of Fame""]",True
5ae382ee5542992e3233c430,ucb1,3,military realism,Modern thinkers associated with classical realism are Carl von Clausewitz,0.0,0.16666666666666669,0.5,0.1,472,6,9.92e-05,"[""Christopher Bassford"", ""Charles Roberts Awards Hall of Fame"", ""Panzer Division Clausewitz""]",True
5ae382ee5542992e3233c430,ucb1,5,classical realism,Modern thinkers associated with classical realism are Carl von Clausewitz,0.0,0.33333333333333337,1.0,0.2,666,6,0.00013800000000000002,"[""Christopher Bassford"", ""Charles Roberts Awards Hall of Fame"", ""Panzer Division Clausewitz"", ""Absolute war"", ""Carl von Clausewitz""]",True
5adcdf455542994ed6169c11,ucb1,2,Battle of Britain,Royal Air Force,0.0,0.0,0.0,0.0,297,12,6.900000000000001e-05,"[""Hawker Hurricane"", ""Supermarine Seafire""]",True
5adcdf455542994ed6169c11,ucb1,3,RAF,Royal Air Force,0.0,0.0,0.0,0.0,383,4,7.98e-05,"[""Hawker Hurricane"", ""Supermarine Seafire"", ""No. 1455 Flight RAF""]",True
5adcdf455542994ed6169c11,ucb1,5,Battle of Britain Memorial Flight,Royal Air Force,0.0,0.0,0.0,0.0,592,8,0.0001248,"[""Hawker Hurricane"", ""Supermarine Seafire"", ""No. 1455 Flight RAF"", ""Battle of Britain Memorial Flight"", ""Flying Legend Hawker Hurricane Replica""]",True
5ac35a7e554299741d48a257,ucb1,2,Norwegian,Norwegian language,0.0,0.6666666666666666,1.0,0.5,361,5,7.620000000000001e-05,"[""Norwegians"", ""The Real Thing (Norwegian band)""]",True
5ac35a7e554299741d48a257,ucb1,3,Norwegian,Norwegian language,0.0,0.6666666666666666,1.0,0.5,400,5,8.400000000000001e-05,"[""Norwegians"", ""The Real Thing (Norwegian band)"", ""Torstein Ellingsen""]",True
5ac35a7e554299741d48a257,ucb1,5,Norwegian,Norwegian language,0.0,0.6666666666666666,1.0,0.5,595,5,0.000123,"[""Norwegians"", ""The Real Thing (Norwegian band)"", ""Torstein Ellingsen"", ""Turkish people"", ""Fezara people""]",True
5ab2659e554299340b5254b2,ucb1,2,Sasanian Empire,the Parthian Empire,0.0,0.5,0.5,0.5,304,7,6.640000000000001e-05,"[""Duchy of Thuringia"", ""Farrukhzad Khosrow V""]",True
5ab2659e554299340b5254b2,ucb1,3,Sasanian Empire,the Parthian Empire,0.0,0.5,0.5,0.5,456,7,9.680000000000001e-05,"[""Duchy of Thuringia"", ""Farrukhzad Khosrow V"", ""Samo""]",True
5ab2659e554299340b5254b2,ucb1,5,Sasanian Empire,the Parthian Empire,0.0,0.5,0.5,0.5,622,7,0.00013000000000000002,"[""Duchy of Thuringia"", ""Farrukhzad Khosrow V"", ""Samo"", ""Chach of Alor"", ""Ashur-etil-ilani""]",True
5adcbb815542994ed6169bde,ucb1,2,Stone Brewing Co.,Stone Brewing,0.0,0.8,0.6666666666666666,1.0,354,7,7.64e-05,"[""Beer Wars"", ""Brouwerij 't IJ""]",True
5adcbb815542994ed6169bde,ucb1,3,Stone Brewing Co.,Stone Brewing,0.0,0.8,0.6666666666666666,1.0,415,7,8.86e-05,"[""Beer Wars"", ""Brouwerij 't IJ"", ""Stone Brewing Co.""]",True
5adcbb815542994ed6169bde,ucb1,5,Stone Brewing Co.,Stone Brewing,0.0,0.8,0.6666666666666666,1.0,675,7,0.0001406,"[""Beer Wars"", ""Brouwerij 't IJ"", ""Stone Brewing Co."", ""Beer in South Korea"", ""Namibia Breweries Limited""]",True
5a74f8bd5542993748c8976a,ucb1,2,Tim Cluess,Tim Cluess,1.0,1.0,1.0,1.0,369,7,7.939999999999999e-05,"[""2015\u201316 Iowa State Cyclones men's basketball team"", ""2013\u201314 Iona Gaels men's basketball team""]",False
5a74f8bd5542993748c8976a,ucb1,3,Tim Cluess,Tim Cluess,1.0,1.0,1.0,1.0,517,7,0.000109,"[""2015\u201316 Iowa State Cyclones men's basketball team"", ""2013\u201314 Iona Gaels men's basketball team"", ""2012\u201313 Iona Gaels men's basketball team""]",False
5a74f8bd5542993748c8976a,ucb1,5,Tim Cluess,Tim Cluess,1.0,1.0,1.0,1.0,760,7,0.0001576,"[""2015\u201316 Iowa State Cyclones men's basketball team"", ""2013\u201314 Iona Gaels men's basketball team"", ""2012\u201313 Iona Gaels men's basketball team"", ""2015\u201316 Iona Gaels men's basketball team"", ""David Hobbs (basketball)""]",False
5ade25ed5542997c77aded70,ucb1,2,World War I,the Cold War (1947–91),0.0,0.3333333333333333,0.3333333333333333,0.3333333333333333,546,6,0.00011399999999999999,"[""October Manifesto"", ""Russia\u2013United Kingdom relations""]",True
5ade25ed5542997c77aded70,ucb1,3,Russian Revolution of 1917,the Cold War (1947–91),0.0,0.0,0.0,0.0,646,9,0.00013640000000000004,"[""October Manifesto"", ""Russia\u2013United Kingdom relations"", ""Ural State Mining University""]",True
5ade25ed5542997c77aded70,ucb1,5,World War I,the Cold War (1947–91),0.0,0.3333333333333333,0.3333333333333333,0.3333333333333333,947,6,0.0001942,"[""October Manifesto"", ""Russia\u2013United Kingdom relations"", ""Ural State Mining University"", ""Nicholas II of Russia"", ""Prince Andrew Romanov""]",True
5a78ae8b5542990784727730,ucb1,2,115 miles (185 km) south of Sacramento,about 115 miles (185 km),0.0,0.6666666666666666,0.5714285714285714,0.8,246,12,5.8800000000000006e-05,"[""Castle Air Force Base"", ""Pacific Flying Club""]",True
5a78ae8b5542990784727730,ucb1,3,115 miles (185 km) south,about 115 miles (185 km),0.0,0.8000000000000002,0.8,0.8,458,10,9.960000000000001e-05,"[""Castle Air Force Base"", ""Pacific Flying Club"", ""North American Institute of Aviation""]",True
5a78ae8b5542990784727730,ucb1,5,115 miles (185 km) south of Sacramento,about 115 miles (185 km),0.0,0.6666666666666666,0.5714285714285714,0.8,713,12,0.00015219999999999999,"[""Castle Air Force Base"", ""Pacific Flying Club"", ""North American Institute of Aviation"", ""Aerocondor"", ""American Airlines Flight 157""]",True
5ae12a4b55429920d52342df,ucb1,2,Pul-e Alam,Puli Alam,0.0,0.5,0.5,0.5,493,6,0.0001034,"[""Forward Operating Base Shank"", ""Mahsud""]",True
5ae12a4b55429920d52342df,ucb1,3,Pul-i-Alam,Puli Alam,0.0,0.0,0.0,0.0,568,7,0.00011920000000000001,"[""Forward Operating Base Shank"", ""Mahsud"", ""Baraki Barak airstrike""]",True
5ae12a4b55429920d52342df,ucb1,5,Puli Alam,Puli Alam,1.0,1.0,1.0,1.0,761,6,0.00015700000000000002,"[""Forward Operating Base Shank"", ""Mahsud"", ""Baraki Barak airstrike"", ""Baraki Rajan"", ""Logar Province""]",True
5ae22eae554299495565da30,ucb1,2,196,310,0.0,0.0,0.0,0.0,245,4,5.22e-05,"[""Crescent Range"", ""Crescent Mills, California""]",True
5ae22eae554299495565da30,ucb1,3,196,310,0.0,0.0,0.0,0.0,302,4,6.36e-05,"[""Crescent Range"", ""Crescent Mills, California"", ""Black Crescent Mountain""]",True
5ae22eae554299495565da30,ucb1,5,310,310,1.0,1.0,1.0,1.0,557,4,0.00011460000000000001,"[""Crescent Range"", ""Crescent Mills, California"", ""Black Crescent Mountain"", ""Randolph, New Hampshire"", ""Mount Crescent""]",True
5ab6aa4c55429953192ad359,ucb1,2,Charlie Brown,"""Kitty Hawk""",0.0,0.0,0.0,0.0,402,5,8.44e-05,"[""Apollo (spacecraft)"", ""Moon Machines""]",True
5ab6aa4c55429953192ad359,ucb1,3,Kitty Hawk,"""Kitty Hawk""",1.0,1.0,1.0,1.0,521,6,0.00010899999999999999,"[""Apollo (spacecraft)"", ""Moon Machines"", ""Moon tree""]",True
5ab6aa4c55429953192ad359,ucb1,5,Odyssey,"""Kitty Hawk""",0.0,0.0,0.0,0.0,856,5,0.0001752,"[""Apollo (spacecraft)"", ""Moon Machines"", ""Moon tree"", ""AS-201"", ""Apollo 8""]",True
5adf3e835542993a75d26442,ucb1,2,Nick Fury: Agent of S.H.I.E.L.D.,Marvel,0.0,0.0,0.0,0.0,370,15,8.6e-05,"[""Nick Fury: Agent of S.H.I.E.L.D. (film)"", ""Wolverine/Nick Fury: The Scorpio Connection""]",True
5adf3e835542993a75d26442,ucb1,3,"Nick Fury, Agent of S.H.I.E.L.D.",Marvel,0.0,0.0,0.0,0.0,502,15,0.0001124,"[""Nick Fury: Agent of S.H.I.E.L.D. (film)"", ""Wolverine/Nick Fury: The Scorpio Connection"", ""Nick Fury, Agent of S.H.I.E.L.D. (feature)""]",True
5adf3e835542993a75d26442,ucb1,5,Nick Fury vs. S.H.I.E.L.D.,Marvel,0.0,0.0,0.0,0.0,748,14,0.0001608,"[""Nick Fury: Agent of S.H.I.E.L.D. (film)"", ""Wolverine/Nick Fury: The Scorpio Connection"", ""Nick Fury, Agent of S.H.I.E.L.D. (feature)"", ""Nick Fury, Agent of S.H.I.E.L.D.: Empyre"", ""Nick Fury vs. S.H.I.E.L.D.""]",True
5a8ee3a755429917b4a5be02,ucb1,2,Bing Crosby,"Harry Lillis ""Bing"" Crosby Jr.",0.0,0.5714285714285715,1.0,0.4,289,6,6.26e-05,"[""Sitting Pretty (1933 film)"", ""Girl Without a Room""]",True
5a8ee3a755429917b4a5be02,ucb1,3,Bing Crosby,"Harry Lillis ""Bing"" Crosby Jr.",0.0,0.5714285714285715,1.0,0.4,359,12,8.14e-05,"[""Sitting Pretty (1933 film)"", ""Girl Without a Room"", ""Going Hollywood""]",True
5a8ee3a755429917b4a5be02,ucb1,5,Bing Crosby,"Harry Lillis ""Bing"" Crosby Jr.",0.0,0.5714285714285715,1.0,0.4,430,6,9.08e-05,"[""Sitting Pretty (1933 film)"", ""Girl Without a Room"", ""Going Hollywood"", ""Melody Cruise (film)"", ""Hallelujah, I'm a Bum (film)""]",True
5ac0dcf25542996f0d89cc2c,ucb1,2,noanswer,Jane Mayer,0.0,0.0,0.0,0.0,329,11,7.46e-05,"[""Minnetonka, Minnesota"", ""Koch family""]",False
5ac0dcf25542996f0d89cc2c,ucb1,3,Tom Johnson,Jane Mayer,0.0,0.0,0.0,0.0,477,5,9.94e-05,"[""Minnetonka, Minnesota"", ""Koch family"", ""Koch family foundations""]",False
5ac0dcf25542996f0d89cc2c,ucb1,5,Jane Mayer,Jane Mayer,1.0,1.0,1.0,1.0,713,5,0.00014659999999999999,"[""Minnetonka, Minnesota"", ""Koch family"", ""Koch family foundations"", ""Fred C. Koch"", ""Dark Money (book)""]",False
5a7e618155429949594199b0,ucb1,2,Albany County,Albany,0.0,0.6666666666666666,0.5,1.0,401,6,8.499999999999999e-05,"[""New York State Route 9N"", ""Boght Corners, New York""]",True
5a7e618155429949594199b0,ucb1,3,Albany County,Albany,0.0,0.6666666666666666,0.5,1.0,601,6,0.000125,"[""New York State Route 9N"", ""Boght Corners, New York"", ""New York State Route 9R""]",True
5a7e618155429949594199b0,ucb1,5,Albany County,Albany,0.0,0.6666666666666666,0.5,1.0,1004,6,0.0002056,"[""New York State Route 9N"", ""Boght Corners, New York"", ""New York State Route 9R"", ""New York State Route 9B"", ""Borodino, New York""]",True
5ab916e155429919ba4e23a4,ucb1,2,Chiwetel Ejiofor,Chiwetel Ejiofor,1.0,1.0,1.0,1.0,322,9,7.16e-05,"[""12 Years a Slave (score)"", ""Schapelle Corby""]",True
5ab916e155429919ba4e23a4,ucb1,3,Chiwetel Ejiofor,Chiwetel Ejiofor,1.0,1.0,1.0,1.0,348,9,7.680000000000001e-05,"[""12 Years a Slave (score)"", ""Schapelle Corby"", ""Sinan Tuzcu""]",True
5ab916e155429919ba4e23a4,ucb1,5,Benedict Cumberbatch,Chiwetel Ejiofor,0.0,0.0,0.0,0.0,443,9,9.580000000000001e-05,"[""12 Years a Slave (score)"", ""Schapelle Corby"", ""Sinan Tuzcu"", ""Jamba (footballer)"", ""Levan Kobiashvili""]",True
5a713b325542994082a3e6b5,ucb1,2,Agra,Agra,1.0,1.0,1.0,1.0,334,5,7.08e-05,"[""Agra Fort"", ""Taj Mahal""]",True
5a713b325542994082a3e6b5,ucb1,3,Agra,Agra,1.0,1.0,1.0,1.0,416,5,8.72e-05,"[""Agra Fort"", ""Taj Mahal"", ""The Taj Mahal Palace Hotel""]",True
5a713b325542994082a3e6b5,ucb1,5,Agra,Agra,1.0,1.0,1.0,1.0,569,5,0.00011780000000000002,"[""Agra Fort"", ""Taj Mahal"", ""The Taj Mahal Palace Hotel"", ""R. Chandru"", ""Kester Smith""]",True
5a87c13f5542996e4f30890c,ucb1,2,noanswer,Rome,0.0,0.0,0.0,0.0,483,5,0.0001006,"[""La fanciulla del West"", ""O mio babbino caro""]",False
5a87c13f5542996e4f30890c,ucb1,3,noanswer,Rome,0.0,0.0,0.0,0.0,665,5,0.000137,"[""La fanciulla del West"", ""O mio babbino caro"", ""Gianni Schicchi""]",False
5a87c13f5542996e4f30890c,ucb1,5,Rome,Rome,1.0,1.0,1.0,1.0,893,4,0.00018180000000000003,"[""La fanciulla del West"", ""O mio babbino caro"", ""Gianni Schicchi"", ""Franco Corelli"", ""Tosca (1956 film)""]",False
5a8843cd5542994846c1ce75,ucb1,2,Katonga River,Buffalo,0.0,0.0,0.0,0.0,224,6,4.9600000000000006e-05,"[""Project African Wilderness"", ""Katonga Wildlife Reserve""]",True
5a8843cd5542994846c1ce75,ucb1,3,Mwabvi River,Buffalo,0.0,0.0,0.0,0.0,305,7,6.659999999999999e-05,"[""Project African Wilderness"", ""Katonga Wildlife Reserve"", ""Mastigouche Wildlife Reserve""]",True
5a8843cd5542994846c1ce75,ucb1,5,Mwabvi river,Buffalo,0.0,0.0,0.0,0.0,698,7,0.0001452,"[""Project African Wilderness"", ""Katonga Wildlife Reserve"", ""Mastigouche Wildlife Reserve"", ""Mwabvi Wildlife Reserve"", ""African buffalo""]",True
5ab90d8955429916710eb0f1,ucb1,2,Smoothie King Center,Smoothie King Center,1.0,1.0,1.0,1.0,257,7,5.7e-05,"[""New Orleans Pelicans"", ""Jalen Jones""]",True
5ab90d8955429916710eb0f1,ucb1,3,Smoothie King Center,Smoothie King Center,1.0,1.0,1.0,1.0,423,7,9.020000000000001e-05,"[""New Orleans Pelicans"", ""Jalen Jones"", ""Marquette Golden Eagles men's basketball""]",True
5ab90d8955429916710eb0f1,ucb1,5,Smoothie King Center,Smoothie King Center,1.0,1.0,1.0,1.0,778,7,0.00016120000000000002,"[""New Orleans Pelicans"", ""Jalen Jones"", ""Marquette Golden Eagles men's basketball"", ""Portland Trail Blazers"", ""Raptors 905""]",True
5ae788fa55429952e35ea964,ucb1,2,extensive use of segues,extensive use of segues,1.0,1.0,1.0,1.0,282,9,6.360000000000001e-05,"[""Blues Traveler"", ""North Hollywood Shootout""]",True
5ae788fa55429952e35ea964,ucb1,3,extensive use of segues,extensive use of segues,1.0,1.0,1.0,1.0,333,9,7.38e-05,"[""Blues Traveler"", ""North Hollywood Shootout"", ""On Tour Forever""]",True
5ae788fa55429952e35ea964,ucb1,5,extensive use of segues,extensive use of segues,1.0,1.0,1.0,1.0,481,9,0.0001034,"[""Blues Traveler"", ""North Hollywood Shootout"", ""On Tour Forever"", ""Travelers and Thieves"", ""Travelogue: Blues Traveler Classics""]",True
5ae1925a554299492dc91b48,ucb1,2,Robert Browning,Charlotte Carnegie,0.0,0.0,0.0,0.0,251,6,5.5e-05,"[""Kinnaird Castle, Brechin"", ""Dundas Castle""]",True
5ae1925a554299492dc91b48,ucb1,3,Lady Charlotte Elliot,Charlotte Carnegie,0.0,0.4,0.3333333333333333,0.5,309,6,6.659999999999999e-05,"[""Kinnaird Castle, Brechin"", ""Dundas Castle"", ""Lady Charlotte Elliot""]",True
5ae1925a554299492dc91b48,ucb1,5,Lady Charlotte Elliot,Charlotte Carnegie,0.0,0.4,0.3333333333333333,0.5,483,6,0.0001014,"[""Kinnaird Castle, Brechin"", ""Dundas Castle"", ""Lady Charlotte Elliot"", ""Megginch Castle"", ""Fra Lippo Lippi (poem)""]",True
5ae1443855429920d5234362,ucb1,2,World War II,World War II,1.0,1.0,1.0,1.0,434,6,9.16e-05,"[""Battle of Berlin"", ""Boris Vladimirov""]",True
5ae1443855429920d5234362,ucb1,3,World War II,World War II,1.0,1.0,1.0,1.0,523,6,0.0001094,"[""Battle of Berlin"", ""Boris Vladimirov"", ""Alexander Nikolayev""]",True
5ae1443855429920d5234362,ucb1,5,World War II,World War II,1.0,1.0,1.0,1.0,867,6,0.00017820000000000002,"[""Battle of Berlin"", ""Boris Vladimirov"", ""Alexander Nikolayev"", ""Vladimir Fedorovich Vladimirov"", ""Bahatdin Mirzayev""]",True
5ac54c435542993e66e822d1,ucb1,2,Oklahoma State,Oklahoma State University,0.0,0.8,1.0,0.6666666666666666,322,6,6.92e-05,"[""Mike Gundy"", ""Cale Gundy""]",True
5ac54c435542993e66e822d1,ucb1,3,Oklahoma State,Oklahoma State University,0.0,0.8,1.0,0.6666666666666666,433,6,9.14e-05,"[""Mike Gundy"", ""Cale Gundy"", ""Chris Rubio""]",True
5ac54c435542993e66e822d1,ucb1,5,Oklahoma State,Oklahoma State University,0.0,0.8,1.0,0.6666666666666666,770,6,0.0001588,"[""Mike Gundy"", ""Cale Gundy"", ""Chris Rubio"", ""Karl Brill"", ""Mariam Stepanyan""]",True
5a7a77425542995eb53be83e,ucb1,2,Nick Carter,Brady Seals,0.0,0.0,0.0,0.0,477,5,9.94e-05,"[""Brady Seals"", ""Nick Carter (musician)""]",False
5a7a77425542995eb53be83e,ucb1,3,Nick Carter,Brady Seals,0.0,0.0,0.0,0.0,601,5,0.0001242,"[""Brady Seals"", ""Nick Carter (musician)"", ""The Truth (Brady Seals album)""]",False
5a7a77425542995eb53be83e,ucb1,5,Nick Carter,Brady Seals,0.0,0.0,0.0,0.0,780,5,0.00015999999999999999,"[""Brady Seals"", ""Nick Carter (musician)"", ""The Truth (Brady Seals album)"", ""Nick Carter, Master Detective"", ""Another You, Another Me""]",False
5a7153d05542994082a3e7dc,ucb1,2,Nusretiye Mosque,Nusretiye Mosque,1.0,1.0,1.0,1.0,298,14,7.08e-05,"[""Bayezid II Mosque"", ""Nusretiye Clock Tower""]",False
5a7153d05542994082a3e7dc,ucb1,3,Nusretiye Mosque,Nusretiye Mosque,1.0,1.0,1.0,1.0,498,8,0.00010600000000000002,"[""Bayezid II Mosque"", ""Nusretiye Clock Tower"", ""Hassan II Mosque""]",True
5a7153d05542994082a3e7dc,ucb1,5,Nusretiye Mosque,Nusretiye Mosque,1.0,1.0,1.0,1.0,717,8,0.0001498,"[""Bayezid II Mosque"", ""Nusretiye Clock Tower"", ""Hassan II Mosque"", ""Nusretiye Mosque"", ""Vasat Atik Ali Pasha Mosque""]",True
5ae361805542992e3233c3c9,ucb1,2,Georgetown University,Georgetown University,1.0,1.0,1.0,1.0,417,6,8.82e-05,"[""Greg Monroe"", ""Detroit Pistons""]",False
5ae361805542992e3233c3c9,ucb1,3,Georgetown University,Georgetown University,1.0,1.0,1.0,1.0,585,6,0.00012179999999999999,"[""Greg Monroe"", ""Detroit Pistons"", ""Three-peat""]",False
5ae361805542992e3233c3c9,ucb1,5,Georgetown University,Georgetown University,1.0,1.0,1.0,1.0,886,6,0.00018200000000000003,"[""Greg Monroe"", ""Detroit Pistons"", ""Three-peat"", ""Dennis Rodman"", ""2005\u201306 Detroit Pistons season""]",False
5a72688c5542997f827839b2,ucb1,2,Turkey,Turkey,1.0,1.0,1.0,1.0,224,4,4.800000000000001e-05,"[""Yeni Valide Mosque"", ""Atik Valide Mosque""]",False
5a72688c5542997f827839b2,ucb1,3,Turkey,Turkey,1.0,1.0,1.0,1.0,373,4,7.780000000000001e-05,"[""Yeni Valide Mosque"", ""Atik Valide Mosque"", ""Valens Aqueduct""]",False
5a72688c5542997f827839b2,ucb1,5,Turkey,Turkey,1.0,1.0,1.0,1.0,567,4,0.0001166,"[""Yeni Valide Mosque"", ""Atik Valide Mosque"", ""Valens Aqueduct"", ""\u0160arena d\u017eamija"", ""Vasat Atik Ali Pasha Mosque""]",True
5a7ce0ce554299452d57ba92,ucb1,2,William McKinley,William McKinley,1.0,1.0,1.0,1.0,427,7,9.1e-05,"[""Alice Russell Glenny"", ""Rose C. Davison""]",True
5a7ce0ce554299452d57ba92,ucb1,3,William McKinley,William McKinley,1.0,1.0,1.0,1.0,521,7,0.0001098,"[""Alice Russell Glenny"", ""Rose C. Davison"", ""Pan-American Exposition""]",True
5a7ce0ce554299452d57ba92,ucb1,5,William McKinley,William McKinley,1.0,1.0,1.0,1.0,706,7,0.00014680000000000002,"[""Alice Russell Glenny"", ""Rose C. Davison"", ""Pan-American Exposition"", ""Temple of Music"", ""Put Me Off at Buffalo""]",True
5a83411655429966c78a6b5d,ucb1,2,Justin Spitzer,Justin Spitzer,1.0,1.0,1.0,1.0,403,6,8.54e-05,"[""Superstore (TV series)"", ""Meshach Taylor""]",False
5a83411655429966c78a6b5d,ucb1,3,Justin Spitzer,Justin Spitzer,1.0,1.0,1.0,1.0,474,6,9.960000000000001e-05,"[""Superstore (TV series)"", ""Meshach Taylor"", ""Johnny Pemberton""]",False
5a83411655429966c78a6b5d,ucb1,5,Justin Spitzer,Justin Spitzer,1.0,1.0,1.0,1.0,1095,6,0.00022380000000000002,"[""Superstore (TV series)"", ""Meshach Taylor"", ""Johnny Pemberton"", ""Ted Danson"", ""Julia Benjamin""]",False
5a877dd65542993e715abf79,ucb1,2,no,no,1.0,1.0,1.0,1.0,420,4,8.719999999999999e-05,"[""Halld\u00f3r Laxness"", ""Timothy Leary""]",False
5a877dd65542993e715abf79,ucb1,3,no,no,1.0,1.0,1.0,1.0,661,4,0.0001354,"[""Halld\u00f3r Laxness"", ""Timothy Leary"", ""Einar Arn\u00f3rsson""]",False
5a877dd65542993e715abf79,ucb1,5,no,no,1.0,1.0,1.0,1.0,748,4,0.0001528,"[""Halld\u00f3r Laxness"", ""Timothy Leary"", ""Einar Arn\u00f3rsson"", ""Halld\u00f3r Laxness (album)"", ""The Fish Can Sing""]",False
5ab6087a554299110f2199be,ucb1,2,no,yes,0.0,0.0,0.0,0.0,352,4,7.36e-05,"[""UC Berkeley School of Law"", ""Korematsu v. United States""]",False
5ab6087a554299110f2199be,ucb1,3,no,yes,0.0,0.0,0.0,0.0,413,4,8.58e-05,"[""UC Berkeley School of Law"", ""Korematsu v. United States"", ""Chaplinsky v. New Hampshire""]",False
5ab6087a554299110f2199be,ucb1,5,no,yes,0.0,0.0,0.0,0.0,668,4,0.0001368,"[""UC Berkeley School of Law"", ""Korematsu v. United States"", ""Chaplinsky v. New Hampshire"", ""Eric Yamamoto"", ""Ex parte Endo""]",False
5adbd70c55429947ff173843,ucb1,2,Personal History,Personal History,1.0,1.0,1.0,1.0,286,5,6.12e-05,"[""Katharine Graham"", ""Golf (1984 video game)""]",True
5adbd70c55429947ff173843,ucb1,3,Personal History,Personal History,1.0,1.0,1.0,1.0,345,5,7.3e-05,"[""Katharine Graham"", ""Golf (1984 video game)"", ""Black and White Ball""]",True
5adbd70c55429947ff173843,ucb1,5,Personal History,Personal History,1.0,1.0,1.0,1.0,607,5,0.0001254,"[""Katharine Graham"", ""Golf (1984 video game)"", ""Black and White Ball"", ""Snooker"", ""Acaciella angustissima""]",True
5a7796e05542992a6e59df0f,ucb1,2,Netherlands,Netherlands,1.0,1.0,1.0,1.0,237,5,5.140000000000001e-05,"[""Huis Ten Bosch (train)"", ""Huis ten Bosch (disambiguation)""]",True
5a7796e05542992a6e59df0f,ucb1,3,Netherlands,Netherlands,1.0,1.0,1.0,1.0,333,5,7.060000000000001e-05,"[""Huis Ten Bosch (train)"", ""Huis ten Bosch (disambiguation)"", ""Oranjezaal""]",True
5a7796e05542992a6e59df0f,ucb1,5,Netherlands,Netherlands,1.0,1.0,1.0,1.0,469,5,9.780000000000002e-05,"[""Huis Ten Bosch (train)"", ""Huis ten Bosch (disambiguation)"", ""Oranjezaal"", ""Huis Ten Bosch Station"", ""Huis ten Bosch palace""]",True
5abc030e554299642a094bdc,ucb1,2,1945 to 1951,1945 to 1951,1.0,1.0,1.0,1.0,452,9,9.76e-05,"[""Honours (Prevention of Abuses) Act 1925"", ""Distribution of Industry Act 1950""]",True
5abc030e554299642a094bdc,ucb1,3,noanswer,1945 to 1951,0.0,0.0,0.0,0.0,491,5,0.0001022,"[""Honours (Prevention of Abuses) Act 1925"", ""Distribution of Industry Act 1950"", ""Industry Act 1975""]",True
5abc030e554299642a094bdc,ucb1,5,1945 to 1951,1945 to 1951,1.0,1.0,1.0,1.0,902,9,0.0001876,"[""Honours (Prevention of Abuses) Act 1925"", ""Distribution of Industry Act 1950"", ""Industry Act 1975"", ""Clement Attlee"", ""Deputy prime minister""]",True
5a7bb7f2554299042af8f7b6,ucb1,2,Gweilo,Gweilo,1.0,1.0,1.0,1.0,292,6,6.32e-05,"[""Gweilo"", ""Ghosts (2006 film)""]",False
5a7bb7f2554299042af8f7b6,ucb1,3,Gweilo,Gweilo,1.0,1.0,1.0,1.0,576,6,0.00012,"[""Gweilo"", ""Ghosts (2006 film)"", ""Sheng nu""]",False
5a7bb7f2554299042af8f7b6,ucb1,5,Gweilo,Gweilo,1.0,1.0,1.0,1.0,706,6,0.00014600000000000003,"[""Gweilo"", ""Ghosts (2006 film)"", ""Sheng nu"", ""Dongo"", ""Ducking (slang)""]",False
5a8b3de95542997f31a41cc3,ucb1,2,1993,Tian Tan Buddha,0.0,0.0,0.0,0.0,341,5,7.22e-05,"[""Tian Tan Buddha"", ""Bagaya Monastery""]",True
5a8b3de95542997f31a41cc3,ucb1,3,1993,Tian Tan Buddha,0.0,0.0,0.0,0.0,435,5,9.1e-05,"[""Tian Tan Buddha"", ""Bagaya Monastery"", ""Buddhism in Hong Kong""]",True
5a8b3de95542997f31a41cc3,ucb1,5,1993,Tian Tan Buddha,0.0,0.0,0.0,0.0,882,5,0.0001804,"[""Tian Tan Buddha"", ""Bagaya Monastery"", ""Buddhism in Hong Kong"", ""Great Lavra"", ""Enchey Monastery""]",True
5ab3bfd3554299233954ff99,ucb1,2,Dirk Nowitzki,Dirk Werner Nowitzki,0.0,0.8,1.0,0.6666666666666666,475,8,0.00010140000000000001,"[""Nike Hoop Summit"", ""Dirk Nowitzki""]",False
5ab3bfd3554299233954ff99,ucb1,3,Dirk Nowitzki,Dirk Werner Nowitzki,0.0,0.8,1.0,0.6666666666666666,557,8,0.00011780000000000002,"[""Nike Hoop Summit"", ""Dirk Nowitzki"", ""Seth Curry""]",False
5ab3bfd3554299233954ff99,ucb1,5,Dirk Nowitzki,Dirk Werner Nowitzki,0.0,0.8,1.0,0.6666666666666666,928,8,0.000192,"[""Nike Hoop Summit"", ""Dirk Nowitzki"", ""Seth Curry"", ""2011 NBA Finals"", ""Tyus Jones""]",False
5ab9b7d555429970cfb8eb7a,ucb1,2,Henry Lau,Henry Lau,1.0,1.0,1.0,1.0,289,5,6.18e-05,"[""Henry Lau"", ""Lee Sung-min (singer)""]",False
5ab9b7d555429970cfb8eb7a,ucb1,3,Henry Lau,Henry Lau,1.0,1.0,1.0,1.0,380,5,8e-05,"[""Henry Lau"", ""Lee Sung-min (singer)"", ""Final Recipe""]",True
5ab9b7d555429970cfb8eb7a,ucb1,5,Henry Lau,Henry Lau,1.0,1.0,1.0,1.0,580,5,0.00012,"[""Henry Lau"", ""Lee Sung-min (singer)"", ""Final Recipe"", ""Super Show"", ""Lee Donghae""]",True
5ab6bf6d55429953192ad372,ucb1,2,no,no,1.0,1.0,1.0,1.0,361,4,7.54e-05,"[""Pieris (plant)"", ""Phlebodium""]",False
5ab6bf6d55429953192ad372,ucb1,3,no,no,1.0,1.0,1.0,1.0,503,4,0.0001038,"[""Pieris (plant)"", ""Phlebodium"", ""Sinopieris""]",True
5ab6bf6d55429953192ad372,ucb1,5,no,no,1.0,1.0,1.0,1.0,716,4,0.0001464,"[""Pieris (plant)"", ""Phlebodium"", ""Sinopieris"", ""Pieris floribunda"", ""Pieris canidia""]",True
5ae7cb9b5542994a481bbde2,ucb1,2,Kekaʻaniau Laʻanui,Kalokuokamaile,0.0,0.0,0.0,0.0,306,12,7.08e-05,"[""Al Fakhro"", ""Franklin Seaver Pratt""]",True
5ae7cb9b5542994a481bbde2,ucb1,3,Laʻanui,Kalokuokamaile,0.0,0.0,0.0,0.0,597,7,0.000125,"[""Al Fakhro"", ""Franklin Seaver Pratt"", ""Prachethasa""]",True
5ae7cb9b5542994a481bbde2,ucb1,5,Tamim bin Mor bin Ad bin Muder bin Adnan,Kalokuokamaile,0.0,0.0,0.0,0.0,893,15,0.00019060000000000003,"[""Al Fakhro"", ""Franklin Seaver Pratt"", ""Prachethasa"", ""Thomas Howard, 2nd Duke of Norfolk"", ""Ingerman, Count of Hesbaye""]",True
5ab1d6545542997061209588,ucb1,2,12,Bocelli became completely blind at the age of 12,0.0,0.2222222222222222,1.0,0.125,348,4,7.280000000000001e-05,"[""Andrea Bocelli"", ""Giro di Toscana""]",True
5ab1d6545542997061209588,ucb1,3,12,Bocelli became completely blind at the age of 12,0.0,0.2222222222222222,1.0,0.125,486,4,0.0001004,"[""Andrea Bocelli"", ""Giro di Toscana"", ""Girolamo da Montesarchio""]",True
5ab1d6545542997061209588,ucb1,5,12,Bocelli became completely blind at the age of 12,0.0,0.2222222222222222,1.0,0.125,622,4,0.0001276,"[""Andrea Bocelli"", ""Giro di Toscana"", ""Girolamo da Montesarchio"", ""7th Infantry Division Lupi di Toscana"", ""Melodramma (song)""]",True
5addcb215542997dc7907033,ucb1,2,Naomi Campbell,Naomi Elaine Campbell,0.0,0.8,1.0,0.6666666666666666,349,6,7.46e-05,"[""Naomi Campbell"", ""Total (group)""]",False
5addcb215542997dc7907033,ucb1,3,Naomi Campbell,Naomi Elaine Campbell,0.0,0.8,1.0,0.6666666666666666,617,6,0.00012820000000000003,"[""Naomi Campbell"", ""Total (group)"", ""Victory (Puff Daddy song)""]",False
5addcb215542997dc7907033,ucb1,5,Naomi Campbell,Naomi Elaine Campbell,0.0,0.8,1.0,0.6666666666666666,1134,6,0.00023160000000000002,"[""Naomi Campbell"", ""Total (group)"", ""Victory (Puff Daddy song)"", ""Nasty Girl (The Notorious B.I.G. song)"", ""Project Funk da World""]",False
5ae528ed5542993aec5ec16e,ucb1,2,Revengers Tragedy,Revengers Tragedy,1.0,1.0,1.0,1.0,383,8,8.300000000000001e-05,"[""Revengers Tragedy"", ""King Lear (1916 film)""]",True
5ae528ed5542993aec5ec16e,ucb1,3,Revengers Tragedy,Revengers Tragedy,1.0,1.0,1.0,1.0,406,8,8.760000000000002e-05,"[""Revengers Tragedy"", ""King Lear (1916 film)"", ""Diana Quick""]",True
5ae528ed5542993aec5ec16e,ucb1,5,Revengers Tragedy,Revengers Tragedy,1.0,1.0,1.0,1.0,618,8,0.00013,"[""Revengers Tragedy"", ""King Lear (1916 film)"", ""Diana Quick"", ""Where Sinners Meet"", ""Tread Softly Stranger""]",True
5a8c7ced5542995e66a4761c,ucb1,2,entertainment industry,entertainment,0.0,0.6666666666666666,0.5,1.0,296,7,6.48e-05,"[""Mike Valerio"", ""Chronicle (film)""]",False
5a8c7ced5542995e66a4761c,ucb1,3,entertainment industry,entertainment,0.0,0.6666666666666666,0.5,1.0,372,7,8e-05,"[""Mike Valerio"", ""Chronicle (film)"", ""Josh Trank""]",False
5a8c7ced5542995e66a4761c,ucb1,5,entertainment industry,entertainment,0.0,0.6666666666666666,0.5,1.0,603,7,0.0001262,"[""Mike Valerio"", ""Chronicle (film)"", ""Josh Trank"", ""Industrialnation"", ""The Rapino Brothers""]",True
5a72f74a55429901807daf59,ucb1,2,Rosie O'Donnell,Rosie O'Donnell,1.0,1.0,1.0,1.0,301,8,6.66e-05,"[""Sleepless in Seattle"", ""Rosie O'Donnell""]",False
5a72f74a55429901807daf59,ucb1,3,Rosie O'Donnell,Rosie O'Donnell,1.0,1.0,1.0,1.0,393,8,8.500000000000002e-05,"[""Sleepless in Seattle"", ""Rosie O'Donnell"", ""Barry Ackerley""]",True
5a72f74a55429901807daf59,ucb1,5,Rosie O'Donnell,Rosie O'Donnell,1.0,1.0,1.0,1.0,695,8,0.00014539999999999998,"[""Sleepless in Seattle"", ""Rosie O'Donnell"", ""Barry Ackerley"", ""List of Seattle Sounders FC 2 players"", ""Bokuzen Hidari""]",True
5ae1d4e8554299234fd04312,ucb1,2,Herbert Finlay,"Robert Ian ""Rob"" Sitch",0.0,0.0,0.0,0.0,318,7,6.92e-05,"[""Inside Film Awards"", ""Herbert Finlay""]",True
5ae1d4e8554299234fd04312,ucb1,3,Rob Sitch,"Robert Ian ""Rob"" Sitch",0.0,0.6666666666666666,1.0,0.5,389,12,8.740000000000001e-05,"[""Inside Film Awards"", ""Herbert Finlay"", ""Any Questions for Ben?""]",True
5ae1d4e8554299234fd04312,ucb1,5,Rob Sitch,"Robert Ian ""Rob"" Sitch",0.0,0.6666666666666666,1.0,0.5,626,6,0.00013000000000000002,"[""Inside Film Awards"", ""Herbert Finlay"", ""Any Questions for Ben?"", ""Josh Schuberth"", ""Bad Dreems""]",True
5a80aeef5542992097ad301a,ucb1,2,The Shins,The Shins,1.0,1.0,1.0,1.0,280,6,6.08e-05,"[""The Shins"", ""Radio Rats""]",True
5a80aeef5542992097ad301a,ucb1,3,The Shins,The Shins,1.0,1.0,1.0,1.0,420,6,8.879999999999999e-05,"[""The Shins"", ""Radio Rats"", ""Kottonmouth Kings""]",True
5a80aeef5542992097ad301a,ucb1,5,The Shins,The Shins,1.0,1.0,1.0,1.0,737,6,0.0001522,"[""The Shins"", ""Radio Rats"", ""Kottonmouth Kings"", ""Broken Bells"", ""Port of Morrow (album)""]",True
5a7f66f155429969796c1a33,ucb1,2,"Norway, Malaysia, China",Denmark–Norway–Sweden,0.0,0.0,0.0,0.0,399,15,9.180000000000001e-05,"[""Braathens Helikopter"", ""Star Search (Singapore season 8)""]",True
5a7f66f155429969796c1a33,ucb1,3,Scandinavian Airlines' Norwegian division,Denmark–Norway–Sweden,0.0,0.0,0.0,0.0,522,10,0.00011240000000000001,"[""Braathens Helikopter"", ""Star Search (Singapore season 8)"", ""SAS Braathens""]",True
5a7f66f155429969796c1a33,ucb1,5,"Norwegian, Scandinavian, Airlines",Denmark–Norway–Sweden,0.0,0.0,0.0,0.0,857,9,0.00017860000000000003,"[""Braathens Helikopter"", ""Star Search (Singapore season 8)"", ""SAS Braathens"", ""Legal name"", ""List of Braathens destinations""]",True
5abbda84554299642a094b5b,ucb1,2,Mach number,2,0.0,0.0,0.0,0.0,298,5,6.36e-05,"[""Saab 38"", ""Volvo RM12""]",False
5abbda84554299642a094b5b,ucb1,3,Mach number,2,0.0,0.0,0.0,0.0,428,5,8.960000000000001e-05,"[""Saab 38"", ""Volvo RM12"", ""Saab JAS 39 Gripen""]",False
5abbda84554299642a094b5b,ucb1,5,Mach number,2,0.0,0.0,0.0,0.0,695,5,0.00014299999999999998,"[""Saab 38"", ""Volvo RM12"", ""Saab JAS 39 Gripen"", ""Pitot tube"", ""Link-ZA""]",True
5abe3dc65542993f32c2a0c4,ucb1,2,98.5 FM,8,0.0,0.0,0.0,0.0,331,7,7.18e-05,"[""KBXI"", ""KEWF""]",True
5abe3dc65542993f32c2a0c4,ucb1,3,98.5 FM,8,0.0,0.0,0.0,0.0,411,13,9.26e-05,"[""KBXI"", ""KEWF"", ""KRSQ""]",True
5abe3dc65542993f32c2a0c4,ucb1,5,channel 11,8,0.0,0.0,0.0,0.0,762,6,0.00015720000000000003,"[""KBXI"", ""KEWF"", ""KRSQ"", ""KKBR"", ""KXMD-TV""]",True
5ae489ab5542995ad6573d62,ucb1,2,Kenny Smith,Mookie Blaylock,0.0,0.0,0.0,0.0,442,6,9.32e-05,"[""1990\u201391 Houston Rockets season"", ""Splash Brothers""]",False
5ae489ab5542995ad6573d62,ucb1,3,Mookie Blaylock,Mookie Blaylock,1.0,1.0,1.0,1.0,637,8,0.0001338,"[""1990\u201391 Houston Rockets season"", ""Splash Brothers"", ""1996\u201397 Orlando Magic season""]",False
5ae489ab5542995ad6573d62,ucb1,5,Mookie Blaylock,Mookie Blaylock,1.0,1.0,1.0,1.0,814,8,0.0001692,"[""1990\u201391 Houston Rockets season"", ""Splash Brothers"", ""1996\u201397 Orlando Magic season"", ""Mookie Blaylock"", ""George T. Johnson""]",True
5a7e1b7155429965cec5ea6c,ucb1,2,Chrysler,Fiat Chrysler Automobiles N.V.,0.0,0.4,1.0,0.25,310,6,6.68e-05,"[""Chrysler"", ""Miguel Ramos Arizpe""]",True
5a7e1b7155429965cec5ea6c,ucb1,3,Fiat Chrysler Automobiles,Fiat Chrysler Automobiles N.V.,0.0,0.8571428571428571,1.0,0.75,386,8,8.360000000000001e-05,"[""Chrysler"", ""Miguel Ramos Arizpe"", ""Saltillo Engine Plant""]",True
5a7e1b7155429965cec5ea6c,ucb1,5,Fiat Chrysler Automobiles N.V.,Fiat Chrysler Automobiles N.V.,1.0,1.0,1.0,1.0,602,11,0.0001292,"[""Chrysler"", ""Miguel Ramos Arizpe"", ""Saltillo Engine Plant"", ""Ramos Arizpe"", ""Ford Essex V6 engine (Canadian)""]",True
5a8fae205542997ba9cb32ec,ucb1,2,Frenemies,American-Canadian mystery-drama,0.0,0.0,0.0,0.0,429,6,9.06e-05,"[""Frenemies (film)"", ""Everett Greenbaum""]",True
5a8fae205542997ba9cb32ec,ucb1,3,teen comedy-drama television film,American-Canadian mystery-drama,0.0,0.0,0.0,0.0,610,9,0.0001292,"[""Frenemies (film)"", ""Everett Greenbaum"", ""JKT48's Finding Star""]",True
5a8fae205542997ba9cb32ec,ucb1,5,Open Heart,American-Canadian mystery-drama,0.0,0.0,0.0,0.0,771,5,0.0001582,"[""Frenemies (film)"", ""Everett Greenbaum"", ""JKT48's Finding Star"", ""Dylan Everett"", ""Dean Winchester""]",True
5ae588cb55429960a22e0300,ucb1,2,Chaerophyllum,Chaerophyllum,1.0,1.0,1.0,1.0,286,7,6.280000000000001e-05,"[""Cryptanthus"", ""Chaerophyllum""]",True
5ae588cb55429960a22e0300,ucb1,3,Chaerophyllum,Chaerophyllum,1.0,1.0,1.0,1.0,496,7,0.0001048,"[""Cryptanthus"", ""Chaerophyllum"", ""Leontodon taraxacoides""]",True
5ae588cb55429960a22e0300,ucb1,5,Chaerophyllum,Chaerophyllum,1.0,1.0,1.0,1.0,1037,7,0.000213,"[""Cryptanthus"", ""Chaerophyllum"", ""Leontodon taraxacoides"", ""Hindu Jarrals in Jammu"", ""Chaerophyllum elegans""]",True
5a75e62f5542992d0ec06013,ucb1,2,Tropicana Casino & Resort Atlantic City,Tropicana Casino & Resort,0.0,0.7499999999999999,0.6,1.0,429,11,9.460000000000001e-05,"[""Tropicana Casino &amp; Resort Atlantic City"", ""Johnny Mathis: Wonderful, Wonderful!""]",False
5a75e62f5542992d0ec06013,ucb1,3,Tropicana Casino & Resort Atlantic City,Tropicana Casino & Resort,0.0,0.7499999999999999,0.6,1.0,525,11,0.0001138,"[""Tropicana Casino &amp; Resort Atlantic City"", ""Johnny Mathis: Wonderful, Wonderful!"", ""Warm (Johnny Mathis album)""]",True
5a75e62f5542992d0ec06013,ucb1,5,Tropicana Casino & Resort Atlantic City,Tropicana Casino & Resort,0.0,0.7499999999999999,0.6,1.0,797,11,0.0001682,"[""Tropicana Casino &amp; Resort Atlantic City"", ""Johnny Mathis: Wonderful, Wonderful!"", ""Warm (Johnny Mathis album)"", ""TEN Atlantic City"", ""The Atlantic Club Casino Hotel""]",True
5ac113e2554299294b21909a,ucb1,2,Leslie Bricusse and Frank Wildhorn,"Wildhorn, Bricusse and Cuden",0.0,0.6666666666666665,0.6,0.75,343,18,8.300000000000001e-05,"[""Cobb Energy Performing Arts Centre"", ""Jekyll &amp; Hyde (musical)""]",False
5ac113e2554299294b21909a,ucb1,3,"Wildhorn, Bricusse and Cuden","Wildhorn, Bricusse and Cuden",1.0,1.0,1.0,1.0,519,12,0.00011340000000000002,"[""Cobb Energy Performing Arts Centre"", ""Jekyll &amp; Hyde (musical)"", ""Anne Cochran""]",False
5ac113e2554299294b21909a,ucb1,5,"Wildhorn, Bricusse and Cuden","Wildhorn, Bricusse and Cuden",1.0,1.0,1.0,1.0,653,12,0.0001402,"[""Cobb Energy Performing Arts Centre"", ""Jekyll &amp; Hyde (musical)"", ""Anne Cochran"", ""Linda Eder"", ""Inside America""]",True
5a82fe5055429966c78a6ad3,ucb1,2,Christianity,evangelical Christian,0.0,0.0,0.0,0.0,340,11,7.68e-05,"[""Time and Eternity (philosophy book)"", ""John Culp""]",True
5a82fe5055429966c78a6ad3,ucb1,3,Christianity,evangelical Christian,0.0,0.0,0.0,0.0,468,5,9.760000000000001e-05,"[""Time and Eternity (philosophy book)"", ""John Culp"", ""Azusa Pacific University""]",True
5a82fe5055429966c78a6ad3,ucb1,5,evangelical Christian,evangelical Christian,1.0,1.0,1.0,1.0,939,7,0.0001934,"[""Time and Eternity (philosophy book)"", ""John Culp"", ""Azusa Pacific University"", ""Diana Pavlac Glyer"", ""Smadar Lavie""]",True
5a7e05ba5542995f4f402392,ucb1,2,The Late Late Show,The Late Late Show,1.0,1.0,1.0,1.0,306,7,6.68e-05,"[""For One Night Only (Irish TV series)"", ""Gay Byrne""]",True
5a7e05ba5542995f4f402392,ucb1,3,The Late Late Show,The Late Late Show,1.0,1.0,1.0,1.0,644,7,0.00013440000000000001,"[""For One Night Only (Irish TV series)"", ""Gay Byrne"", ""WWE Extreme Rules""]",True
5a7e05ba5542995f4f402392,ucb1,5,The Late Late Show,The Late Late Show,1.0,1.0,1.0,1.0,918,7,0.00018920000000000002,"[""For One Night Only (Irish TV series)"", ""Gay Byrne"", ""WWE Extreme Rules"", ""You and Me (One Night Only song)"", ""One Night Stand (video game)""]",True
5a7264ed5542990c210a411a,ucb1,2,Lebensraum,Blood and soil,0.0,0.0,0.0,0.0,513,12,0.00011220000000000002,"[""Lebensraum"", ""Karl-Heinz Schnibbe""]",True
5a7264ed5542990c210a411a,ucb1,3,living space,Blood and soil,0.0,0.0,0.0,0.0,576,5,0.00011920000000000001,"[""Lebensraum"", ""Karl-Heinz Schnibbe"", ""Nazi Party of Costa Rica""]",True
5a7264ed5542990c210a411a,ucb1,5,Lebensraum,Blood and soil,0.0,0.0,0.0,0.0,830,6,0.0001708,"[""Lebensraum"", ""Karl-Heinz Schnibbe"", ""Nazi Party of Costa Rica"", ""Betriebsobmann"", ""Nazi Germany""]",True
5a8ed10b5542995085b374a0,ucb1,2,Split,The Visit,0.0,0.0,0.0,0.0,291,4,6.14e-05,"[""When a Stranger Calls (2006 film)"", ""Scare Campaign""]",False
5a8ed10b5542995085b374a0,ucb1,3,The Visit,The Visit,1.0,1.0,1.0,1.0,352,5,7.44e-05,"[""When a Stranger Calls (2006 film)"", ""Scare Campaign"", ""The Visit (2015 American film)""]",False
5a8ed10b5542995085b374a0,ucb1,5,The Visit,The Visit,1.0,1.0,1.0,1.0,525,5,0.000109,"[""When a Stranger Calls (2006 film)"", ""Scare Campaign"", ""The Visit (2015 American film)"", ""Olivia DeJonge"", ""Meet Me There""]",True
5add8f055542990dbb2f7e6d,ucb1,2,Rudolf Höss,Rudolf Höss,1.0,1.0,1.0,1.0,411,8,8.860000000000001e-05,"[""Rudolf H\u00f6ss"", ""Auschwitz concentration camp""]",False
5add8f055542990dbb2f7e6d,ucb1,3,Kurt Gerstein,Rudolf Höss,0.0,0.0,0.0,0.0,570,7,0.00011960000000000001,"[""Rudolf H\u00f6ss"", ""Auschwitz concentration camp"", ""Gerstein Report""]",False
5add8f055542990dbb2f7e6d,ucb1,5,Rudolf Höss,Rudolf Höss,1.0,1.0,1.0,1.0,840,8,0.00017439999999999998,"[""Rudolf H\u00f6ss"", ""Auschwitz concentration camp"", ""Gerstein Report"", ""Birkenau (disambiguation)"", ""Majdanek concentration camp""]",False
5a86ab7755429960ec39b6bf,ucb1,2,adventure novel,an adventure novel,1.0,1.0,1.0,1.0,321,6,6.9e-05,"[""Long John Silver's"", ""The Crab Cooker""]",True
5a86ab7755429960ec39b6bf,ucb1,3,"Treasure Island
",an adventure novel,0.0,0.0,0.0,0.0,418,7,8.920000000000001e-05,"[""Long John Silver's"", ""The Crab Cooker"", ""Oyster bar""]",True
5a86ab7755429960ec39b6bf,ucb1,5,"Treasure Island
",an adventure novel,0.0,0.0,0.0,0.0,583,7,0.00012220000000000002,"[""Long John Silver's"", ""The Crab Cooker"", ""Oyster bar"", ""Nordsee"", ""List of oyster bars""]",True
5a7a112a5542990783324e2b,ucb1,2,drummers,drummer,0.0,0.0,0.0,0.0,328,5,6.960000000000001e-05,"[""Axel von Blomberg"", ""Mark Gaudet""]",True
5a7a112a5542990783324e2b,ucb1,3,drummers,drummer,0.0,0.0,0.0,0.0,379,11,8.46e-05,"[""Axel von Blomberg"", ""Mark Gaudet"", ""Darkness \u2192 Light""]",True
5a7a112a5542990783324e2b,ucb1,5,"drummer
",drummer,1.0,1.0,1.0,1.0,591,6,0.000123,"[""Axel von Blomberg"", ""Mark Gaudet"", ""Darkness \u2192 Light"", ""Steinar Sverd Johnsen"", ""Mezzerschmitt""]",True
5ab870ee5542990e739ec8f6,ucb1,2,Madeleine L'Engle,Madeleine L'Engle,1.0,1.0,1.0,1.0,401,9,8.74e-05,"[""Codename: Kids Next Door"", ""The Four Winds of Love""]",True
5ab870ee5542990e739ec8f6,ucb1,3,Madeleine L'Engle,Madeleine L'Engle,1.0,1.0,1.0,1.0,475,9,0.0001022,"[""Codename: Kids Next Door"", ""The Four Winds of Love"", ""Door to Door (Modern Family)""]",True
5ab870ee5542990e739ec8f6,ucb1,5,Madeleine L'Engle,Madeleine L'Engle,1.0,1.0,1.0,1.0,707,9,0.0001486,"[""Codename: Kids Next Door"", ""The Four Winds of Love"", ""Door to Door (Modern Family)"", ""Koi Kaze"", ""Kaze Hikaru""]",True
5a8810485542997e5c09a590,ucb1,2,4966233,1.6 million passengers,0.0,0.0,0.0,0.0,430,6,9.08e-05,"[""Sofia Airport"", ""Lahad Datu Airport""]",True
5a8810485542997e5c09a590,ucb1,3,"17,960,533",1.6 million passengers,0.0,0.0,0.0,0.0,473,8,0.00010100000000000002,"[""Sofia Airport"", ""Lahad Datu Airport"", ""A13 motorway (Netherlands)""]",True
5a8810485542997e5c09a590,ucb1,5,noanswer,1.6 million passengers,0.0,0.0,0.0,0.0,753,5,0.0001546,"[""Sofia Airport"", ""Lahad Datu Airport"", ""A13 motorway (Netherlands)"", ""Boise Airport"", ""Exeter Airport""]",True
5a8208ee5542990a1d231f1e,ucb1,2,a dinosaur,dinosaur,1.0,1.0,1.0,1.0,280,5,6e-05,"[""Sinclair, West Virginia"", ""National Iranian Drilling Company""]",True
5a8208ee5542990a1d231f1e,ucb1,3,large green dinosaur,dinosaur,0.0,0.5,0.3333333333333333,1.0,361,6,7.7e-05,"[""Sinclair, West Virginia"", ""National Iranian Drilling Company"", ""Sinclair Oil Corporation""]",True
5a8208ee5542990a1d231f1e,ucb1,5,large green dinosaur,dinosaur,0.0,0.5,0.3333333333333333,1.0,573,6,0.0001194,"[""Sinclair, West Virginia"", ""National Iranian Drilling Company"", ""Sinclair Oil Corporation"", ""Harry Ford Sinclair"", ""R. E. Hoy No. 1 Oil Well""]",True
5a86399e5542994775f60733,ucb1,2,Punjabi/Pashtun descent,Punjabi/Pashtun,0.0,0.6666666666666666,0.5,1.0,316,10,7.120000000000001e-05,"[""Damien Dematra"", ""Deeyah Khan""]",True
5a86399e5542994775f60733,ucb1,3,Punjabi/Pashtun descent,Punjabi/Pashtun,0.0,0.6666666666666666,0.5,1.0,446,10,9.72e-05,"[""Damien Dematra"", ""Deeyah Khan"", ""Jihad: A Story of the Others""]",True
5a86399e5542994775f60733,ucb1,5,Punjabi/Pashtun descent,Punjabi/Pashtun,0.0,0.6666666666666666,0.5,1.0,791,10,0.00016620000000000003,"[""Damien Dematra"", ""Deeyah Khan"", ""Jihad: A Story of the Others"", ""A Sinner in Mecca"", ""Maya Gallus""]",True
5a78e9a2554299148911f995,ucb1,2,Drillers Stadium,Drillers Stadium,1.0,1.0,1.0,1.0,436,6,9.2e-05,"[""Athletics Stadium"", ""LECOM Park""]",True
5a78e9a2554299148911f995,ucb1,3,Drillers Stadium,Drillers Stadium,1.0,1.0,1.0,1.0,516,6,0.000108,"[""Athletics Stadium"", ""LECOM Park"", ""Bedlam Series""]",True
5a78e9a2554299148911f995,ucb1,5,Drillers Stadium,Drillers Stadium,1.0,1.0,1.0,1.0,850,6,0.00017480000000000002,"[""Athletics Stadium"", ""LECOM Park"", ""Bedlam Series"", ""BirdZerk!"", ""Rowdy (Dallas Cowboys)""]",True
5a84995d5542997b5ce3fee4,ucb1,2,Alachua County,Alachua,0.0,0.6666666666666666,0.5,1.0,318,7,6.92e-05,"[""Gainesville, Florida"", ""Cooperative Living Organization""]",True
5a84995d5542997b5ce3fee4,ucb1,3,Alachua County,Alachua,0.0,0.6666666666666666,0.5,1.0,464,7,9.84e-05,"[""Gainesville, Florida"", ""Cooperative Living Organization"", ""Cumberland Homesteads""]",True
5a84995d5542997b5ce3fee4,ucb1,5,Alachua County,Alachua,0.0,0.6666666666666666,0.5,1.0,764,7,0.0001584,"[""Gainesville, Florida"", ""Cooperative Living Organization"", ""Cumberland Homesteads"", ""Ellicott City, Maryland"", ""Mason, Michigan""]",True
5ab941c2554299743d22ea88,ucb1,2,C. J. Cherryh,"Carolyn Janice Cherry (born September 1, 1942), better known by the pen name C. J. Cherryh,",0.0,0.33333333333333337,1.0,0.2,233,9,5.38e-05,"[""Carolyn Zane"", ""The Story of the Weasel""]",True
5ab941c2554299743d22ea88,ucb1,3,C. J. Cherryh,"Carolyn Janice Cherry (born September 1, 1942), better known by the pen name C. J. Cherryh,",0.0,0.33333333333333337,1.0,0.2,270,9,6.12e-05,"[""Carolyn Zane"", ""The Story of the Weasel"", ""Sweeping Up Glass""]",True
5ab941c2554299743d22ea88,ucb1,5,C. J. Cherryh,"Carolyn Janice Cherry (born September 1, 1942), better known by the pen name C. J. Cherryh,",0.0,0.33333333333333337,1.0,0.2,504,9,0.00010800000000000001,"[""Carolyn Zane"", ""The Story of the Weasel"", ""Sweeping Up Glass"", ""Dearie (film)"", ""C. J. Cherryh""]",True
5a8e5f1f5542995a26add4d6,ucb1,2,Sapsali,Sapsali,1.0,1.0,1.0,1.0,508,6,0.0001064,"[""Nightmarchers"", ""Shisa""]",True
5a8e5f1f5542995a26add4d6,ucb1,3,Sapsali,Sapsali,1.0,1.0,1.0,1.0,814,6,0.0001676,"[""Nightmarchers"", ""Shisa"", ""Ba-Jia-Jiang""]",True
5a8e5f1f5542995a26add4d6,ucb1,5,Sapsali,Sapsali,1.0,1.0,1.0,1.0,1034,6,0.00021160000000000002,"[""Nightmarchers"", ""Shisa"", ""Ba-Jia-Jiang"", ""Kukeri"", ""Sapsali""]",True
5abf1ad15542997ec76fd3c2,ucb1,2,Lafayette,Marquis de Lafayette,0.0,0.5,1.0,0.3333333333333333,330,6,7.08e-05,"[""Gilbert du Motier, Marquis de Lafayette"", ""James Hogun""]",True
5abf1ad15542997ec76fd3c2,ucb1,3,"Gilbert du Motier, Marquis de Lafayette",Marquis de Lafayette,0.0,0.6666666666666666,0.5,1.0,434,12,9.640000000000001e-05,"[""Gilbert du Motier, Marquis de Lafayette"", ""James Hogun"", ""Halifax, North Carolina""]",True
5abf1ad15542997ec76fd3c2,ucb1,5,Lafayette,Marquis de Lafayette,0.0,0.5,1.0,0.3333333333333333,664,6,0.0001376,"[""Gilbert du Motier, Marquis de Lafayette"", ""James Hogun"", ""Halifax, North Carolina"", ""Enfield, North Carolina"", ""Halifax Historic District""]",True
5ae5cf625542996de7b71a22,ucb1,2,Texas Longhorns,University of Texas Longhorns,0.0,0.6666666666666666,1.0,0.5,414,7,8.840000000000001e-05,"[""Walter Camp Award"", ""David Neill""]",False
5ae5cf625542996de7b71a22,ucb1,3,University of Texas Longhorns,University of Texas Longhorns,1.0,1.0,1.0,1.0,517,9,0.0001106,"[""Walter Camp Award"", ""David Neill"", ""Egypt at the 2004 Summer Paralympics""]",True
5ae5cf625542996de7b71a22,ucb1,5,University of Texas Longhorns football team,University of Texas Longhorns,0.0,0.8,0.6666666666666666,1.0,679,11,0.00014460000000000002,"[""Walter Camp Award"", ""David Neill"", ""Egypt at the 2004 Summer Paralympics"", ""Colt McCoy"", ""Case McCoy""]",True
5a7c8ae855429935c91b5207,ucb1,2,Alexander Borodin,Alexander Porfiryevich Borodin,0.0,0.8,1.0,0.6666666666666666,328,6,7.04e-05,"[""The Mighty Handful"", ""Alexander Borodin""]",False
5a7c8ae855429935c91b5207,ucb1,3,Alexander Borodin,Alexander Porfiryevich Borodin,0.0,0.8,1.0,0.6666666666666666,476,6,9.999999999999999e-05,"[""The Mighty Handful"", ""Alexander Borodin"", ""International Russian School in Antalya""]",True
5a7c8ae855429935c91b5207,ucb1,5,Alexander Borodin,Alexander Porfiryevich Borodin,0.0,0.8,1.0,0.6666666666666666,675,6,0.0001398,"[""The Mighty Handful"", ""Alexander Borodin"", ""International Russian School in Antalya"", ""Russian School Hurghada"", ""Russian School Defense Staff""]",True
5a87106555429960ec39b71f,ucb1,2,Rob Reiner,Rob Reiner,1.0,1.0,1.0,1.0,317,6,6.82e-05,"[""Susanna Thompson"", ""Ghosts of Mississippi""]",False
5a87106555429960ec39b71f,ucb1,3,Rob Reiner,Rob Reiner,1.0,1.0,1.0,1.0,447,6,9.42e-05,"[""Susanna Thompson"", ""Ghosts of Mississippi"", ""Twilight of Honor""]",True
5a87106555429960ec39b71f,ucb1,5,Rob Reiner,Rob Reiner,1.0,1.0,1.0,1.0,695,6,0.0001438,"[""Susanna Thompson"", ""Ghosts of Mississippi"", ""Twilight of Honor"", ""Vaaimai"", ""The Attorney""]",True
5a7f296f55429934daa2fd10,ucb1,2,1974,1974,1.0,1.0,1.0,1.0,411,5,8.620000000000001e-05,"[""A Prairie Home Companion"", ""Too Beautiful to Live""]",True
5a7f296f55429934daa2fd10,ucb1,3,1974,1974,1.0,1.0,1.0,1.0,522,5,0.0001084,"[""A Prairie Home Companion"", ""Too Beautiful to Live"", ""Luke Burbank""]",True
5a7f296f55429934daa2fd10,ucb1,5,1974,1974,1.0,1.0,1.0,1.0,609,5,0.0001258,"[""A Prairie Home Companion"", ""Too Beautiful to Live"", ""Luke Burbank"", ""Live Wire Radio"", ""Livewire""]",True
5ae14b5c55429920d52343aa,ucb1,2,Joanna Jędrzejczyk,Anderson Silva,0.0,0.0,0.0,0.0,383,17,9.020000000000001e-05,"[""Joanna J\u0119drzejczyk"", ""Jamill Kelly""]",False
5ae14b5c55429920d52343aa,ucb1,3,Anderson Silva,Anderson Silva,1.0,1.0,1.0,1.0,496,6,0.000104,"[""Joanna J\u0119drzejczyk"", ""Jamill Kelly"", ""Chris Weidman""]",False
5ae14b5c55429920d52343aa,ucb1,5,Anderson Silva,Anderson Silva,1.0,1.0,1.0,1.0,857,6,0.00017620000000000003,"[""Joanna J\u0119drzejczyk"", ""Jamill Kelly"", ""Chris Weidman"", ""Demetrious Johnson (fighter)"", ""Luke Rockhold""]",False
5a88b3b4554299206df2b336,ucb1,2,opera,music,0.0,0.0,0.0,0.0,299,4,6.3e-05,"[""Arlecchino (opera)"", ""Consul fabius""]",True
5a88b3b4554299206df2b336,ucb1,3,neo-classical style,music,0.0,0.0,0.0,0.0,417,7,8.900000000000001e-05,"[""Arlecchino (opera)"", ""Consul fabius"", ""Street art""]",True
5a88b3b4554299206df2b336,ucb1,5,opera,music,0.0,0.0,0.0,0.0,676,4,0.0001384,"[""Arlecchino (opera)"", ""Consul fabius"", ""Street art"", ""Ekaterina Semenikhin"", ""Degagna""]",True
5add67705542992ae4cec54f,ucb1,2,Rafael Dos Anjos,Rafael Souza dos Anjos,0.0,0.8571428571428571,1.0,0.75,488,8,0.00010400000000000002,"[""M\u00e1rio Neto"", ""Namsaknoi Yudthagarngamtorn""]",True
5add67705542992ae4cec54f,ucb1,3,Rafael dos Anjos,Rafael Souza dos Anjos,0.0,0.8571428571428571,1.0,0.75,551,8,0.00011660000000000002,"[""M\u00e1rio Neto"", ""Namsaknoi Yudthagarngamtorn"", ""Rafael dos Anjos""]",True
5add67705542992ae4cec54f,ucb1,5,Rafael dos Anjos,Rafael Souza dos Anjos,0.0,0.8571428571428571,1.0,0.75,819,8,0.00017020000000000002,"[""M\u00e1rio Neto"", ""Namsaknoi Yudthagarngamtorn"", ""Rafael dos Anjos"", ""Milton Vieira"", ""Anderson Silva""]",True
5a875fee5542996e4f3087ab,ucb1,2,Lysiloma,Lysiloma,1.0,1.0,1.0,1.0,295,13,6.939999999999999e-05,"[""Lysiloma"", ""Epidendrum subsect. Umbellata""]",True
5a875fee5542996e4f3087ab,ucb1,3,Lysiloma,Lysiloma,1.0,1.0,1.0,1.0,375,7,8.06e-05,"[""Lysiloma"", ""Epidendrum subsect. Umbellata"", ""Coeloplana fishelsoni""]",True
5a875fee5542996e4f3087ab,ucb1,5,Hydrocotyle,Lysiloma,0.0,0.0,0.0,0.0,662,7,0.000138,"[""Lysiloma"", ""Epidendrum subsect. Umbellata"", ""Coeloplana fishelsoni"", ""Hunteria umbellata"", ""Hydrocotyle ranunculoides""]",True
5ab2b630554299545a2cfa17,ucb1,2,yes,yes,1.0,1.0,1.0,1.0,384,4,8e-05,"[""Pumping Iron"", ""Gasland""]",False
5ab2b630554299545a2cfa17,ucb1,3,yes,yes,1.0,1.0,1.0,1.0,674,4,0.00013800000000000002,"[""Pumping Iron"", ""Gasland"", ""Pumping Iron &amp; Sweating Steel""]",False
5ab2b630554299545a2cfa17,ucb1,5,yes,yes,1.0,1.0,1.0,1.0,865,4,0.0001762,"[""Pumping Iron"", ""Gasland"", ""Pumping Iron &amp; Sweating Steel"", ""Pumping Iron II: The Women"", ""Gary Scalese""]",False
5a851ba95542997175ce1f81,ucb1,2,Dallas,Dallas,1.0,1.0,1.0,1.0,366,4,7.64e-05,"[""Assassination of John F. Kennedy"", ""Rosemary Willis (Miss Virginia)""]",True
5a851ba95542997175ce1f81,ucb1,3,Dallas,Dallas,1.0,1.0,1.0,1.0,465,4,9.62e-05,"[""Assassination of John F. Kennedy"", ""Rosemary Willis (Miss Virginia)"", ""Dealey Plaza""]",True
5a851ba95542997175ce1f81,ucb1,5,Dallas,Dallas,1.0,1.0,1.0,1.0,818,4,0.00016680000000000002,"[""Assassination of John F. Kennedy"", ""Rosemary Willis (Miss Virginia)"", ""Dealey Plaza"", ""John F. Kennedy: Years of Lightning, Day of Drums"", ""Warren Commission""]",True
5ae1d0e8554299234fd0430a,ucb1,2,Ecgfrith,Guthred or Guthfrith,0.0,0.0,0.0,0.0,588,7,0.0001232,"[""Fulrad"", ""Borhat""]",True
5ae1d0e8554299234fd0430a,ucb1,3,Oswald,Guthred or Guthfrith,0.0,0.0,0.0,0.0,733,5,0.00015059999999999997,"[""Fulrad"", ""Borhat"", ""Kr\u00f6pcke""]",True
5ae1d0e8554299234fd0430a,ucb1,5,Guthred,Guthred or Guthfrith,0.0,0.5,1.0,0.3333333333333333,916,6,0.00018800000000000002,"[""Fulrad"", ""Borhat"", ""Kr\u00f6pcke"", ""Northman"", ""Guthred""]",True
5ae1ebf95542997283cd22f2,ucb1,2,Interstate 22,Interstate 22,1.0,1.0,1.0,1.0,389,7,8.340000000000001e-05,"[""Interstate 99"", ""Mooreville, Mississippi""]",False
5ae1ebf95542997283cd22f2,ucb1,3,Interstate 22,Interstate 22,1.0,1.0,1.0,1.0,535,7,0.0001126,"[""Interstate 99"", ""Mooreville, Mississippi"", ""Interstate 22""]",False
5ae1ebf95542997283cd22f2,ucb1,5,Interstate 22,Interstate 22,1.0,1.0,1.0,1.0,725,7,0.0001506,"[""Interstate 99"", ""Mooreville, Mississippi"", ""Interstate 22"", ""New Hampshire Route 78"", ""Mississippi Highway 23""]",False
5a81d0515542990a1d231ed4,ucb1,2,Flamingo Las Vegas,"Las Vegas Strip in Paradise, Nevada",0.0,0.4444444444444444,0.6666666666666666,0.3333333333333333,228,8,5.2000000000000004e-05,"[""Flamingo Las Vegas"", ""Summer Nights (residency show)""]",False
5a81d0515542990a1d231ed4,ucb1,3,Flamingo Las Vegas,"Las Vegas Strip in Paradise, Nevada",0.0,0.4444444444444444,0.6666666666666666,0.3333333333333333,336,8,7.360000000000001e-05,"[""Flamingo Las Vegas"", ""Summer Nights (residency show)"", ""Bedikas Chametz""]",True
5a81d0515542990a1d231ed4,ucb1,5,Flamingo Las Vegas,"Las Vegas Strip in Paradise, Nevada",0.0,0.4444444444444444,0.6666666666666666,0.3333333333333333,691,8,0.00014460000000000002,"[""Flamingo Las Vegas"", ""Summer Nights (residency show)"", ""Bedikas Chametz"", ""Challenge Casino de Charlevoix"", ""Minnesota Institute for Talented Youth""]",True
5ae35e8c5542990afbd1e120,ucb1,2,Paul Freeman,"Don Jeffrey ""Jeff"" Meldrum (born May 24, 1958) is a Professor of Anatomy and Anthropology",0.0,0.0,0.0,0.0,328,11,7.44e-05,"[""Plaster Caster"", ""Nikolay Pirogov""]",True
5ae35e8c5542990afbd1e120,ucb1,3,Paul Freeman,"Don Jeffrey ""Jeff"" Meldrum (born May 24, 1958) is a Professor of Anatomy and Anthropology",0.0,0.0,0.0,0.0,398,11,8.840000000000001e-05,"[""Plaster Caster"", ""Nikolay Pirogov"", ""Comparison of orthotics""]",True
5ae35e8c5542990afbd1e120,ucb1,5,Jeff Meldrum,"Don Jeffrey ""Jeff"" Meldrum (born May 24, 1958) is a Professor of Anatomy and Anthropology",0.0,0.25,1.0,0.14285714285714285,608,6,0.0001264,"[""Plaster Caster"", ""Nikolay Pirogov"", ""Comparison of orthotics"", ""Museum of Plaster Casts (Thessaloniki)"", ""Paul Freeman (cryptozoologist)""]",True
5a87ed5b5542994846c1cdfc,ucb1,2,open-source license,GNU GPLv3,0.0,0.0,0.0,0.0,433,6,9.14e-05,"[""Cataclysm: Dark Days Ahead"", ""Open-source license""]",True
5a87ed5b5542994846c1cdfc,ucb1,3,Open-source license,GNU GPLv3,0.0,0.0,0.0,0.0,605,6,0.0001258,"[""Cataclysm: Dark Days Ahead"", ""Open-source license"", ""The Binding of Isaac (video game)""]",True
5a87ed5b5542994846c1cdfc,ucb1,5,open-source license,GNU GPLv3,0.0,0.0,0.0,0.0,818,6,0.00016840000000000003,"[""Cataclysm: Dark Days Ahead"", ""Open-source license"", ""The Binding of Isaac (video game)"", ""Freemium"", ""BitTorrent Open Source License""]",True
5abc41315542993a06baf8bb,ucb1,2,Julie Taymor,Julie Taymor,1.0,1.0,1.0,1.0,294,6,6.36e-05,"[""Frida"", ""M\u00eda Maestro""]",False
5abc41315542993a06baf8bb,ucb1,3,Julie Taymor,Julie Taymor,1.0,1.0,1.0,1.0,483,6,0.0001014,"[""Frida"", ""M\u00eda Maestro"", ""Jean Paul Leroux""]",False
5abc41315542993a06baf8bb,ucb1,5,Julie Taymor,Julie Taymor,1.0,1.0,1.0,1.0,604,6,0.00012560000000000002,"[""Frida"", ""M\u00eda Maestro"", ""Jean Paul Leroux"", ""Secuestro Express"", ""The Speed of Thought""]",False
5a7be1ab5542997c3ec972a9,ucb1,2,Forteana,Fortean,0.0,0.0,0.0,0.0,268,6,5.84e-05,"[""Charles Fort"", ""Josef Raesch""]",True
5a7be1ab5542997c3ec972a9,ucb1,3,Fortean phenomena,Fortean,0.0,0.6666666666666666,0.5,1.0,522,7,0.00011,"[""Charles Fort"", ""Josef Raesch"", ""Give My Regards to Davy""]",True
5a7be1ab5542997c3ec972a9,ucb1,5,Fortean subjects,Fortean,0.0,0.6666666666666666,0.5,1.0,625,7,0.0001306,"[""Charles Fort"", ""Josef Raesch"", ""Give My Regards to Davy"", ""UFO Magazine"", ""Ernest Charles Hoy""]",True
5a840e395542992ef85e239d,ucb1,2,no,no,1.0,1.0,1.0,1.0,456,4,9.44e-05,"[""The Straight Story"", ""Richard Farnsworth""]",False
5a840e395542992ef85e239d,ucb1,3,no,no,1.0,1.0,1.0,1.0,570,4,0.0001172,"[""The Straight Story"", ""Richard Farnsworth"", ""Frozen (2013 film)""]",False
5a840e395542992ef85e239d,ucb1,5,no,no,1.0,1.0,1.0,1.0,670,4,0.0001372,"[""The Straight Story"", ""Richard Farnsworth"", ""Frozen (2013 film)"", ""The Future of Oil: A Straight Story of the Canadian Oil Sands"", ""Clermont, Iowa""]",True
5ae8167b55429952e35eaa06,ucb1,2,Battle of the Rosebud,Battle of the Rosebud,1.0,1.0,1.0,1.0,433,8,9.300000000000001e-05,"[""Battle of the Rosebud"", ""The Other Magpie""]",True
5ae8167b55429952e35eaa06,ucb1,3,Battle of the Rosebud,Battle of the Rosebud,1.0,1.0,1.0,1.0,671,8,0.0001406,"[""Battle of the Rosebud"", ""The Other Magpie"", ""Battle of Congaree Creek""]",True
5ae8167b55429952e35eaa06,ucb1,5,Battle of the Rosebud,Battle of the Rosebud,1.0,1.0,1.0,1.0,948,8,0.00019600000000000002,"[""Battle of the Rosebud"", ""The Other Magpie"", ""Battle of Congaree Creek"", ""Battle of Olongapo"", ""Naval Battle of Campeche""]",True
5a776a805542993735360269,ucb1,2,Double Agent,Double Agent,1.0,1.0,1.0,1.0,307,5,6.54e-05,"[""Double Agent (1987 film)"", ""Big John Studd""]",False
5a776a805542993735360269,ucb1,3,Double Agent,Double Agent,1.0,1.0,1.0,1.0,501,5,0.0001042,"[""Double Agent (1987 film)"", ""Big John Studd"", ""Rayo de Jalisco Jr.""]",False
5a776a805542993735360269,ucb1,5,Double Agent,Double Agent,1.0,1.0,1.0,1.0,763,5,0.00015659999999999998,"[""Double Agent (1987 film)"", ""Big John Studd"", ""Rayo de Jalisco Jr."", ""Stigma (luchador)"", ""John D. Minton Jr.""]",False
5ab4b9f75542990594ba9ca4,ucb1,2,People!,People! and The Carnabeats,0.0,0.5,1.0,0.3333333333333333,447,5,9.340000000000001e-05,"[""Spontaneous Combustion (album)"", ""I Love You (The Zombies song)""]",True
5ab4b9f75542990594ba9ca4,ucb1,3,People!,People! and The Carnabeats,0.0,0.5,1.0,0.3333333333333333,484,5,0.00010080000000000001,"[""Spontaneous Combustion (album)"", ""I Love You (The Zombies song)"", ""Chris White (musician)""]",True
5ab4b9f75542990594ba9ca4,ucb1,5,People!,People! and The Carnabeats,0.0,0.5,1.0,0.3333333333333333,819,5,0.0001678,"[""Spontaneous Combustion (album)"", ""I Love You (The Zombies song)"", ""Chris White (musician)"", ""She Is Love (Parachute song)"", ""Don't Call It Love""]",True
5a78e3b955429974737f78f1,ucb1,2,Sherwood Stewart,Sherwood Stewart,1.0,1.0,1.0,1.0,239,6,5.2600000000000005e-05,"[""Sherwood Stewart"", ""1993 ATP Buenos Aires \u2013 Doubles""]",True
5a78e3b955429974737f78f1,ucb1,3,Sherwood Stewart,Sherwood Stewart,1.0,1.0,1.0,1.0,275,6,5.9800000000000003e-05,"[""Sherwood Stewart"", ""1993 ATP Buenos Aires \u2013 Doubles"", ""Javier Frana""]",True
5a78e3b955429974737f78f1,ucb1,5,Sherwood Stewart,Sherwood Stewart,1.0,1.0,1.0,1.0,558,6,0.0001164,"[""Sherwood Stewart"", ""1993 ATP Buenos Aires \u2013 Doubles"", ""Javier Frana"", ""Patricia Tarabini"", ""1991 Wimbledon Championships \u2013 Men's Doubles""]",True
5a851b0d5542997175ce1f7f,ucb1,2,yes,yes,1.0,1.0,1.0,1.0,266,4,5.640000000000001e-05,"[""Dogo Cubano"", ""Dogo Argentino""]",False
5a851b0d5542997175ce1f7f,ucb1,3,yes,yes,1.0,1.0,1.0,1.0,318,4,6.68e-05,"[""Dogo Cubano"", ""Dogo Argentino"", ""Dutch Shepherd""]",False
5a851b0d5542997175ce1f7f,ucb1,5,yes,yes,1.0,1.0,1.0,1.0,548,4,0.0001128,"[""Dogo Cubano"", ""Dogo Argentino"", ""Dutch Shepherd"", ""Cuban Criollo"", ""Guatemalan Dogo""]",True
5a78b5f7554299148911f95b,ucb1,2,Todd McFarlane,Todd McFarlane,1.0,1.0,1.0,1.0,379,8,8.22e-05,"[""Mustafa Shakir"", ""Fantastic Contraption (2008 video game)""]",True
5a78b5f7554299148911f95b,ucb1,3,Todd McFarlane,Todd McFarlane,1.0,1.0,1.0,1.0,442,8,9.480000000000001e-05,"[""Mustafa Shakir"", ""Fantastic Contraption (2008 video game)"", ""Wuthering Heights (1953 film)""]",True
5a78b5f7554299148911f95b,ucb1,5,Todd McFarlane,Todd McFarlane,1.0,1.0,1.0,1.0,822,8,0.0001708,"[""Mustafa Shakir"", ""Fantastic Contraption (2008 video game)"", ""Wuthering Heights (1953 film)"", ""Spawn (comics)"", ""SeaQuest DSV""]",True
5ab4304a55429942dd415ec5,ucb1,2,South America,South America,1.0,1.0,1.0,1.0,322,5,6.840000000000001e-05,"[""Josef Mengele"", ""After the Truth""]",True
5ab4304a55429942dd415ec5,ucb1,3,South America,South America,1.0,1.0,1.0,1.0,383,5,8.060000000000001e-05,"[""Josef Mengele"", ""After the Truth"", ""Music Box (film)""]",True
5ab4304a55429942dd415ec5,ucb1,5,South America,South America,1.0,1.0,1.0,1.0,643,5,0.00013259999999999997,"[""Josef Mengele"", ""After the Truth"", ""Music Box (film)"", ""Real Life (webcomic)"", ""Real Life with Jane Pauley""]",True
5a72dcb45542992359bc31af,ucb1,2,Aloe Vera of America,Aloe Vera of America,1.0,1.0,1.0,1.0,286,8,6.36e-05,"[""Forever Living Products"", ""Rex Maughan""]",False
5a72dcb45542992359bc31af,ucb1,3,Aloe Vera of America,Aloe Vera of America,1.0,1.0,1.0,1.0,385,8,8.340000000000001e-05,"[""Forever Living Products"", ""Rex Maughan"", ""Rex-Acme""]",True
5a72dcb45542992359bc31af,ucb1,5,Aloe Vera of America,Aloe Vera of America,1.0,1.0,1.0,1.0,638,8,0.000134,"[""Forever Living Products"", ""Rex Maughan"", ""Rex-Acme"", ""Rex Records (1912)"", ""Rexist Party""]",True
5a7e0ed25542991319bc9424,ucb1,2,noanswer,"November 1, 2000",0.0,0.0,0.0,0.0,305,11,6.98e-05,"[""66th Division (Imperial Japanese Army)"", ""Take My Wife (Family Guy)""]",True
5a7e0ed25542991319bc9424,ucb1,3,noanswer,"November 1, 2000",0.0,0.0,0.0,0.0,428,5,8.960000000000001e-05,"[""66th Division (Imperial Japanese Army)"", ""Take My Wife (Family Guy)"", ""249th (Saskatchewan) Battalion, CEF""]",True
5a7e0ed25542991319bc9424,ucb1,5,noanswer,"November 1, 2000",0.0,0.0,0.0,0.0,644,5,0.0001328,"[""66th Division (Imperial Japanese Army)"", ""Take My Wife (Family Guy)"", ""249th (Saskatchewan) Battalion, CEF"", ""The Simpsons (season 12)"", ""Treehouse of Horror XI""]",True
5ab9e477554299232ef4a25d,ucb1,2,Woolworth Building,Woolworth Building,1.0,1.0,1.0,1.0,358,7,7.72e-05,"[""1 New York Plaza"", ""Woolworth Building""]",False
5ab9e477554299232ef4a25d,ucb1,3,Woolworth Building,Woolworth Building,1.0,1.0,1.0,1.0,540,7,0.0001136,"[""1 New York Plaza"", ""Woolworth Building"", ""34th Street (IRT Ninth Avenue Line)""]",False
5ab9e477554299232ef4a25d,ucb1,5,Woolworth Building,Woolworth Building,1.0,1.0,1.0,1.0,910,7,0.0001876,"[""1 New York Plaza"", ""Woolworth Building"", ""34th Street (IRT Ninth Avenue Line)"", ""Abraham M. Radcliffe"", ""Petroleum Building (Midland)""]",False
5ab900045542991b5579f0c0,ucb1,2,"Midtown Manhattan, New York City","Midtown Manhattan in New York City,",0.0,0.9090909090909091,1.0,0.8333333333333334,272,16,6.720000000000001e-05,"[""Carnegie Hall"", ""IF Performance Hall""]",False
5ab900045542991b5579f0c0,ucb1,3,"Midtown Manhattan, New York City","Midtown Manhattan in New York City,",0.0,0.9090909090909091,1.0,0.8333333333333334,436,16,0.0001,"[""Carnegie Hall"", ""IF Performance Hall"", ""Fillmore Auditorium (Denver)""]",False
5ab900045542991b5579f0c0,ucb1,5,"New York City, United States","Midtown Manhattan in New York City,",0.0,0.5454545454545454,0.6,0.5,740,9,0.0001552,"[""Carnegie Hall"", ""IF Performance Hall"", ""Fillmore Auditorium (Denver)"", ""The Westcott Theater"", ""Jannus Live""]",False
5ab6e848554299710c8d1faa,ucb1,2,1968,"August 19, 1968",0.0,0.5,1.0,0.3333333333333333,513,5,0.00010660000000000002,"[""George Gamow"", ""Edward Teller""]",False
5ab6e848554299710c8d1faa,ucb1,3,1968,"August 19, 1968",0.0,0.5,1.0,0.3333333333333333,610,11,0.0001308,"[""George Gamow"", ""Edward Teller"", ""Ylem""]",False
5ab6e848554299710c8d1faa,ucb1,5,1968,"August 19, 1968",0.0,0.5,1.0,0.3333333333333333,1009,5,0.0002058,"[""George Gamow"", ""Edward Teller"", ""Ylem"", ""Gilman Paper Company"", ""Alpher\u2013Bethe\u2013Gamow paper""]",True
5a7dc2495542997cc2c4749a,ucb1,2,Miss Nepal 2010,1984 South Asian Games,0.0,0.0,0.0,0.0,414,14,9.400000000000001e-05,"[""Miss Nepal 2010"", ""Miss Nepal 2015""]",True
5a7dc2495542997cc2c4749a,ucb1,3,Miss Nepal 2010,1984 South Asian Games,0.0,0.0,0.0,0.0,531,8,0.00011260000000000001,"[""Miss Nepal 2010"", ""Miss Nepal 2015"", ""Miss Nepal 2014""]",True
5a7dc2495542997cc2c4749a,ucb1,5,Miss Nepal 1984,1984 South Asian Games,0.0,0.28571428571428575,0.3333333333333333,0.25,797,8,0.0001658,"[""Miss Nepal 2010"", ""Miss Nepal 2015"", ""Miss Nepal 2014"", ""2015 Nepal Premier League"", ""Miss Nepal 2013""]",True
5a84e9d35542994c784dda84,ucb1,2,Switzerland national team,the Switzerland national team,1.0,1.0,1.0,1.0,303,7,6.620000000000001e-05,"[""Xherdan Shaqiri"", ""Nike Mercurial Vapor""]",False
5a84e9d35542994c784dda84,ucb1,3,Switzerland national team,the Switzerland national team,1.0,1.0,1.0,1.0,346,7,7.48e-05,"[""Xherdan Shaqiri"", ""Nike Mercurial Vapor"", ""Stoke City F.C.""]",False
5a84e9d35542994c784dda84,ucb1,5,Switzerland national team,the Switzerland national team,1.0,1.0,1.0,1.0,533,7,0.0001122,"[""Xherdan Shaqiri"", ""Nike Mercurial Vapor"", ""Stoke City F.C."", ""Gareth Evans (footballer, born 1967)"", ""Tommy Hyslop""]",True
5a7cfea2554299452d57babe,ucb1,2,Life After People,Werner Herzog Eats His Shoe,0.0,0.0,0.0,0.0,294,12,6.840000000000001e-05,"[""Little Dieter Needs to Fly"", ""Life After People""]",False
5a7cfea2554299452d57babe,ucb1,3,Life After People,Werner Herzog Eats His Shoe,0.0,0.0,0.0,0.0,429,6,9.06e-05,"[""Little Dieter Needs to Fly"", ""Life After People"", ""Happy People: A Year in the Taiga""]",True
5a7cfea2554299452d57babe,ucb1,5,Werner Herzog Eats His Shoe,Werner Herzog Eats His Shoe,1.0,1.0,1.0,1.0,669,9,0.000141,"[""Little Dieter Needs to Fly"", ""Life After People"", ""Happy People: A Year in the Taiga"", ""Werner Herzog Eats His Shoe"", ""How Much Wood Would a Woodchuck Chuck (film)""]",True
5ae497f15542995ad6573db8,ucb1,2,Lisburn Distillery,Distillery,0.0,0.6666666666666666,0.5,1.0,448,7,9.520000000000001e-05,"[""Lisburn Distillery F.C."", ""Portstewart F.C.""]",False
5ae497f15542995ad6573db8,ucb1,3,Lisburn Distillery,Distillery,0.0,0.6666666666666666,0.5,1.0,525,7,0.0001106,"[""Lisburn Distillery F.C."", ""Portstewart F.C."", ""Northern Ireland Football League""]",True
5ae497f15542995ad6573db8,ucb1,5,Distillery,Distillery,1.0,1.0,1.0,1.0,669,5,0.0001378,"[""Lisburn Distillery F.C."", ""Portstewart F.C."", ""Northern Ireland Football League"", ""Sean Connor"", ""Queen's University Belfast A.F.C.""]",True
5ae2133e554299495565d9e3,ucb1,2,Kristine Leahy,Kristine Leahy,1.0,1.0,1.0,1.0,329,7,7.14e-05,"[""American Ninja Warrior (season 7)"", ""Jenn Brown""]",True
5ae2133e554299495565d9e3,ucb1,3,Kristine Leahy,Kristine Leahy,1.0,1.0,1.0,1.0,458,7,9.72e-05,"[""American Ninja Warrior (season 7)"", ""Jenn Brown"", ""American Ninja Warrior (season 2)""]",True
5ae2133e554299495565d9e3,ucb1,5,Kristine Leahy,Kristine Leahy,1.0,1.0,1.0,1.0,768,7,0.00015920000000000002,"[""American Ninja Warrior (season 7)"", ""Jenn Brown"", ""American Ninja Warrior (season 2)"", ""CircusTrix"", ""Evan Dollard""]",True
5abfe1115542997d64295909,ucb1,2,English folklore,Native American,0.0,0.0,0.0,0.0,479,5,9.980000000000001e-05,"[""Premenstrual water retention"", ""Sundowning""]",True
5abfe1115542997d64295909,ucb1,3,Native American tradition,Native American,0.0,0.8,0.6666666666666666,1.0,607,6,0.0001262,"[""Premenstrual water retention"", ""Sundowning"", ""Thunderbird (cryptozoology)""]",True
5abfe1115542997d64295909,ucb1,5,Native American tradition,Native American,0.0,0.8,0.6666666666666666,1.0,893,6,0.00018340000000000004,"[""Premenstrual water retention"", ""Sundowning"", ""Thunderbird (cryptozoology)"", ""Patagonia picnic table effect"", ""Ice-marginal lava flow""]",True
5a8ce55f554299441c6b9f62,ucb1,2,"Tulsa, Oklahoma",Tulsa,0.0,0.6666666666666666,0.5,1.0,393,7,8.420000000000001e-05,"[""Tinted Windows (band)"", ""Act of Congress (music group)""]",True
5a8ce55f554299441c6b9f62,ucb1,3,"Tulsa, Oklahoma",Tulsa,0.0,0.6666666666666666,0.5,1.0,552,7,0.000116,"[""Tinted Windows (band)"", ""Act of Congress (music group)"", ""Ants Marching""]",True
5a8ce55f554299441c6b9f62,ucb1,5,"Tulsa, Oklahoma",Tulsa,0.0,0.6666666666666666,0.5,1.0,894,7,0.0001844,"[""Tinted Windows (band)"", ""Act of Congress (music group)"", ""Ants Marching"", ""The Delta Machine Tour"", ""Drive By (album)""]",True
5a7c47c35542990527d55481,ucb1,2,House of Fraser,Army & Navy Stores,0.0,0.0,0.0,0.0,277,12,6.500000000000001e-05,"[""Beatties of London"", ""Donald Field""]",True
5a7c47c35542990527d55481,ucb1,3,Beatties department store group,Army & Navy Stores,0.0,0.0,0.0,0.0,362,9,7.960000000000001e-05,"[""Beatties of London"", ""Donald Field"", ""Donald Swain Lewis""]",True
5a7c47c35542990527d55481,ucb1,5,House of Fraser,Army & Navy Stores,0.0,0.0,0.0,0.0,579,6,0.0001206,"[""Beatties of London"", ""Donald Field"", ""Donald Swain Lewis"", ""Army &amp; Navy Stores (United Kingdom)"", ""El Corte Ingl\u00e9s""]",True
5ab4107a554299753aec5a2f,ucb1,2,1961,1961,1.0,1.0,1.0,1.0,422,5,8.840000000000001e-05,"[""Hanneke Niens"", ""Dogwoman""]",True
5ab4107a554299753aec5a2f,ucb1,3,1958,1961,0.0,0.0,0.0,0.0,487,5,0.00010140000000000001,"[""Hanneke Niens"", ""Dogwoman"", ""Izara Aishah""]",True
5ab4107a554299753aec5a2f,ucb1,5,1961,1961,1.0,1.0,1.0,1.0,736,5,0.00015120000000000002,"[""Hanneke Niens"", ""Dogwoman"", ""Izara Aishah"", ""Magda Szubanski"", ""Tiz Zaqyah""]",True
5a774e415542994aec3b7280,ucb1,2,Gurdeep Kohli,Kait Parker,0.0,0.0,0.0,0.0,275,14,6.620000000000001e-05,"[""Ginger Zee"", ""Gurdeep Kohli""]",True
5a774e415542994aec3b7280,ucb1,3,Ginger Zee,Kait Parker,0.0,0.0,0.0,0.0,393,12,8.820000000000002e-05,"[""Ginger Zee"", ""Gurdeep Kohli"", ""Zee Variasi""]",True
5a774e415542994aec3b7280,ucb1,5,Kait Parker,Kait Parker,1.0,1.0,1.0,1.0,564,6,0.00011760000000000001,"[""Ginger Zee"", ""Gurdeep Kohli"", ""Zee Variasi"", ""Rob Marciano"", ""Kait Parker""]",True
5abdf06355429976d4830a2d,ucb1,2,noanswer,against the feather of truth,0.0,0.0,0.0,0.0,447,5,9.340000000000001e-05,"[""Ra"", ""Ancient Egyptian religion""]",False
5abdf06355429976d4830a2d,ucb1,3,noanswer,against the feather of truth,0.0,0.0,0.0,0.0,545,5,0.00011300000000000001,"[""Ra"", ""Ancient Egyptian religion"", ""Hatmehit""]",True
5abdf06355429976d4830a2d,ucb1,5,noanswer,against the feather of truth,0.0,0.0,0.0,0.0,901,5,0.0001842,"[""Ra"", ""Ancient Egyptian religion"", ""Hatmehit"", ""Osiris myth"", ""Ancient Egyptian offering formula""]",True
5a8ac4dd5542992d82986f76,ucb1,2,Barnoldswick,Barnoldswick,1.0,1.0,1.0,1.0,336,6,7.2e-05,"[""Bancroft Shed"", ""Tosside""]",True
5a8ac4dd5542992d82986f76,ucb1,3,Barnoldswick,Barnoldswick,1.0,1.0,1.0,1.0,437,6,9.22e-05,"[""Bancroft Shed"", ""Tosside"", ""Barnoldswick""]",True
5a8ac4dd5542992d82986f76,ucb1,5,Barnoldswick,Barnoldswick,1.0,1.0,1.0,1.0,671,6,0.00013900000000000002,"[""Bancroft Shed"", ""Tosside"", ""Barnoldswick"", ""Hopperton"", ""Great Stone of Fourstones""]",True
5a8f503c5542992414482a34,ucb1,2,American,English,0.0,0.0,0.0,0.0,192,4,4.160000000000001e-05,"[""Prodigal Daughter (Star Trek: Deep Space Nine)"", ""The Prodigal Judge""]",True
5a8f503c5542992414482a34,ucb1,3,British,English,0.0,0.0,0.0,0.0,256,4,5.440000000000001e-05,"[""Prodigal Daughter (Star Trek: Deep Space Nine)"", ""The Prodigal Judge"", ""Mich\u00e8le Roberts""]",True
5a8f503c5542992414482a34,ucb1,5,British,English,0.0,0.0,0.0,0.0,441,4,9.14e-05,"[""Prodigal Daughter (Star Trek: Deep Space Nine)"", ""The Prodigal Judge"", ""Mich\u00e8le Roberts"", ""Eloy Urroz"", ""Jeffrey Archer""]",True
5a8ec55f5542995a26add50c,ucb1,2,on top of Black Mountain,4145 ft,0.0,0.0,0.0,0.0,293,8,6.500000000000001e-05,"[""Black Mountain (Kentucky)"", ""Virginia State Route 160""]",False
5a8ec55f5542995a26add50c,ucb1,3,top of Black Mountain,4145 ft,0.0,0.0,0.0,0.0,440,7,9.36e-05,"[""Black Mountain (Kentucky)"", ""Virginia State Route 160"", ""Alabama State Route 160""]",False
5a8ec55f5542995a26add50c,ucb1,5,4145 ft,4145 ft,1.0,1.0,1.0,1.0,622,6,0.00012920000000000002,"[""Black Mountain (Kentucky)"", ""Virginia State Route 160"", ""Alabama State Route 160"", ""Washington State Route 160"", ""Maine State Route 160""]",False
5ae1338d55429901ffe4ade1,ucb1,2,zurra,the green fairy,0.0,0.0,0.0,0.0,426,5,8.92e-05,"[""Zurracapote"", ""Cundill Prize""]",True
5ae1338d55429901ffe4ade1,ucb1,3,zurra,the green fairy,0.0,0.0,0.0,0.0,491,5,0.0001022,"[""Zurracapote"", ""Cundill Prize"", ""Quintessentially Unreal""]",True
5ae1338d55429901ffe4ade1,ucb1,5,la fée verte,the green fairy,0.0,0.0,0.0,0.0,802,7,0.000166,"[""Zurracapote"", ""Cundill Prize"", ""Quintessentially Unreal"", ""Absinthe"", ""List of alcoholic drinks""]",True
5a7bea3d5542996dd594b847,ucb1,2,Tom Ellis,Sean Maguire,0.0,0.0,0.0,0.0,328,5,6.960000000000001e-05,"[""List of Alyas Robin Hood episodes"", ""Tom Ellis (actor)""]",True
5a7bea3d5542996dd594b847,ucb1,3,Tom Ellis,Sean Maguire,0.0,0.0,0.0,0.0,478,11,0.0001044,"[""List of Alyas Robin Hood episodes"", ""Tom Ellis (actor)"", ""List of Alyas Robin Hood characters""]",True
5a7bea3d5542996dd594b847,ucb1,5,Lana Parrilla,Sean Maguire,0.0,0.0,0.0,0.0,794,13,0.00016920000000000002,"[""List of Alyas Robin Hood episodes"", ""Tom Ellis (actor)"", ""List of Alyas Robin Hood characters"", ""Alyas Robin Hood"", ""Destined to be Yours""]",True
5a7f567e5542992097ad2f22,ucb1,2,2001,2001,1.0,1.0,1.0,1.0,556,11,0.00012,"[""Honda Capa"", ""Honda B engine""]",False
5a7f567e5542992097ad2f22,ucb1,3,2001,2001,1.0,1.0,1.0,1.0,703,5,0.0001446,"[""Honda Capa"", ""Honda B engine"", ""Honda K engine""]",False
5a7f567e5542992097ad2f22,ucb1,5,2001,2001,1.0,1.0,1.0,1.0,929,5,0.0001898,"[""Honda Capa"", ""Honda B engine"", ""Honda K engine"", ""Honda B20A engine"", ""Honda CLR""]",True
5ac26ac15542992f1f2b38bc,ucb1,2,Sam Phillips,Sam Phillips,1.0,1.0,1.0,1.0,273,5,5.86e-05,"[""Hustle &amp; Flow"", ""Paramount Vantage""]",True
5ac26ac15542992f1f2b38bc,ucb1,3,Sam Phillips,Sam Phillips,1.0,1.0,1.0,1.0,478,5,9.960000000000001e-05,"[""Hustle &amp; Flow"", ""Paramount Vantage"", ""Beneath (2007 film)""]",True
5ac26ac15542992f1f2b38bc,ucb1,5,Sam Phillips,Sam Phillips,1.0,1.0,1.0,1.0,620,5,0.000128,"[""Hustle &amp; Flow"", ""Paramount Vantage"", ""Beneath (2007 film)"", ""Asylum (2005 film)"", ""What's Wrong with Angry?""]",True
5adbcc085542996e6852523c,ucb1,2,"poi, Kalua pig, poke, lomi salmon, opihi, haupia and beer","poi, Kalua pig, poke, lomi salmon, opihi, haupia",0.0,0.888888888888889,0.8,1.0,432,22,0.00010400000000000001,"[""Luau"", ""Hawaiian Cottage""]",False
5adbcc085542996e6852523c,ucb1,3,"poi, Kalua pig, poke, lomi salmon, opihi, haupia and beer","poi, Kalua pig, poke, lomi salmon, opihi, haupia",0.0,0.888888888888889,0.8,1.0,551,22,0.00012780000000000002,"[""Luau"", ""Hawaiian Cottage"", ""A-ration""]",True
5adbcc085542996e6852523c,ucb1,5,"poi, Kalua pig, poke, lomi salmon, opihi, haupia and beer","poi, Kalua pig, poke, lomi salmon, opihi, haupia",0.0,0.888888888888889,0.8,1.0,775,22,0.0001726,"[""Luau"", ""Hawaiian Cottage"", ""A-ration"", ""Beurre Ma\u00eetre d'H\u00f4tel"", ""Pub cheese""]",True
5ae531695542990ba0bbb1fb,ucb1,2,1945,1945,1.0,1.0,1.0,1.0,315,5,6.7e-05,"[""Steve Spurrier"", ""2005 South Carolina Gamecocks football team""]",True
5ae531695542990ba0bbb1fb,ucb1,3,1945,1945,1.0,1.0,1.0,1.0,416,5,8.72e-05,"[""Steve Spurrier"", ""2005 South Carolina Gamecocks football team"", ""2007 South Carolina Gamecocks football team""]",True
5ae531695542990ba0bbb1fb,ucb1,5,1945,1945,1.0,1.0,1.0,1.0,652,5,0.0001344,"[""Steve Spurrier"", ""2005 South Carolina Gamecocks football team"", ""2007 South Carolina Gamecocks football team"", ""2015 South Carolina Gamecocks football team"", ""2006 South Carolina Gamecocks football team""]",True
5ac2cb09554299657fa29066,ucb1,2,Texas Longhorns men's basketball team,Texas Longhorns men's basketball team,1.0,1.0,1.0,1.0,298,10,6.76e-05,"[""Texas Longhorns men's basketball"", ""Travis Mays""]",True
5ac2cb09554299657fa29066,ucb1,3,Texas Longhorns men's basketball team,Texas Longhorns men's basketball team,1.0,1.0,1.0,1.0,413,10,9.06e-05,"[""Texas Longhorns men's basketball"", ""Travis Mays"", ""Big 12 Conference football""]",True
5ac2cb09554299657fa29066,ucb1,5,Texas Longhorns men's basketball team,Texas Longhorns men's basketball team,1.0,1.0,1.0,1.0,664,10,0.0001408,"[""Texas Longhorns men's basketball"", ""Travis Mays"", ""Big 12 Conference football"", ""Big 12 Conference Softball Tournament"", ""Big 12 Conference men's basketball""]",True
5a82817555429954d2e2eb5a,ucb1,2,Langto,"""Naked Killer""",0.0,0.0,0.0,0.0,247,5,5.340000000000001e-05,"[""Naked Weapon"", ""Langto""]",True
5a82817555429954d2e2eb5a,ucb1,3,Naked Weapon,"""Naked Killer""",0.0,0.5,0.5,0.5,363,6,7.74e-05,"[""Naked Weapon"", ""Langto"", ""Mario Gaoa""]",True
5a82817555429954d2e2eb5a,ucb1,5,Naked Killer,"""Naked Killer""",1.0,1.0,1.0,1.0,617,6,0.00012820000000000003,"[""Naked Weapon"", ""Langto"", ""Mario Gaoa"", ""Naked Soldier"", ""The Naked Gun 2\u00bd: The Smell of Fear""]",True
5ae34b275542992e3233c371,ucb1,2,Tony Award,Outstanding Lighting Design,0.0,0.0,0.0,0.0,267,5,5.7400000000000006e-05,"[""Equus (play)"", ""Lettice and Lovage""]",True
5ae34b275542992e3233c371,ucb1,3,noanswer,Outstanding Lighting Design,0.0,0.0,0.0,0.0,293,5,6.26e-05,"[""Equus (play)"", ""Lettice and Lovage"", ""Amadeus (disambiguation)""]",True
5ae34b275542992e3233c371,ucb1,5,Tony Award,Outstanding Lighting Design,0.0,0.0,0.0,0.0,426,5,8.92e-05,"[""Equus (play)"", ""Lettice and Lovage"", ""Amadeus (disambiguation)"", ""Doris Abrahams"", ""Withered Murder""]",True
5a74f5155542993748c89750,ucb1,2,Kemess Mine,The Colomac Mine,0.0,0.5,0.5,0.5,339,6,7.259999999999999e-05,"[""Kemess Mine"", ""Royal Oak Neighborhood Schools""]",True
5a74f5155542993748c89750,ucb1,3,Colomac Mine,The Colomac Mine,1.0,1.0,1.0,1.0,542,6,0.0001132,"[""Kemess Mine"", ""Royal Oak Neighborhood Schools"", ""Colomac Mine""]",True
5a74f5155542993748c89750,ucb1,5,Colomac Mine,The Colomac Mine,1.0,1.0,1.0,1.0,884,6,0.00018160000000000002,"[""Kemess Mine"", ""Royal Oak Neighborhood Schools"", ""Colomac Mine"", ""P3 Mk2 mine"", ""N.W.T. Mining Heritage Society""]",True
5add0f635542994ed6169c56,ucb1,2,yes,yes,1.0,1.0,1.0,1.0,369,4,7.699999999999999e-05,"[""The Man from Snowy River II"", ""Bruce Rowland""]",False
5add0f635542994ed6169c56,ucb1,3,yes,yes,1.0,1.0,1.0,1.0,444,4,9.200000000000001e-05,"[""The Man from Snowy River II"", ""Bruce Rowland"", ""Snowy River""]",False
5add0f635542994ed6169c56,ucb1,5,yes,yes,1.0,1.0,1.0,1.0,563,4,0.00011580000000000001,"[""The Man from Snowy River II"", ""Bruce Rowland"", ""Snowy River"", ""Miracle of the White Stallions"", ""Return to Snowy River""]",False
5ab4428c5542990594ba9bda,ucb1,2,yes,yes,1.0,1.0,1.0,1.0,350,4,7.319999999999999e-05,"[""P.O.D."", ""Lush (band)""]",False
5ab4428c5542990594ba9bda,ucb1,3,yes,yes,1.0,1.0,1.0,1.0,421,4,8.74e-05,"[""P.O.D."", ""Lush (band)"", ""Liquifury""]",True
5ab4428c5542990594ba9bda,ucb1,5,no,yes,0.0,0.0,0.0,0.0,636,4,0.0001304,"[""P.O.D."", ""Lush (band)"", ""Liquifury"", ""Giant Target"", ""Tribo de Jah""]",True
5a721a7655429971e9dc9271,ucb1,2,Doug Dale,Christopher Rich,0.0,0.0,0.0,0.0,476,5,9.92e-05,"[""Jennifer Ventimilia"", ""Doug Dale""]",False
5a721a7655429971e9dc9271,ucb1,3,Jay Thomas,Christopher Rich,0.0,0.0,0.0,0.0,723,5,0.00014859999999999998,"[""Jennifer Ventimilia"", ""Doug Dale"", ""Jay Thomas""]",False
5a721a7655429971e9dc9271,ucb1,5,Christopher Rich,Christopher Rich,1.0,1.0,1.0,1.0,914,5,0.0001868,"[""Jennifer Ventimilia"", ""Doug Dale"", ""Jay Thomas"", ""Christopher Rich (actor)"", ""The Middle (TV series)""]",True
5ae532365542992663a4f150,ucb1,2,2016,2015,0.0,0.0,0.0,0.0,328,5,6.960000000000001e-05,"[""Alinta Energy"", ""Rugeley power stations""]",True
5ae532365542992663a4f150,ucb1,3,2002,2015,0.0,0.0,0.0,0.0,403,5,8.460000000000001e-05,"[""Alinta Energy"", ""Rugeley power stations"", ""Kosovo A Power Station""]",True
5ae532365542992663a4f150,ucb1,5,2016,2015,0.0,0.0,0.0,0.0,609,5,0.0001258,"[""Alinta Energy"", ""Rugeley power stations"", ""Kosovo A Power Station"", ""Curlew Island (South Australia)"", ""Playford A Power Station""]",True
5a72f1cf5542994cef4bc414,ucb1,2,Gary Oldman,Gary Oldman,1.0,1.0,1.0,1.0,294,6,6.36e-05,"[""The Scarlet Letter (1922 film)"", ""The Scarlet Letter (1995 film)""]",False
5a72f1cf5542994cef4bc414,ucb1,3,Gary Oldman,Gary Oldman,1.0,1.0,1.0,1.0,391,6,8.3e-05,"[""The Scarlet Letter (1922 film)"", ""The Scarlet Letter (1995 film)"", ""Streak (film)""]",False
5a72f1cf5542994cef4bc414,ucb1,5,Gary Oldman,Gary Oldman,1.0,1.0,1.0,1.0,510,6,0.0001068,"[""The Scarlet Letter (1922 film)"", ""The Scarlet Letter (1995 film)"", ""Streak (film)"", ""Gary Oldman"", ""Phenomenon (film)""]",True
5a749e1855429979e28829c3,ucb1,2,Emilio Sánchez,Emilio Ángel Sánchez Vicario,0.0,0.6666666666666666,1.0,0.5,290,6,6.28e-05,"[""Emilio S\u00e1nchez"", ""1986 Swedish Open""]",True
5a749e1855429979e28829c3,ucb1,3,Emilio Sánchez,Emilio Ángel Sánchez Vicario,0.0,0.6666666666666666,1.0,0.5,350,6,7.479999999999999e-05,"[""Emilio S\u00e1nchez"", ""1986 Swedish Open"", ""Andrei Olhovskiy""]",True
5a749e1855429979e28829c3,ucb1,5,Emilio Sánchez,Emilio Ángel Sánchez Vicario,0.0,0.6666666666666666,1.0,0.5,554,6,0.0001156,"[""Emilio S\u00e1nchez"", ""1986 Swedish Open"", ""Andrei Olhovskiy"", ""Orlando S\u00e1nchez (basketball)"", ""1990 Estoril Open""]",True
5a8b051255429971feec460e,ucb1,2,Pat McCarran,U.S. Senator Pat McCarran,0.0,0.6666666666666666,1.0,0.5,345,13,7.939999999999999e-05,"[""McCarran International Airport"", ""Toledo Executive Airport""]",True
5a8b051255429971feec460e,ucb1,3,Pat McCarran,U.S. Senator Pat McCarran,0.0,0.6666666666666666,1.0,0.5,438,7,9.320000000000002e-05,"[""McCarran International Airport"", ""Toledo Executive Airport"", ""Hayward Executive Airport""]",True
5a8b051255429971feec460e,ucb1,5,Pat McCarran,U.S. Senator Pat McCarran,0.0,0.6666666666666666,1.0,0.5,652,7,0.000136,"[""McCarran International Airport"", ""Toledo Executive Airport"", ""Hayward Executive Airport"", ""Miami-Opa Locka Executive Airport"", ""Bolton Field""]",True
5a7616755542992d0ec06028,ucb1,2,"Biloxi, Mississippi","Gulfport, Biloxi",0.0,0.5,0.5,0.5,347,7,7.500000000000001e-05,"[""Lewistown, Pennsylvania"", ""Biloxi, Mississippi""]",True
5a7616755542992d0ec06028,ucb1,3,"Biloxi, Mississippi","Gulfport, Biloxi",0.0,0.5,0.5,0.5,409,13,9.22e-05,"[""Lewistown, Pennsylvania"", ""Biloxi, Mississippi"", ""Henderson, Texas""]",True
5a7616755542992d0ec06028,ucb1,5,"Biloxi, Mississippi","Gulfport, Biloxi",0.0,0.5,0.5,0.5,558,7,0.0001172,"[""Lewistown, Pennsylvania"", ""Biloxi, Mississippi"", ""Henderson, Texas"", ""Henderson County, Kentucky"", ""Hendersonville, North Carolina""]",True
5ac0fd56554299012d1db679,ucb1,2,Missouri,Missouri,1.0,1.0,1.0,1.0,268,5,5.7600000000000004e-05,"[""The Keeping Hours"", ""Gone Girl (film)""]",False
5ac0fd56554299012d1db679,ucb1,3,Missouri,Missouri,1.0,1.0,1.0,1.0,329,5,6.98e-05,"[""The Keeping Hours"", ""Gone Girl (film)"", ""In Love and War (1958 film)""]",True
5ac0fd56554299012d1db679,ucb1,5,Missouri,Missouri,1.0,1.0,1.0,1.0,634,5,0.0001308,"[""The Keeping Hours"", ""Gone Girl (film)"", ""In Love and War (1958 film)"", ""Carrie Coon"", ""List of awards and nominations received by Fargo""]",True
5adde73f5542992200553b94,ucb1,2,Spider-Man,comic,0.0,0.0,0.0,0.0,374,5,7.88e-05,"[""Spider-Man: The New Animated Series"", ""Spider-Man in film""]",False
5adde73f5542992200553b94,ucb1,3,Spider-Man is the alter-ego of Peter Parker,comic,0.0,0.0,0.0,0.0,441,13,9.86e-05,"[""Spider-Man: The New Animated Series"", ""Spider-Man in film"", ""Spider-Man (pinball)""]",True
5adde73f5542992200553b94,ucb1,5,Spider-Man is a fictional character created by Stan Lee and Steve Ditko in Marvel Comics,comic,0.0,0.0,0.0,0.0,735,20,0.000163,"[""Spider-Man: The New Animated Series"", ""Spider-Man in film"", ""Spider-Man (pinball)"", ""Spider-Man (2002 video game)"", ""Spider-Man 2""]",True
5ab506a05542990594ba9cd6,ucb1,2,Scaevola,Sonerila,0.0,0.0,0.0,0.0,279,7,6.14e-05,"[""Scaevola coriacea"", ""Scaevola oxyclona""]",True
5ab506a05542990594ba9cd6,ucb1,3,Scaevola,Sonerila,0.0,0.0,0.0,0.0,408,7,8.72e-05,"[""Scaevola coriacea"", ""Scaevola oxyclona"", ""Scaevola albida""]",True
5ab506a05542990594ba9cd6,ucb1,5,Scaevola,Sonerila,0.0,0.0,0.0,0.0,538,7,0.00011320000000000001,"[""Scaevola coriacea"", ""Scaevola oxyclona"", ""Scaevola albida"", ""Scaevola (plant)"", ""Goodeniaceae""]",True
5a7f57a45542992097ad2f29,ucb1,2,noanswer,"Liberal ""Venstre"" party",0.0,0.0,0.0,0.0,384,5,8.080000000000001e-05,"[""Ecological Intervention"", ""Fran\u00e7ois Hollande presidential campaign, 2012""]",True
5a7f57a45542992097ad2f29,ucb1,3,Venstre Reform Party,"Liberal ""Venstre"" party",0.0,0.6666666666666666,0.6666666666666666,0.6666666666666666,491,7,0.0001038,"[""Ecological Intervention"", ""Fran\u00e7ois Hollande presidential campaign, 2012"", ""Cabinet of Deuntzer""]",True
5a7f57a45542992097ad2f29,ucb1,5,Venstre Reform Party,"Liberal ""Venstre"" party",0.0,0.6666666666666666,0.6666666666666666,0.6666666666666666,707,7,0.000147,"[""Ecological Intervention"", ""Fran\u00e7ois Hollande presidential campaign, 2012"", ""Cabinet of Deuntzer"", ""Johan Henrik Deuntzer"", ""Committee for a Radical Left Rally""]",True
5a8dee2455429917b4a5bce1,ucb1,2,Milk,Pineapple Express,0.0,0.0,0.0,0.0,625,4,0.0001282,"[""James Franco"", ""Factories Act 1847""]",True
5a8dee2455429917b4a5bce1,ucb1,3,Milk,Pineapple Express,0.0,0.0,0.0,0.0,724,4,0.00014800000000000002,"[""James Franco"", ""Factories Act 1847"", ""127 Hours""]",True
5a8dee2455429917b4a5bce1,ucb1,5,Pineapple Express,Pineapple Express,1.0,1.0,1.0,1.0,919,7,0.00018940000000000002,"[""James Franco"", ""Factories Act 1847"", ""127 Hours"", ""Cl\u00e9mence Po\u00e9sy"", ""Coal Mines Regulation Act 1908""]",True
5a7cd7f055429909bec7683e,ucb1,2,Juilliard School,Juilliard School,1.0,1.0,1.0,1.0,441,7,9.38e-05,"[""Jessica Chastain on screen and stage"", ""Three Sisters (play)""]",False
5a7cd7f055429909bec7683e,ucb1,3,Juilliard School,Juilliard School,1.0,1.0,1.0,1.0,583,7,0.00012220000000000002,"[""Jessica Chastain on screen and stage"", ""Three Sisters (play)"", ""Jessica Chastain""]",False
5a7cd7f055429909bec7683e,ucb1,5,Juilliard School,Juilliard School,1.0,1.0,1.0,1.0,909,7,0.0001874,"[""Jessica Chastain on screen and stage"", ""Three Sisters (play)"", ""Jessica Chastain"", ""Eugene O'Neill"", ""The Cherry Orchard""]",False
5a7cb8bc554299452d57b9be,ucb1,2,27000,"27,000",1.0,1.0,1.0,1.0,328,5,6.960000000000001e-05,"[""Gaddafi Stadium"", ""Azhar Ali""]",False
5a7cb8bc554299452d57b9be,ucb1,3,"27,000","27,000",1.0,1.0,1.0,1.0,397,6,8.42e-05,"[""Gaddafi Stadium"", ""Azhar Ali"", ""Lahore Eagles""]",False
5a7cb8bc554299452d57b9be,ucb1,5,"27,000","27,000",1.0,1.0,1.0,1.0,556,6,0.000116,"[""Gaddafi Stadium"", ""Azhar Ali"", ""Lahore Eagles"", ""Khurram Shehzad"", ""Lahore Lions""]",False
5ab9547755429970cfb8ea6c,ucb1,2,373,87,0.0,0.0,0.0,0.0,311,4,6.54e-05,"[""Archdeaconry of St Andrews"", ""St Dionis Backchurch""]",True
5ab9547755429970cfb8ea6c,ucb1,3,87,87,1.0,1.0,1.0,1.0,452,4,9.36e-05,"[""Archdeaconry of St Andrews"", ""St Dionis Backchurch"", ""Great Fire of London""]",True
5ab9547755429970cfb8ea6c,ucb1,5,87,87,1.0,1.0,1.0,1.0,565,4,0.00011619999999999999,"[""Archdeaconry of St Andrews"", ""St Dionis Backchurch"", ""Great Fire of London"", ""St Dionis Mission Hall"", ""List of Christopher Wren churches in London""]",True
5a8cfa2e554299585d9e378b,ucb1,2,professional footballer,professional footballer,1.0,1.0,1.0,1.0,261,6,5.7e-05,"[""Lock, Stock and Two Smoking Barrels"", ""Vinnie Jones""]",False
5a8cfa2e554299585d9e378b,ucb1,3,professional footballer,professional footballer,1.0,1.0,1.0,1.0,333,6,7.14e-05,"[""Lock, Stock and Two Smoking Barrels"", ""Vinnie Jones"", ""Frank Harper""]",True
5a8cfa2e554299585d9e378b,ucb1,5,professional footballer,professional footballer,1.0,1.0,1.0,1.0,475,6,9.98e-05,"[""Lock, Stock and Two Smoking Barrels"", ""Vinnie Jones"", ""Frank Harper"", ""Steven Mackintosh"", ""Nick Moran""]",True
5ab67bd355429954757d32f2,ucb1,2,Green Bay Packers,New York Giants,0.0,0.0,0.0,0.0,320,6,6.879999999999999e-05,"[""Ray Nitschke"", ""Michael Hj\u00e4lm""]",True
5ab67bd355429954757d32f2,ucb1,3,Green Bay Packers,New York Giants,0.0,0.0,0.0,0.0,393,6,8.340000000000001e-05,"[""Ray Nitschke"", ""Michael Hj\u00e4lm"", ""Fiona Forbes""]",True
5ab67bd355429954757d32f2,ucb1,5,New York Giants,New York Giants,1.0,1.0,1.0,1.0,752,6,0.0001552,"[""Ray Nitschke"", ""Michael Hj\u00e4lm"", ""Fiona Forbes"", ""Curt Menefee"", ""Michael Strahan""]",True
5abecdf45542997719eab5d4,ucb1,2,Polk County,Polk,0.0,0.6666666666666666,0.5,1.0,366,6,7.8e-05,"[""Florida peninsula inland scrub"", ""Davenport, Florida""]",True
5abecdf45542997719eab5d4,ucb1,3,Polk County,Polk,0.0,0.6666666666666666,0.5,1.0,507,6,0.0001062,"[""Florida peninsula inland scrub"", ""Davenport, Florida"", ""Medicine Lake National Wildlife Refuge""]",True
5abecdf45542997719eab5d4,ucb1,5,Polk County,Polk,0.0,0.6666666666666666,0.5,1.0,891,6,0.00018300000000000003,"[""Florida peninsula inland scrub"", ""Davenport, Florida"", ""Medicine Lake National Wildlife Refuge"", ""Nantucket National Wildlife Refuge"", ""Florida scrub""]",True
5a7e37095542995ed0d166d5,ucb1,2,Robert Z. Leonard,Sinclair Hill,0.0,0.0,0.0,0.0,332,13,7.68e-05,"[""When Ladies Meet (1941 film)"", ""Her Twelve Men""]",True
5a7e37095542995ed0d166d5,ucb1,3,Robert Z. Leonard,Sinclair Hill,0.0,0.0,0.0,0.0,388,7,8.32e-05,"[""When Ladies Meet (1941 film)"", ""Her Twelve Men"", ""Fascination (1922 film)""]",True
5a7e37095542995ed0d166d5,ucb1,5,Robert Z. Leonard,Sinclair Hill,0.0,0.0,0.0,0.0,502,7,0.000106,"[""When Ladies Meet (1941 film)"", ""Her Twelve Men"", ""Fascination (1922 film)"", ""The Indian Love Lyrics"", ""Robert Z. Leonard""]",True
5a8f18d555429918e830d189,ucb1,2,Walesby,Caistor is a town,0.0,0.0,0.0,0.0,338,12,7.72e-05,"[""Brookenby Church"", ""Gayton le Wold""]",True
5a8f18d555429918e830d189,ucb1,3,Lincoln,Caistor is a town,0.0,0.0,0.0,0.0,428,4,8.88e-05,"[""Brookenby Church"", ""Gayton le Wold"", ""Normanby le Wold""]",True
5a8f18d555429918e830d189,ucb1,5,Caistor,Caistor is a town,0.0,0.5,1.0,0.3333333333333333,679,5,0.0001398,"[""Brookenby Church"", ""Gayton le Wold"", ""Normanby le Wold"", ""Wolds Top"", ""Caistor""]",True
5a7b85ac5542997c3ec971ef,ucb1,2,Bilbo Baggins: The Battle of the Five Armies,Robot Overlords,0.0,0.0,0.0,0.0,274,16,6.76e-05,"[""Madhuri Desai"", ""Ghosthunters on Icy Trails""]",True
5a7b85ac5542997c3ec971ef,ucb1,3,The Best of Me,Robot Overlords,0.0,0.0,0.0,0.0,391,7,8.38e-05,"[""Madhuri Desai"", ""Ghosthunters on Icy Trails"", ""Mr. Holmes""]",True
5a7b85ac5542997c3ec971ef,ucb1,5,The Mighty Celt,Robot Overlords,0.0,0.0,0.0,0.0,572,6,0.0001192,"[""Madhuri Desai"", ""Ghosthunters on Icy Trails"", ""Mr. Holmes"", ""The Mighty Celt"", ""Veerasamy""]",True
5ae617285542996de7b71b4c,ucb1,2,French,South African-born,0.0,0.0,0.0,0.0,366,4,7.64e-05,"[""Forget Me Not Farm"", ""The Lady Craved Excitement""]",True
5ae617285542996de7b71b4c,ucb1,3,South African-born,South African-born,1.0,1.0,1.0,1.0,406,6,8.6e-05,"[""Forget Me Not Farm"", ""The Lady Craved Excitement"", ""Sid James""]",True
5ae617285542996de7b71b4c,ucb1,5,South African-born,South African-born,1.0,1.0,1.0,1.0,526,6,0.00011,"[""Forget Me Not Farm"", ""The Lady Craved Excitement"", ""Sid James"", ""Harry Cheshire"", ""Evan Thomas (actor)""]",True
5ae7247b5542992ae0d163c1,ucb1,2,"November 10, 2017","November 10, 2017",1.0,1.0,1.0,1.0,299,10,6.780000000000001e-05,"[""...Ready for It?"", ""Reputation (Taylor Swift album)""]",False
5ae7247b5542992ae0d163c1,ucb1,3,"November 10, 2017","November 10, 2017",1.0,1.0,1.0,1.0,448,10,9.760000000000001e-05,"[""...Ready for It?"", ""Reputation (Taylor Swift album)"", ""Fearless (Taylor Swift album)""]",False
5ae7247b5542992ae0d163c1,ucb1,5,"November 10, 2017","November 10, 2017",1.0,1.0,1.0,1.0,719,10,0.0001518,"[""...Ready for It?"", ""Reputation (Taylor Swift album)"", ""Fearless (Taylor Swift album)"", ""Beautiful Eyes"", ""Taylor Swift (album)""]",False
5ae0ae4555429945ae959419,ucb1,2,mermaid,A mermaid,1.0,1.0,1.0,1.0,343,5,7.260000000000002e-05,"[""Calque"", ""Sarmad Abdul Ghafoor""]",True
5ae0ae4555429945ae959419,ucb1,3,mermaid,A mermaid,1.0,1.0,1.0,1.0,418,5,8.760000000000002e-05,"[""Calque"", ""Sarmad Abdul Ghafoor"", ""Jal Pari (album)""]",True
5ae0ae4555429945ae959419,ucb1,5,mermaid,A mermaid,1.0,1.0,1.0,1.0,635,5,0.00013099999999999999,"[""Calque"", ""Sarmad Abdul Ghafoor"", ""Jal Pari (album)"", ""JAL (compiler)"", ""Mermaid""]",True
5ae306115542992decbdcdc4,ucb1,2,Spam,Hormel Foods Corporation,0.0,0.0,0.0,0.0,463,4,9.580000000000001e-05,"[""Spam (food)"", ""Horno""]",True
5ae306115542992decbdcdc4,ucb1,3,Spam,Hormel Foods Corporation,0.0,0.0,0.0,0.0,667,4,0.0001366,"[""Spam (food)"", ""Horno"", ""Puin (brand)""]",True
5ae306115542992decbdcdc4,ucb1,5,Spam,Hormel Foods Corporation,0.0,0.0,0.0,0.0,861,4,0.0001754,"[""Spam (food)"", ""Horno"", ""Puin (brand)"", ""GFS Canada"", ""Plumrose USA""]",True
5ade4fcc5542997c77adeded,ucb1,2,Pim Fortuyn,"Wilhelmus Simon Petrus Fortuijn, known as Pim Fortuyn",0.0,0.4,1.0,0.25,382,14,8.76e-05,"[""Jacques Monasch"", ""Culture of the Song dynasty""]",True
5ade4fcc5542997c77adeded,ucb1,3,Jacques Monasch,"Wilhelmus Simon Petrus Fortuijn, known as Pim Fortuyn",0.0,0.0,0.0,0.0,552,13,0.0001208,"[""Jacques Monasch"", ""Culture of the Song dynasty"", ""Joe Morello""]",True
5ade4fcc5542997c77adeded,ucb1,5,Pim Fortuyn,"Wilhelmus Simon Petrus Fortuijn, known as Pim Fortuyn",0.0,0.4,1.0,0.25,748,8,0.000156,"[""Jacques Monasch"", ""Culture of the Song dynasty"", ""Joe Morello"", ""Multiculturalism in the Netherlands"", ""Arthur Docters van Leeuwen""]",True
5abdd08d5542991f6610604c,ucb1,2,Guardians of the Galaxy Vol. 2,Guardians of the Galaxy Vol. 2,1.0,1.0,1.0,1.0,407,12,9.1e-05,"[""Ego the Living Planet"", ""Ego Leonard""]",True
5abdd08d5542991f6610604c,ucb1,3,Guardians of the Galaxy Vol. 2,Guardians of the Galaxy Vol. 2,1.0,1.0,1.0,1.0,466,12,0.0001028,"[""Ego the Living Planet"", ""Ego Leonard"", ""Ranx the Sentient City""]",True
5abdd08d5542991f6610604c,ucb1,5,Guardians of the Galaxy Vol. 2,Guardians of the Galaxy Vol. 2,1.0,1.0,1.0,1.0,710,12,0.0001516,"[""Ego the Living Planet"", ""Ego Leonard"", ""Ranx the Sentient City"", ""Charles Gunn (Angel)"", ""Heather Stevens""]",True
5a72abb95542992359bc3162,ucb1,2,noanswer,Smith!,0.0,0.0,0.0,0.0,484,5,0.00010080000000000001,"[""Cars 3"", ""Paul Newman""]",False
5a72abb95542992359bc3162,ucb1,3,Smith!,Smith!,1.0,1.0,1.0,1.0,512,5,0.00010640000000000001,"[""Cars 3"", ""Paul Newman"", ""Smith!""]",False
5a72abb95542992359bc3162,ucb1,5,Smith!,Smith!,1.0,1.0,1.0,1.0,802,5,0.00016439999999999998,"[""Cars 3"", ""Paul Newman"", ""Smith!"", ""Ben Queen"", ""Lightning McQueen""]",False
5a7f54665542992097ad2f1a,ucb1,2,Bow River and the Elbow River,Bow River and the Elbow River,1.0,1.0,1.0,1.0,280,10,6.4e-05,"[""Calgary"", ""Chinese Taipei at the 1988 Winter Olympics""]",True
5a7f54665542992097ad2f1a,ucb1,3,Bow River and the Elbow River,Bow River and the Elbow River,1.0,1.0,1.0,1.0,365,10,8.1e-05,"[""Calgary"", ""Chinese Taipei at the 1988 Winter Olympics"", ""Chinese Taipei at the 2008 Summer Olympics""]",True
5a7f54665542992097ad2f1a,ucb1,5,Bow River and the Elbow River,Bow River and the Elbow River,1.0,1.0,1.0,1.0,605,10,0.000129,"[""Calgary"", ""Chinese Taipei at the 1988 Winter Olympics"", ""Chinese Taipei at the 2008 Summer Olympics"", ""Chinese Taipei men's national softball team"", ""Chinese Taipei national under-23 football team""]",True
5ae0bc185542993d6555ec29,ucb1,2,Cress Williams,Ben Savage,0.0,0.0,0.0,0.0,483,6,0.0001014,"[""Kaley Cuoco"", ""Cress Williams""]",False
5ae0bc185542993d6555ec29,ucb1,3,Cress Williams,Ben Savage,0.0,0.0,0.0,0.0,638,6,0.00013240000000000002,"[""Kaley Cuoco"", ""Cress Williams"", ""Boy Meets World""]",False
5ae0bc185542993d6555ec29,ucb1,5,Cress Williams,Ben Savage,0.0,0.0,0.0,0.0,877,6,0.00018020000000000002,"[""Kaley Cuoco"", ""Cress Williams"", ""Boy Meets World"", ""Diff'rent Strokes"", ""Penny Bae Bridges""]",True
5a864d9e5542994775f6073d,ucb1,2,no,no,1.0,1.0,1.0,1.0,361,4,7.54e-05,"[""Basilica of SS. Ulrich and Afra, Augsburg"", ""St. Ulrich's Priory in the Black Forest""]",True
5a864d9e5542994775f6073d,ucb1,3,no,no,1.0,1.0,1.0,1.0,443,4,9.180000000000001e-05,"[""Basilica of SS. Ulrich and Afra, Augsburg"", ""St. Ulrich's Priory in the Black Forest"", ""Neresheim Abbey""]",True
5a864d9e5542994775f6073d,ucb1,5,no,no,1.0,1.0,1.0,1.0,594,4,0.00012200000000000001,"[""Basilica of SS. Ulrich and Afra, Augsburg"", ""St. Ulrich's Priory in the Black Forest"", ""Neresheim Abbey"", ""Kreuzlingen Abbey"", ""L\u00e9opold Eyharts""]",True
5ae5b25d5542990ba0bbb2bb,ucb1,2,Christopher Guest,Christopher Haden-Guest,0.0,0.5,0.5,0.5,369,5,7.78e-05,"[""Christopher Guest"", ""Roman Karmen""]",False
5ae5b25d5542990ba0bbb2bb,ucb1,3,Christopher Guest,Christopher Haden-Guest,0.0,0.5,0.5,0.5,424,5,8.880000000000002e-05,"[""Christopher Guest"", ""Roman Karmen"", ""Slavery in Libya""]",False
5ae5b25d5542990ba0bbb2bb,ucb1,5,Christopher Guest,Christopher Haden-Guest,0.0,0.5,0.5,0.5,710,5,0.000146,"[""Christopher Guest"", ""Roman Karmen"", ""Slavery in Libya"", ""Great Is My Country"", ""Oleg Makara""]",False
5ae5e62455429929b0807a07,ucb1,2,Italian,Italian,1.0,1.0,1.0,1.0,270,4,5.72e-05,"[""Santa Maria del Rosario a Portamedina"", ""Giovanna d'Arco""]",True
5ae5e62455429929b0807a07,ucb1,3,Italian,Italian,1.0,1.0,1.0,1.0,310,4,6.52e-05,"[""Santa Maria del Rosario a Portamedina"", ""Giovanna d'Arco"", ""Giuseppe Verdi""]",True
5ae5e62455429929b0807a07,ucb1,5,Italian,Italian,1.0,1.0,1.0,1.0,551,4,0.0001134,"[""Santa Maria del Rosario a Portamedina"", ""Giovanna d'Arco"", ""Giuseppe Verdi"", ""Folke Jonsson"", ""Giovanna Gray""]",True
5ae0120155429925eb1afbfb,ucb1,2,Top Gun,"My Boss, My Hero",0.0,0.0,0.0,0.0,383,5,8.060000000000001e-05,"[""R2B: Return to Base"", ""Brady Corbet""]",False
5ae0120155429925eb1afbfb,ucb1,3,Top Gun,"My Boss, My Hero",0.0,0.0,0.0,0.0,448,5,9.360000000000001e-05,"[""R2B: Return to Base"", ""Brady Corbet"", ""Karan Malhotra""]",True
5ae0120155429925eb1afbfb,ucb1,5,"My Boss, My Hero","My Boss, My Hero",1.0,1.0,1.0,1.0,676,8,0.0001416,"[""R2B: Return to Base"", ""Brady Corbet"", ""Karan Malhotra"", ""Per 100.000 dollari ti ammazzo"", ""Kim Dong-won (director, born 1962)""]",True
5abe87cb5542993f32c2a156,ucb1,2,National Lottery,state-franchised,0.0,0.0,0.0,0.0,230,5,5e-05,"[""Millennium Green"", ""Millennium Forest for Scotland""]",True
5abe87cb5542993f32c2a156,ucb1,3,National Lottery,state-franchised,0.0,0.0,0.0,0.0,374,5,7.88e-05,"[""Millennium Green"", ""Millennium Forest for Scotland"", ""Doorstep Greens""]",True
5abe87cb5542993f32c2a156,ucb1,5,National Lottery,state-franchised,0.0,0.0,0.0,0.0,555,5,0.000115,"[""Millennium Green"", ""Millennium Forest for Scotland"", ""Doorstep Greens"", ""Alliance 90/The Greens Hamburg"", ""Global Greens Charter""]",True
5ae2b770554299495565db0f,ucb1,2,March and April,March and April,1.0,1.0,1.0,1.0,204,6,4.5600000000000004e-05,"[""London International Documentary Festival"", ""Docville""]",True
5ae2b770554299495565db0f,ucb1,3,March and April,March and April,1.0,1.0,1.0,1.0,299,6,6.46e-05,"[""London International Documentary Festival"", ""Docville"", ""Chagrin Documentary Film Festival""]",True
5ae2b770554299495565db0f,ucb1,5,March and April,March and April,1.0,1.0,1.0,1.0,411,6,8.7e-05,"[""London International Documentary Festival"", ""Docville"", ""Chagrin Documentary Film Festival"", ""British Journal"", ""London Review of Books""]",True
5a7af2a455429931da12c998,ucb1,2,West Palm Beach,Miami,0.0,0.0,0.0,0.0,409,6,8.66e-05,"[""Palm Beach County Glades Airport"", ""Palm Beach County, Florida""]",False
5a7af2a455429931da12c998,ucb1,3,West Palm Beach,Miami,0.0,0.0,0.0,0.0,523,6,0.0001094,"[""Palm Beach County Glades Airport"", ""Palm Beach County, Florida"", ""Florida State Road 882""]",True
5a7af2a455429931da12c998,ucb1,5,West Palm Beach,Miami,0.0,0.0,0.0,0.0,717,6,0.00014820000000000002,"[""Palm Beach County Glades Airport"", ""Palm Beach County, Florida"", ""Florida State Road 882"", ""Century Village, Florida"", ""Palm Springs, Florida""]",True
5a7af23a55429931da12c994,ucb1,2,The Suite Life of Zack & Cody,The Suite Life of Zack & Cody,1.0,1.0,1.0,1.0,521,10,0.0001122,"[""Ashley Tisdale"", ""Ben Folds Five""]",False
5a7af23a55429931da12c994,ucb1,3,The Suite Life of Zack & Cody,The Suite Life of Zack & Cody,1.0,1.0,1.0,1.0,663,10,0.0001406,"[""Ashley Tisdale"", ""Ben Folds Five"", ""Phineas and Ferb (season 3)""]",False
5a7af23a55429931da12c994,ucb1,5,The Suite Life of Zack & Cody,The Suite Life of Zack & Cody,1.0,1.0,1.0,1.0,911,10,0.00019020000000000002,"[""Ashley Tisdale"", ""Ben Folds Five"", ""Phineas and Ferb (season 3)"", ""Phineas and Ferb (season 2)"", ""Emma Stevens""]",True
5ab8634e5542990e739ec8de,ucb1,2,The Vanguard Group,The Vanguard Group,1.0,1.0,1.0,1.0,373,6,7.94e-05,"[""Variable universal life insurance"", ""John C. Bogle""]",True
5ab8634e5542990e739ec8de,ucb1,3,John C. Bogle,The Vanguard Group,0.0,0.0,0.0,0.0,469,8,0.00010020000000000002,"[""Variable universal life insurance"", ""John C. Bogle"", ""Forward premium anomaly""]",True
5ab8634e5542990e739ec8de,ucb1,5,John C. Bogle,The Vanguard Group,0.0,0.0,0.0,0.0,832,8,0.0001728,"[""Variable universal life insurance"", ""John C. Bogle"", ""Forward premium anomaly"", ""Universal life insurance"", ""Value premium""]",True
5a8836445542997e5c09a5a5,ucb1,2,public,public,1.0,1.0,1.0,1.0,582,4,0.00011960000000000001,"[""Kelly D. Brownell"", ""Edwin Busuttil""]",True
5a8836445542997e5c09a5a5,ucb1,3,public,public,1.0,1.0,1.0,1.0,631,4,0.0001294,"[""Kelly D. Brownell"", ""Edwin Busuttil"", ""Southern Cross University""]",True
5a8836445542997e5c09a5a5,ucb1,5,public,public,1.0,1.0,1.0,1.0,918,4,0.00018680000000000001,"[""Kelly D. Brownell"", ""Edwin Busuttil"", ""Southern Cross University"", ""Paolo Leon"", ""Jeffrey MacKie-Mason""]",True
5ae127c9554299422ee99612,ucb1,2,Nelson County,Nelson County,1.0,1.0,1.0,1.0,349,6,7.46e-05,"[""Bardstown, Kentucky"", ""John Logan (pioneer)""]",False
5ae127c9554299422ee99612,ucb1,3,Nelson County,Nelson County,1.0,1.0,1.0,1.0,547,6,0.0001142,"[""Bardstown, Kentucky"", ""John Logan (pioneer)"", ""Fighting Cock Society""]",True
5ae127c9554299422ee99612,ucb1,5,Nelson County,Nelson County,1.0,1.0,1.0,1.0,664,6,0.0001376,"[""Bardstown, Kentucky"", ""John Logan (pioneer)"", ""Fighting Cock Society"", ""Modern Game fowl"", ""Fighting Cock (bourbon)""]",True
5ac194db55429964131be23a,ucb1,2,Lutheranism,Protestantism,0.0,0.0,0.0,0.0,335,7,7.26e-05,"[""Albert, Duke of Prussia"", ""Dorothea of Denmark, Duchess of Prussia""]",True
5ac194db55429964131be23a,ucb1,3,Lutheranism,Protestantism,0.0,0.0,0.0,0.0,460,7,9.76e-05,"[""Albert, Duke of Prussia"", ""Dorothea of Denmark, Duchess of Prussia"", ""Marapu""]",True
5ac194db55429964131be23a,ucb1,5,Lutheranism,Protestantism,0.0,0.0,0.0,0.0,708,7,0.0001472,"[""Albert, Duke of Prussia"", ""Dorothea of Denmark, Duchess of Prussia"", ""Marapu"", ""Women's education in Saudi Arabia"", ""State religion""]",True
5ab8eabb5542991b5579f03d,ucb1,2,NRStor Inc.,Chrysler,0.0,0.0,0.0,0.0,322,13,7.48e-05,"[""Annette Verschuren"", ""Ron Brill""]",True
5ab8eabb5542991b5579f03d,ucb1,3,The Home Depot,Chrysler,0.0,0.0,0.0,0.0,401,6,8.499999999999999e-05,"[""Annette Verschuren"", ""Ron Brill"", ""Frank Blake""]",True
5ab8eabb5542991b5579f03d,ucb1,5,Campbell Soup Company,Chrysler,0.0,0.0,0.0,0.0,535,7,0.0001126,"[""Annette Verschuren"", ""Ron Brill"", ""Frank Blake"", ""Home Depot Landscape Supply"", ""Douglas Conant""]",True
5ab234c65542993be8fa98c6,ucb1,2,Luca Guadagnino,Luca Guadagnino,1.0,1.0,1.0,1.0,281,8,6.26e-05,"[""Free Fire"", ""Call Me by Your Name (film)""]",False
5ab234c65542993be8fa98c6,ucb1,3,Luca Guadagnino,Luca Guadagnino,1.0,1.0,1.0,1.0,439,8,9.420000000000001e-05,"[""Free Fire"", ""Call Me by Your Name (film)"", ""The Lone Ranger (2013 film)""]",False
5ab234c65542993be8fa98c6,ucb1,5,Luca Guadagnino,Luca Guadagnino,1.0,1.0,1.0,1.0,791,8,0.00016460000000000002,"[""Free Fire"", ""Call Me by Your Name (film)"", ""The Lone Ranger (2013 film)"", ""Armie Hammer"", ""The Social Network""]",False
5ae524415542992663a4f121,ucb1,2,Toronto,"Helsinki, Finland",0.0,0.0,0.0,0.0,387,4,8.060000000000001e-05,"[""Oscar Dansk"", ""Paul Bittner""]",False
5ae524415542992663a4f121,ucb1,3,Cranberry Township,"Helsinki, Finland",0.0,0.0,0.0,0.0,514,13,0.0001132,"[""Oscar Dansk"", ""Paul Bittner"", ""Matt Stajan""]",True
5ae524415542992663a4f121,ucb1,5,Vancouver,"Helsinki, Finland",0.0,0.0,0.0,0.0,859,5,0.0001758,"[""Oscar Dansk"", ""Paul Bittner"", ""Matt Stajan"", ""Brock Boeser"", ""Ryan Johansen""]",True
5a7e42df5542994959419954,ucb1,2,Croatia national football team,Ghanaian national team,0.0,0.5714285714285715,0.5,0.6666666666666666,382,14,8.76e-05,"[""Slinzega"", ""Pin firing""]",True
5a7e42df5542994959419954,ucb1,3,Serbia national football team,Ghanaian national team,0.0,0.5714285714285715,0.5,0.6666666666666666,505,8,0.00010740000000000001,"[""Slinzega"", ""Pin firing"", ""Equinalysis""]",True
5a7e42df5542994959419954,ucb1,5,Ghanaian national team,Ghanaian national team,1.0,1.0,1.0,1.0,744,8,0.0001552,"[""Slinzega"", ""Pin firing"", ""Equinalysis"", ""Bear Lake Stake Tabernacle"", ""Asamoah Gyan""]",True
5abffc0d5542990832d3a1e2,ucb1,2,nuclear weapon,nuclear weapons,0.0,0.5,0.5,0.5,545,6,0.0001138,"[""Truman State University"", ""Missouri Photo Workshop""]",True
5abffc0d5542990832d3a1e2,ucb1,3,noanswer,nuclear weapons,0.0,0.0,0.0,0.0,700,11,0.00014879999999999998,"[""Truman State University"", ""Missouri Photo Workshop"", ""David Rice Atchison""]",True
5abffc0d5542990832d3a1e2,ucb1,5,nuclear weapons,nuclear weapons,1.0,1.0,1.0,1.0,1043,6,0.00021340000000000004,"[""Truman State University"", ""Missouri Photo Workshop"", ""David Rice Atchison"", ""Appointment in Tokyo"", ""Harry S. Truman""]",True
5ae6914755429908198fa627,ucb1,2,January,January 2001,0.0,0.6666666666666666,1.0,0.5,323,4,6.780000000000001e-05,"[""Zuffa"", ""Brandon Vera""]",True
5ae6914755429908198fa627,ucb1,3,January,January 2001,0.0,0.6666666666666666,1.0,0.5,397,4,8.26e-05,"[""Zuffa"", ""Brandon Vera"", ""James Irvin (fighter)""]",True
5ae6914755429908198fa627,ucb1,5,January,January 2001,0.0,0.6666666666666666,1.0,0.5,504,4,0.00010400000000000001,"[""Zuffa"", ""Brandon Vera"", ""James Irvin (fighter)"", ""Law School Transparency"", ""Brian Olsen""]",True
5ae78f3b554299540e5a5608,ucb1,2,The CW,CBS,0.0,0.0,0.0,0.0,370,5,7.8e-05,"[""Mr. &amp; Mrs. Mxyzptlk"", ""Mirrorman""]",True
5ae78f3b554299540e5a5608,ucb1,3,The CW,CBS,0.0,0.0,0.0,0.0,501,5,0.0001042,"[""Mr. &amp; Mrs. Mxyzptlk"", ""Mirrorman"", ""Warrior of Love Rainbowman""]",True
5ae78f3b554299540e5a5608,ucb1,5,The CW,CBS,0.0,0.0,0.0,0.0,767,5,0.0001574,"[""Mr. &amp; Mrs. Mxyzptlk"", ""Mirrorman"", ""Warrior of Love Rainbowman"", ""Chouseishin Gransazer"", ""Supergirl (TV series)""]",True
5a8b46925542995d1e6f133c,ucb1,2,"June 2, 1970","August 11, 1946",0.0,0.0,0.0,0.0,240,16,6.08e-05,"[""Emily Morse"", ""Emily Vanhoutte""]",True
5a8b46925542995d1e6f133c,ucb1,3,"June 2, 1970","August 11, 1946",0.0,0.0,0.0,0.0,390,16,9.08e-05,"[""Emily Morse"", ""Emily Vanhoutte"", ""Emily Grierson""]",True
5a8b46925542995d1e6f133c,ucb1,5,1946,"August 11, 1946",0.0,0.5,1.0,0.3333333333333333,601,5,0.0001242,"[""Emily Morse"", ""Emily Vanhoutte"", ""Emily Grierson"", ""Vanessa Williams"", ""Miss Emily's Picture""]",True
5ab4f7fc5542991779162d43,ucb1,2,Volta Region,Volta,0.0,0.6666666666666666,0.5,1.0,299,6,6.46e-05,"[""Krachi West District"", ""Kete Krachi""]",False
5ab4f7fc5542991779162d43,ucb1,3,Volta Region,Volta,0.0,0.6666666666666666,0.5,1.0,336,6,7.2e-05,"[""Krachi West District"", ""Kete Krachi"", ""Dambai""]",False
5ab4f7fc5542991779162d43,ucb1,5,Volta Region,Volta,0.0,0.6666666666666666,0.5,1.0,438,6,9.240000000000001e-05,"[""Krachi West District"", ""Kete Krachi"", ""Dambai"", ""Kwadjokrom""]",False
5abd13b655429924427fceea,ucb1,2,Jack White,Jack White,1.0,1.0,1.0,1.0,431,5,9.020000000000001e-05,"[""Blunderbuss (album)"", ""Stiff (album)""]",True
5abd13b655429924427fceea,ucb1,3,Jack White,Jack White,1.0,1.0,1.0,1.0,459,5,9.580000000000001e-05,"[""Blunderbuss (album)"", ""Stiff (album)"", ""Takes Place in Your Work Space""]",True
5abd13b655429924427fceea,ucb1,5,Jack White,Jack White,1.0,1.0,1.0,1.0,733,5,0.00015059999999999997,"[""Blunderbuss (album)"", ""Stiff (album)"", ""Takes Place in Your Work Space"", ""Jack White"", ""End Titles... Stories for Film""]",True
5adf37a95542995ec70e8f97,ucb1,2,1838,1838,1.0,1.0,1.0,1.0,440,5,9.2e-05,"[""2004\u201305 VCU Rams men's basketball team"", ""Virginia Commonwealth University""]",False
5adf37a95542995ec70e8f97,ucb1,3,1838,1838,1.0,1.0,1.0,1.0,537,5,0.00011140000000000001,"[""2004\u201305 VCU Rams men's basketball team"", ""Virginia Commonwealth University"", ""1995\u201396 VCU Rams men's basketball team""]",True
5adf37a95542995ec70e8f97,ucb1,5,1838,1838,1.0,1.0,1.0,1.0,904,5,0.0001848,"[""2004\u201305 VCU Rams men's basketball team"", ""Virginia Commonwealth University"", ""1995\u201396 VCU Rams men's basketball team"", ""2014\u201315 VCU Rams men's basketball team"", ""2012\u201313 VCU Rams men's basketball team""]",True
5a78e86f55429974737f78fb,ucb1,2,solar cycles,the long history of Japan,0.0,0.0,0.0,0.0,441,5,9.22e-05,"[""Qin Shi Huang"", ""Borana calendar""]",True
5a78e86f55429974737f78fb,ucb1,3,noanswer,the long history of Japan,0.0,0.0,0.0,0.0,574,5,0.00011880000000000001,"[""Qin Shi Huang"", ""Borana calendar"", ""Calendar date""]",True
5a78e86f55429974737f78fb,ucb1,5,heavenly bodies,the long history of Japan,0.0,0.0,0.0,0.0,914,7,0.0001884,"[""Qin Shi Huang"", ""Borana calendar"", ""Calendar date"", ""Luoxia Hong"", ""Leap week calendar""]",True
5a807ceb554299485f598616,ucb1,2,John Cooper Clarke,Stephen John Coogan,0.0,0.3333333333333333,0.3333333333333333,0.3333333333333333,433,6,9.14e-05,"[""Music for Miners"", ""Splitting Image""]",True
5a807ceb554299485f598616,ucb1,3,Steve Coogan,Stephen John Coogan,0.0,0.4,0.5,0.3333333333333333,550,6,0.0001148,"[""Music for Miners"", ""Splitting Image"", ""Steve Coogan""]",True
5a807ceb554299485f598616,ucb1,5,Steve Coogan,Stephen John Coogan,0.0,0.4,0.5,0.3333333333333333,735,6,0.0001518,"[""Music for Miners"", ""Splitting Image"", ""Steve Coogan"", ""Walking Back to Happiness"", ""Evidently Chickentown""]",True
5a8c493e554299653c1aa020,ucb1,2,marker pen,marker pen,1.0,1.0,1.0,1.0,408,5,8.560000000000001e-05,"[""Ruskin Colony"", ""I Gotta Rash/We Are Thee Goblins from Canada""]",True
5a8c493e554299653c1aa020,ucb1,3,marker pen,marker pen,1.0,1.0,1.0,1.0,480,5,0.0001,"[""Ruskin Colony"", ""I Gotta Rash/We Are Thee Goblins from Canada"", ""Nardwuar the Human Serviette""]",True
5a8c493e554299653c1aa020,ucb1,5,a marker pen,marker pen,1.0,1.0,1.0,1.0,806,6,0.00016600000000000002,"[""Ruskin Colony"", ""I Gotta Rash/We Are Thee Goblins from Canada"", ""Nardwuar the Human Serviette"", ""The Seven Lamps of Architecture"", ""Ruskin Pottery""]",True
5a75404a55429916b01642be,ucb1,2,New York University,Syracuse University,0.0,0.4,0.3333333333333333,0.5,389,12,8.740000000000001e-05,"[""Concealed shoes"", ""Le M\u00e9nagier de Paris""]",True
5a75404a55429916b01642be,ucb1,3,Syracuse University,Syracuse University,1.0,1.0,1.0,1.0,480,7,0.0001016,"[""Concealed shoes"", ""Le M\u00e9nagier de Paris"", ""Hall of Languages, Syracuse University""]",True
5a75404a55429916b01642be,ucb1,5,Syracuse University,Syracuse University,1.0,1.0,1.0,1.0,1032,7,0.000212,"[""Concealed shoes"", ""Le M\u00e9nagier de Paris"", ""Hall of Languages, Syracuse University"", ""Sanheyuan"", ""Waste House""]",True
5a81108855429926c1cdace2,ucb1,2,noanswer,world's 16th largest city,0.0,0.0,0.0,0.0,275,5,5.9000000000000004e-05,"[""Taisho Pharmaceutical Co."", ""Nepidermin""]",True
5a81108855429926c1cdace2,ucb1,3,Seoul,world's 16th largest city,0.0,0.0,0.0,0.0,375,5,7.9e-05,"[""Taisho Pharmaceutical Co."", ""Nepidermin"", ""Tianyin Pharmaceutical""]",True
5a81108855429926c1cdace2,ucb1,5,16th,world's 16th largest city,0.0,0.4,1.0,0.25,552,5,0.0001144,"[""Taisho Pharmaceutical Co."", ""Nepidermin"", ""Tianyin Pharmaceutical"", ""PKU Healthcare"", ""Seoul""]",True
5ae340a85542994393b9e668,ucb1,2,Milan,Milan,1.0,1.0,1.0,1.0,282,11,6.520000000000001e-05,"[""Inter Milan"", ""Ifeanyi Ubah F.C.""]",True
5ae340a85542994393b9e668,ucb1,3,Milan,Milan,1.0,1.0,1.0,1.0,340,5,7.2e-05,"[""Inter Milan"", ""Ifeanyi Ubah F.C."", ""Stoke Gabriel A.F.C.""]",True
5ae340a85542994393b9e668,ucb1,5,Milan,Milan,1.0,1.0,1.0,1.0,628,5,0.0001296,"[""Inter Milan"", ""Ifeanyi Ubah F.C."", ""Stoke Gabriel A.F.C."", ""Gabriel Barbosa"", ""Cork City F.C.""]",True
5a8d0be85542994ba4e3dbb2,ucb1,2,Baltimore County,Prince George's County,0.0,0.4,0.5,0.3333333333333333,537,12,0.00011700000000000001,"[""2016 Black-Eyed Susan Stakes"", ""2006 Black-Eyed Susan Stakes""]",True
5a8d0be85542994ba4e3dbb2,ucb1,3,"Baltimore
",Prince George's County,0.0,0.0,0.0,0.0,723,6,0.0001494,"[""2016 Black-Eyed Susan Stakes"", ""2006 Black-Eyed Susan Stakes"", ""2007 Black-Eyed Susan Stakes""]",True
5a8d0be85542994ba4e3dbb2,ucb1,5,Prince George's County,Prince George's County,1.0,1.0,1.0,1.0,1025,7,0.0002106,"[""2016 Black-Eyed Susan Stakes"", ""2006 Black-Eyed Susan Stakes"", ""2007 Black-Eyed Susan Stakes"", ""Bowie, Maryland"", ""2017 Black-Eyed Susan Stakes""]",True
5add43335542995b365faae1,ucb1,2,Mickey Mouse Cup,Mickey Mouse Cup,1.0,1.0,1.0,1.0,310,7,6.76e-05,"[""Mickey Mouse cup"", ""Football derbies in France""]",True
5add43335542995b365faae1,ucb1,3,Mickey Mouse Cup,Mickey Mouse Cup,1.0,1.0,1.0,1.0,531,7,0.00011180000000000001,"[""Mickey Mouse cup"", ""Football derbies in France"", ""GAIS\u2013IFK G\u00f6teborg rivalry""]",True
5add43335542995b365faae1,ucb1,5,Mickey Mouse cup,Mickey Mouse Cup,1.0,1.0,1.0,1.0,643,7,0.00013419999999999998,"[""Mickey Mouse cup"", ""Football derbies in France"", ""GAIS\u2013IFK G\u00f6teborg rivalry"", ""North-west Derby (Ireland)"", ""Bristol derby""]",True
5ae4d8475542993aec5ec0e0,ucb1,2,Verdi,Giuseppe Verdi,0.0,0.6666666666666666,1.0,0.5,410,11,9.08e-05,"[""Pl\u00e1cido Domingo"", ""Songs (2012 Pl\u00e1cido Domingo album)""]",False
5ae4d8475542993aec5ec0e0,ucb1,3,Jeremy Sams,Giuseppe Verdi,0.0,0.0,0.0,0.0,669,5,0.0001378,"[""Pl\u00e1cido Domingo"", ""Songs (2012 Pl\u00e1cido Domingo album)"", ""The Enchanted Island (opera)""]",False
5ae4d8475542993aec5ec0e0,ucb1,5,Giuseppe Verdi,Giuseppe Verdi,1.0,1.0,1.0,1.0,905,7,0.0001866,"[""Pl\u00e1cido Domingo"", ""Songs (2012 Pl\u00e1cido Domingo album)"", ""The Enchanted Island (opera)"", ""Macbeth (opera)"", ""De Mi Alma Latina""]",False
5ab5c263554299488d4d9a18,ucb1,2,Lithuania,Belarus,0.0,0.0,0.0,0.0,240,6,5.28e-05,"[""1930 Baltic Cup"", ""Women's Baltic Cup""]",True
5ab5c263554299488d4d9a18,ucb1,3,Latvia,Belarus,0.0,0.0,0.0,0.0,328,5,6.960000000000001e-05,"[""1930 Baltic Cup"", ""Women's Baltic Cup"", ""Baltic Cup (football)""]",True
5ab5c263554299488d4d9a18,ucb1,5,Estonia,Belarus,0.0,0.0,0.0,0.0,465,5,9.7e-05,"[""1930 Baltic Cup"", ""Women's Baltic Cup"", ""Baltic Cup (football)"", ""Estonia national football team 1991"", ""1937 Baltic Cup""]",True
5a74a26a55429979e28829d6,ucb1,2,Béla Bartók,Béla Viktor János Bartók,0.0,0.6666666666666666,1.0,0.5,351,8,7.66e-05,"[""Paul Hindemith"", ""B\u00e9la Bart\u00f3k""]",False
5a74a26a55429979e28829d6,ucb1,3,Béla Bartók,Béla Viktor János Bartók,0.0,0.6666666666666666,1.0,0.5,413,8,8.900000000000001e-05,"[""Paul Hindemith"", ""B\u00e9la Bart\u00f3k"", ""Sonata for Solo Cello (Crumb)""]",True
5a74a26a55429979e28829d6,ucb1,5,Béla Bartók,Béla Viktor János Bartók,0.0,0.6666666666666666,1.0,0.5,862,8,0.0001788,"[""Paul Hindemith"", ""B\u00e9la Bart\u00f3k"", ""Sonata for Solo Cello (Crumb)"", ""Suite, Op. 14 (Bart\u00f3k)"", ""String Quartet No. 6 (Bart\u00f3k)""]",True
5a8d841955429941ae14dfe6,ucb1,2,Eve Hewson,Eve Hewson,1.0,1.0,1.0,1.0,324,7,7.04e-05,"[""Eve Hewson"", ""The Mostly True Adventures of Homer P. Figg""]",True
5a8d841955429941ae14dfe6,ucb1,3,Eve Hewson,Eve Hewson,1.0,1.0,1.0,1.0,372,7,8e-05,"[""Eve Hewson"", ""The Mostly True Adventures of Homer P. Figg"", ""Jeff Martin (game designer)""]",True
5a8d841955429941ae14dfe6,ucb1,5,Eve Hewson,Eve Hewson,1.0,1.0,1.0,1.0,438,7,9.320000000000002e-05,"[""Eve Hewson"", ""The Mostly True Adventures of Homer P. Figg"", ""Jeff Martin (game designer)"", ""The Sea Hunters: True Adventures with Famous Shipwrecks"", ""The Positively True Adventures of the Alleged Texas Cheerleader-Murdering Mom""]",True
5a809e9f5542996402f6a5b1,ucb1,2,1998,1991,0.0,0.0,0.0,0.0,478,5,9.960000000000001e-05,"[""M\u00fasica + Alma + Sexo World Tour"", ""Apocryphon Tour""]",True
5a809e9f5542996402f6a5b1,ucb1,3,noanswer,1991,0.0,0.0,0.0,0.0,543,5,0.00011260000000000001,"[""M\u00fasica + Alma + Sexo World Tour"", ""Apocryphon Tour"", ""Ricky Martin Live""]",True
5a809e9f5542996402f6a5b1,ucb1,5,1985,1991,0.0,0.0,0.0,0.0,668,5,0.00013759999999999998,"[""M\u00fasica + Alma + Sexo World Tour"", ""Apocryphon Tour"", ""Ricky Martin Live"", ""One Night Only with Ricky Martin"", ""Livin' la Vida Loca Tour""]",True
5ac2d85e55429921a00ab06b,ucb1,2,"Somerset County, Pennsylvania",Pennsylvania,0.0,0.5,0.3333333333333333,1.0,316,8,6.960000000000001e-05,"[""United Airlines Flight 93"", ""Heather Penney""]",True
5ac2d85e55429921a00ab06b,ucb1,3,"Somerset County, Pennsylvania",Pennsylvania,0.0,0.5,0.3333333333333333,1.0,409,8,8.820000000000002e-05,"[""United Airlines Flight 93"", ""Heather Penney"", ""Omar Rezaq""]",True
5ac2d85e55429921a00ab06b,ucb1,5,"Somerset County, Pennsylvania",Pennsylvania,0.0,0.5,0.3333333333333333,1.0,770,8,0.0001604,"[""United Airlines Flight 93"", ""Heather Penney"", ""Omar Rezaq"", ""Southern by the Grace of God"", ""Lynyrd Skynyrd Tribute Tour""]",True
5a8319b255429940e5e1a960,ucb1,2,Alf Clausen,Danny Elfman,0.0,0.0,0.0,0.0,522,7,0.00011,"[""Alf Clausen"", ""Disney's Adventures of the Gummi Bears""]",False
5a8319b255429940e5e1a960,ucb1,3,Danny Elfman,Danny Elfman,1.0,1.0,1.0,1.0,671,6,0.00013900000000000002,"[""Alf Clausen"", ""Disney's Adventures of the Gummi Bears"", ""The Simpsons Theme""]",False
5a8319b255429940e5e1a960,ucb1,5,Danny Elfman,Danny Elfman,1.0,1.0,1.0,1.0,1051,6,0.00021500000000000002,"[""Alf Clausen"", ""Disney's Adventures of the Gummi Bears"", ""The Simpsons Theme"", ""Richard Pleasance"", ""Diwa de Leon""]",True
5a7aa0a55542990198eaf165,ucb1,2,Sathish Kalathil,Jacques Feyder,0.0,0.0,0.0,0.0,368,9,8.080000000000001e-05,"[""Laloorinu Parayanullathu"", ""Sathish Kalathil""]",False
5a7aa0a55542990198eaf165,ucb1,3,Sathish Kalathil,Jacques Feyder,0.0,0.0,0.0,0.0,541,9,0.0001154,"[""Laloorinu Parayanullathu"", ""Sathish Kalathil"", ""Veena Vaadanam""]",False
5a7aa0a55542990198eaf165,ucb1,5,Jacques Feyder,Jacques Feyder,1.0,1.0,1.0,1.0,694,7,0.0001444,"[""Laloorinu Parayanullathu"", ""Sathish Kalathil"", ""Veena Vaadanam"", ""L'Atlantide (1921 film)"", ""Jacques Feyder""]",True
5ab9ddef5542994dbf019875,ucb1,2,yes,yes,1.0,1.0,1.0,1.0,386,4,8.04e-05,"[""Zach Bogosian"", ""Tell the Birds""]",True
5ab9ddef5542994dbf019875,ucb1,3,yes,yes,1.0,1.0,1.0,1.0,429,4,8.900000000000001e-05,"[""Zach Bogosian"", ""Tell the Birds"", ""Play Nice (album)""]",True
5ab9ddef5542994dbf019875,ucb1,5,yes,yes,1.0,1.0,1.0,1.0,541,4,0.0001114,"[""Zach Bogosian"", ""Tell the Birds"", ""Play Nice (album)"", ""Robert Beglarian"", ""Eve Beglarian""]",True
5ae157ed5542990adbacf75d,ucb1,2,2014,23 December 2014,0.0,0.5,1.0,0.3333333333333333,323,11,7.340000000000001e-05,"[""Which Way to the War"", ""'Allo 'Allo!""]",False
5ae157ed5542990adbacf75d,ucb1,3,23 December 2014,23 December 2014,1.0,1.0,1.0,1.0,394,8,8.520000000000002e-05,"[""Which Way to the War"", ""'Allo 'Allo!"", ""Jeremy Lloyd""]",False
5ae157ed5542990adbacf75d,ucb1,5,23 December 2014,23 December 2014,1.0,1.0,1.0,1.0,639,8,0.0001342,"[""Which Way to the War"", ""'Allo 'Allo!"", ""Jeremy Lloyd"", ""John D. Collins"", ""Oh, Doctor Beeching!""]",True
5a8555ea5542992a431d1b07,ucb1,2,The Big Lebowski,The Big Lebowski,1.0,1.0,1.0,1.0,462,7,9.800000000000001e-05,"[""Reassuringly Expensive"", ""Sheet music""]",True
5a8555ea5542992a431d1b07,ucb1,3,Belly,The Big Lebowski,0.0,0.0,0.0,0.0,575,5,0.000119,"[""Reassuringly Expensive"", ""Sheet music"", ""Metamorphosis of Vivaldi's Four Seasons""]",True
5a8555ea5542992a431d1b07,ucb1,5,The Big Lebowski,The Big Lebowski,1.0,1.0,1.0,1.0,722,7,0.00015000000000000001,"[""Reassuringly Expensive"", ""Sheet music"", ""Metamorphosis of Vivaldi's Four Seasons"", ""Lujon"", ""Jonathan Glazer""]",True
5ae141a65542997b2ef7d18a,ucb1,2,close combat,close range combat,0.0,0.8,1.0,0.6666666666666666,347,5,7.340000000000001e-05,"[""Lerdrit"", ""Pak Sao""]",True
5ae141a65542997b2ef7d18a,ucb1,3,Wing Chun martial arts,close range combat,0.0,0.0,0.0,0.0,571,7,0.0001198,"[""Lerdrit"", ""Pak Sao"", ""List of Sword Art Online episodes""]",True
5ae141a65542997b2ef7d18a,ucb1,5,close range combat,close range combat,1.0,1.0,1.0,1.0,781,6,0.00016100000000000004,"[""Lerdrit"", ""Pak Sao"", ""List of Sword Art Online episodes"", ""Wing Chun"", ""H\u00e9lio Gracie""]",True
5ae4a1ef55429970de88d9e7,ucb1,2,2 March 1972,2 March 1972,1.0,1.0,1.0,1.0,308,8,6.800000000000001e-05,"[""Mauricio Pochettino"", ""2014\u201315 Southampton F.C. season""]",False
5ae4a1ef55429970de88d9e7,ucb1,3,2 March 1972,2 March 1972,1.0,1.0,1.0,1.0,428,8,9.200000000000001e-05,"[""Mauricio Pochettino"", ""2014\u201315 Southampton F.C. season"", ""2013\u201314 Feyenoord season""]",False
5ae4a1ef55429970de88d9e7,ucb1,5,2 March 1972,2 March 1972,1.0,1.0,1.0,1.0,758,8,0.000158,"[""Mauricio Pochettino"", ""2014\u201315 Southampton F.C. season"", ""2013\u201314 Feyenoord season"", ""2017\u201318 Southampton F.C. season"", ""Ronald Koeman""]",False
5ab90e9755429934fafe6e51,ucb1,2,yes,yes,1.0,1.0,1.0,1.0,287,4,6.060000000000001e-05,"[""John le Carr\u00e9"", ""Tim Winton""]",False
5ab90e9755429934fafe6e51,ucb1,3,yes,yes,1.0,1.0,1.0,1.0,384,4,8e-05,"[""John le Carr\u00e9"", ""Tim Winton"", ""Call for the Dead""]",False
5ab90e9755429934fafe6e51,ucb1,5,yes,yes,1.0,1.0,1.0,1.0,493,4,0.00010180000000000001,"[""John le Carr\u00e9"", ""Tim Winton"", ""Call for the Dead"", ""John le Carr\u00e9: The Biography"", ""An Open Swimmer""]",False
5a8e3ea95542995a26add48d,ucb1,2,Adriana Trigiani,"Greenwich Village, New York City",0.0,0.0,0.0,0.0,337,8,7.380000000000002e-05,"[""Big Stone Gap (film)"", ""Just Another Romantic Wrestling Comedy""]",False
5a8e3ea95542995a26add48d,ucb1,3,Brooklyn,"Greenwich Village, New York City",0.0,0.0,0.0,0.0,402,5,8.44e-05,"[""Big Stone Gap (film)"", ""Just Another Romantic Wrestling Comedy"", ""Kingston Morning""]",True
5a8e3ea95542995a26add48d,ucb1,5,Greenwich Village,"Greenwich Village, New York City",0.0,0.5714285714285715,1.0,0.4,523,6,0.0001094,"[""Big Stone Gap (film)"", ""Just Another Romantic Wrestling Comedy"", ""Kingston Morning"", ""Nola (film)"", ""Adriana Trigiani""]",True
5ac2f34455429921a00ab0b6,ucb1,2,Columbia University,New York University School of Law,0.0,0.25,0.5,0.16666666666666666,353,6,7.54e-05,"[""2011\u201312 Winnipeg Jets season"", ""William Merrigan Daly""]",True
5ac2f34455429921a00ab0b6,ucb1,3,Cornell University,New York University School of Law,0.0,0.25,0.5,0.16666666666666666,436,6,9.2e-05,"[""2011\u201312 Winnipeg Jets season"", ""William Merrigan Daly"", ""Gary Bettman""]",True
5ac2f34455429921a00ab0b6,ucb1,5,Cornell University,New York University School of Law,0.0,0.25,0.5,0.16666666666666666,671,6,0.00013900000000000002,"[""2011\u201312 Winnipeg Jets season"", ""William Merrigan Daly"", ""Gary Bettman"", ""Leinster Ladies Senior Club Football Championship"", ""Gil Stein (ice hockey)""]",True
5a7344e95542991f9a20c6ce,ucb1,2,I Want to Be Loved Like That,Rudebox,0.0,0.0,0.0,0.0,474,10,0.00010280000000000002,"[""FutureSex/LoveSound"", ""I Want to Be Loved Like That""]",True
5a7344e95542991f9a20c6ce,ucb1,3,I Think We're Alone Now,Rudebox,0.0,0.0,0.0,0.0,670,8,0.0001404,"[""FutureSex/LoveSound"", ""I Want to Be Loved Like That"", ""I Think We're Alone Now""]",True
5a7344e95542991f9a20c6ce,ucb1,5,I Think We're Alone Now,Rudebox,0.0,0.0,0.0,0.0,1181,8,0.00024260000000000002,"[""FutureSex/LoveSound"", ""I Want to Be Loved Like That"", ""I Think We're Alone Now"", ""B*Witched discography"", ""Dead and Gone""]",True
5a7b1c6b55429931da12c9ca,ucb1,2,Johnny Edwards,"John Douglas ""Johnny"" Edwards",0.0,0.6666666666666666,1.0,0.5,248,11,5.8399999999999997e-05,"[""Johnny Edwards (musician)"", ""Wild Horses (US rock band)""]",False
5a7b1c6b55429931da12c9ca,ucb1,3,Johnny Edwards,"John Douglas ""Johnny"" Edwards",0.0,0.6666666666666666,1.0,0.5,326,11,7.4e-05,"[""Johnny Edwards (musician)"", ""Wild Horses (US rock band)"", ""Dead to Me""]",True
5a7b1c6b55429931da12c9ca,ucb1,5,Johnny Edwards,"John Douglas ""Johnny"" Edwards",0.0,0.6666666666666666,1.0,0.5,672,5,0.0001384,"[""Johnny Edwards (musician)"", ""Wild Horses (US rock band)"", ""Dead to Me"", ""Mike Vickers"", ""Ian Anderson""]",True
5ab341f755429969a97a8114,ucb1,2,1989,1989,1.0,1.0,1.0,1.0,390,5,8.2e-05,"[""The Great Movie Ride"", ""Mary Poppins (film)""]",False
5ab341f755429969a97a8114,ucb1,3,1989,1989,1.0,1.0,1.0,1.0,561,5,0.0001162,"[""The Great Movie Ride"", ""Mary Poppins (film)"", ""Mary Poppins Returns""]",False
5ab341f755429969a97a8114,ucb1,5,1989,1989,1.0,1.0,1.0,1.0,895,5,0.00018299999999999998,"[""The Great Movie Ride"", ""Mary Poppins (film)"", ""Mary Poppins Returns"", ""Chim Chim Cher-ee"", ""I Love to Laugh""]",False
5a8b50475542997f31a41cd4,ucb1,2,noanswer,world wushu tournament,0.0,0.0,0.0,0.0,293,11,6.74e-05,"[""Warriors Two"", ""Wan Kam Leung""]",False
5a8b50475542997f31a41cd4,ucb1,3,noanswer,world wushu tournament,0.0,0.0,0.0,0.0,436,5,9.120000000000001e-05,"[""Warriors Two"", ""Wan Kam Leung"", ""Wong Shun Leung""]",False
5a8b50475542997f31a41cd4,ucb1,5,world wushu tournament,world wushu tournament,1.0,1.0,1.0,1.0,642,7,0.000134,"[""Warriors Two"", ""Wan Kam Leung"", ""Wong Shun Leung"", ""Donnie Yen"", ""Ip Man 2""]",False
5a8cddd1554299441c6b9f3a,ucb1,2,Japan and Hong Kong,Japan and Hong Kong,1.0,1.0,1.0,1.0,271,7,5.9800000000000003e-05,"[""I.T"", ""Nigo""]",False
5a8cddd1554299441c6b9f3a,ucb1,3,Hong Kong and Japan,Japan and Hong Kong,0.0,1.0,1.0,1.0,423,7,9.020000000000001e-05,"[""I.T"", ""Nigo"", ""A Bathing Ape""]",False
5a8cddd1554299441c6b9f3a,ucb1,5,Hong Kong and Japan,Japan and Hong Kong,0.0,1.0,1.0,1.0,637,7,0.000133,"[""I.T"", ""Nigo"", ""A Bathing Ape"", ""Cyprus\u2013Saudi Arabia relations"", ""X-Large""]",True
5a88f7855542993b751ca8da,ucb1,2,1987,1987,1.0,1.0,1.0,1.0,348,5,7.360000000000001e-05,"[""Fayard Nicholas"", ""Moonstruck""]",False
5a88f7855542993b751ca8da,ucb1,3,1987,1987,1.0,1.0,1.0,1.0,503,5,0.00010460000000000001,"[""Fayard Nicholas"", ""Moonstruck"", ""Nicolas Cage""]",False
5a88f7855542993b751ca8da,ucb1,5,1987,1987,1.0,1.0,1.0,1.0,670,5,0.000138,"[""Fayard Nicholas"", ""Moonstruck"", ""Nicolas Cage"", ""2012 in Cage Warriors"", ""Tony Bonello""]",True
5ab90d2755429916710eb0f0,ucb1,2,Christopher McCulloch,Christopher McCulloch,1.0,1.0,1.0,1.0,370,8,8.04e-05,"[""Efrem Zimbalist Jr."", ""The Venture Bros.""]",False
5ab90d2755429916710eb0f0,ucb1,3,Christopher McCulloch,Christopher McCulloch,1.0,1.0,1.0,1.0,568,8,0.00012000000000000002,"[""Efrem Zimbalist Jr."", ""The Venture Bros."", ""Steven Universe""]",False
5ab90d2755429916710eb0f0,ucb1,5,Christopher McCulloch,Christopher McCulloch,1.0,1.0,1.0,1.0,903,8,0.00018700000000000002,"[""Efrem Zimbalist Jr."", ""The Venture Bros."", ""Steven Universe"", ""Steven Rattazzi"", ""The Itchy &amp; Scratchy &amp; Poochie Show""]",True
5a7300b85542994cef4bc41a,ucb1,2,India's first dedicated multi-wavelength space observatory,India's first dedicated multi-wavelength space observatory.,1.0,1.0,1.0,1.0,281,13,6.66e-05,"[""Robert Fosbury"", ""Astrosat""]",True
5a7300b85542994cef4bc41a,ucb1,3,India's first dedicated multi-wavelength space observatory,India's first dedicated multi-wavelength space observatory.,1.0,1.0,1.0,1.0,363,13,8.3e-05,"[""Robert Fosbury"", ""Astrosat"", ""Gaia (spacecraft)""]",True
5a7300b85542994cef4bc41a,ucb1,5,India's first dedicated multi-wavelength space observatory,India's first dedicated multi-wavelength space observatory.,1.0,1.0,1.0,1.0,576,13,0.00012560000000000002,"[""Robert Fosbury"", ""Astrosat"", ""Gaia (spacecraft)"", ""XEUS"", ""COROT""]",True
5ae7f56e5542993210983fd1,ucb1,2,J. K. Rowling,J. K. Rowling,1.0,1.0,1.0,1.0,348,8,7.600000000000002e-05,"[""Ron Weasley"", ""Y\u016bki Tokiwa""]",False
5ae7f56e5542993210983fd1,ucb1,3,J. K. Rowling,J. K. Rowling,1.0,1.0,1.0,1.0,510,8,0.0001084,"[""Ron Weasley"", ""Y\u016bki Tokiwa"", ""Are Quanta Real (book)""]",True
5ae7f56e5542993210983fd1,ucb1,5,J. K. Rowling,J. K. Rowling,1.0,1.0,1.0,1.0,815,8,0.0001694,"[""Ron Weasley"", ""Y\u016bki Tokiwa"", ""Are Quanta Real (book)"", ""Rupert Grint"", ""Harry Potter and the Chamber of Secrets (film)""]",True
5a7562045542992db947364f,ucb1,2,Saint Louis University,Saint Louis University,1.0,1.0,1.0,1.0,413,6,8.74e-05,"[""University of California, Berkeley"", ""Saint Louis University""]",False
5a7562045542992db947364f,ucb1,3,Saint Louis University,Saint Louis University,1.0,1.0,1.0,1.0,487,6,0.0001022,"[""University of California, Berkeley"", ""Saint Louis University"", ""Saint Louis University School of Medicine""]",False
5a7562045542992db947364f,ucb1,5,Saint Louis University,Saint Louis University,1.0,1.0,1.0,1.0,914,6,0.0001876,"[""University of California, Berkeley"", ""Saint Louis University"", ""Saint Louis University School of Medicine"", ""Saint Louis University Ice Pavilion"", ""Eleonore Stump""]",False
5adda7585542997dc790700c,ucb1,2,noanswer,"Edmonton, Alberta",0.0,0.0,0.0,0.0,361,5,7.620000000000001e-05,"[""Bridge to Terabithia (2007 film)"", ""Bridge to Terabithia (novel)""]",False
5adda7585542997dc790700c,ucb1,3,"Lawrence, Massachusetts","Edmonton, Alberta",0.0,0.0,0.0,0.0,449,13,0.00010020000000000001,"[""Bridge to Terabithia (2007 film)"", ""Bridge to Terabithia (novel)"", ""Bread and Roses, Too""]",True
5adda7585542997dc790700c,ucb1,5,"Edmonton, Alberta","Edmonton, Alberta",1.0,1.0,1.0,1.0,646,7,0.00013480000000000002,"[""Bridge to Terabithia (2007 film)"", ""Bridge to Terabithia (novel)"", ""Bread and Roses, Too"", ""Come Sing, Jimmy Jo"", ""Bridge to Terabithia (1985 film)""]",True
5ab4314955429942dd415ecd,ucb1,2,1200 ft,4080,0.0,0.0,0.0,0.0,341,6,7.3e-05,"[""Profile Lake"", ""Old Man of the Mountain""]",False
5ab4314955429942dd415ecd,ucb1,3,4080 ft,4080,0.0,0.6666666666666666,0.5,1.0,420,6,8.879999999999999e-05,"[""Profile Lake"", ""Old Man of the Mountain"", ""Cannon Mountain (New Hampshire)""]",False
5ab4314955429942dd415ecd,ucb1,5,4080 ft,4080,0.0,0.6666666666666666,0.5,1.0,658,6,0.0001364,"[""Profile Lake"", ""Old Man of the Mountain"", ""Cannon Mountain (New Hampshire)"", ""Franconia Notch State Park"", ""Rockland Furnace""]",False
5a81a2705542990a1d231e30,ucb1,2,"Wynantskill, New York",Hannaford,0.0,0.0,0.0,0.0,521,10,0.0001122,"[""Wynantskill, New York"", ""Gerritsen Creek""]",True
5a81a2705542990a1d231e30,ucb1,3,"Wynantskill, New York",Hannaford,0.0,0.0,0.0,0.0,669,10,0.0001418,"[""Wynantskill, New York"", ""Gerritsen Creek"", ""Mack Trucks""]",True
5a81a2705542990a1d231e30,ucb1,5,"Wynantskill, New York",Hannaford,0.0,0.0,0.0,0.0,877,10,0.0001834,"[""Wynantskill, New York"", ""Gerritsen Creek"", ""Mack Trucks"", ""West Broadway"", ""Hannaford Brothers Company""]",True
5ae291bb5542996483e649f6,ucb1,2,1987 to 2010,between 1987 and 2010,0.0,0.5714285714285715,0.6666666666666666,0.5,249,9,5.7e-05,"[""Premiere (magazine)"", ""Metropolitan Home""]",True
5ae291bb5542996483e649f6,ucb1,3,1987 to 2010,between 1987 and 2010,0.0,0.5714285714285715,0.6666666666666666,0.5,332,9,7.36e-05,"[""Premiere (magazine)"", ""Metropolitan Home"", ""George (magazine)""]",True
5ae291bb5542996483e649f6,ucb1,5,1987 to 2010,between 1987 and 2010,0.0,0.5714285714285715,0.6666666666666666,0.5,480,9,0.0001032,"[""Premiere (magazine)"", ""Metropolitan Home"", ""George (magazine)"", ""Hachette Filipacchi Media U.S."", ""Car and Driver""]",True
5ab207f65542993be8fa98b8,ucb1,2,"St. John's, Newfoundland and Labrador",Preston,0.0,0.0,0.0,0.0,309,10,6.98e-05,"[""Fran\u00e7ois Genoud"", ""Lyman School for Boys""]",True
5ab207f65542993be8fa98b8,ucb1,3,noanswer,Preston,0.0,0.0,0.0,0.0,462,11,0.00010120000000000001,"[""Fran\u00e7ois Genoud"", ""Lyman School for Boys"", ""Stele of Sulaiman""]",True
5ab207f65542993be8fa98b8,ucb1,5,"University of Connecticut's main campus at Storrs, Connecticut",Preston,0.0,0.0,0.0,0.0,742,15,0.0001604,"[""Fran\u00e7ois Genoud"", ""Lyman School for Boys"", ""Stele of Sulaiman"", ""J. Robert Donnelly Husky Heritage Sports Museum"", ""Edmund Bartley-Denniss""]",True
5ae152a65542990adbacf74f,ucb1,2,"September 18, 2010","September 18, 2010",1.0,1.0,1.0,1.0,322,10,7.240000000000001e-05,"[""The Death Cure"", ""The Scorch Trials""]",False
5ae152a65542990adbacf74f,ucb1,3,"September 18, 2010","September 18, 2010",1.0,1.0,1.0,1.0,459,10,9.980000000000001e-05,"[""The Death Cure"", ""The Scorch Trials"", ""Dylan O'Brien""]",False
5ae152a65542990adbacf74f,ucb1,5,"September 18, 2010","September 18, 2010",1.0,1.0,1.0,1.0,760,10,0.00016,"[""The Death Cure"", ""The Scorch Trials"", ""Dylan O'Brien"", ""The Maze Runner (series)"", ""Maze Runner: The Scorch Trials""]",False
5a739ef955429978a71e904b,ucb1,2,noanswer,OK Mozart,0.0,0.0,0.0,0.0,286,5,6.12e-05,"[""Sierra Nevada World Music Festival"", ""New Jersey State Fair""]",True
5a739ef955429978a71e904b,ucb1,3,noanswer,OK Mozart,0.0,0.0,0.0,0.0,324,5,6.88e-05,"[""Sierra Nevada World Music Festival"", ""New Jersey State Fair"", ""Kastav Film Festival""]",True
5a739ef955429978a71e904b,ucb1,5,noanswer,OK Mozart,0.0,0.0,0.0,0.0,497,5,0.0001034,"[""Sierra Nevada World Music Festival"", ""New Jersey State Fair"", ""Kastav Film Festival"", ""Istanbul International Music Festival"", ""Des Moines Arts Festival""]",True
5ab2b61d5542991669774065,ucb1,2,Han Solo,Han Solo,1.0,1.0,1.0,1.0,536,5,0.0001112,"[""Harrison Ford"", ""Robert H. Hume""]",True
5ab2b61d5542991669774065,ucb1,3,Han Solo,Han Solo,1.0,1.0,1.0,1.0,799,5,0.0001638,"[""Harrison Ford"", ""Robert H. Hume"", ""H. Ross Hume""]",True
5ab2b61d5542991669774065,ucb1,5,Han Solo,Han Solo,1.0,1.0,1.0,1.0,992,5,0.0002024,"[""Harrison Ford"", ""Robert H. Hume"", ""H. Ross Hume"", ""List of dead heat horse races"", ""Dead Heat on a Merry-Go-Round""]",True
5a88fc4255429938390d4019,ucb1,2,noanswer,"September 25, 2017",0.0,0.0,0.0,0.0,321,11,7.3e-05,"[""Nina Dobrev"", ""Nerdland""]",False
5a88fc4255429938390d4019,ucb1,3,noanswer,"September 25, 2017",0.0,0.0,0.0,0.0,420,11,9.279999999999999e-05,"[""Nina Dobrev"", ""Nerdland"", ""The Babymakers""]",True
5a88fc4255429938390d4019,ucb1,5,"September 25, 2017","September 25, 2017",1.0,1.0,1.0,1.0,646,10,0.00013720000000000003,"[""Nina Dobrev"", ""Nerdland"", ""The Babymakers"", ""Ultra Warrior"", ""Crash Pad""]",True
5ae2c416554299492dc91c67,ucb1,2,Jaleel White,Jaleel Ahmad White,0.0,0.8,1.0,0.6666666666666666,348,7,7.520000000000001e-05,"[""Jaleel White"", ""Steve Urkel""]",True
5ae2c416554299492dc91c67,ucb1,3,Jaleel White,Jaleel Ahmad White,0.0,0.8,1.0,0.6666666666666666,533,7,0.0001122,"[""Jaleel White"", ""Steve Urkel"", ""Total Blackout""]",True
5ae2c416554299492dc91c67,ucb1,5,Jaleel White,Jaleel Ahmad White,0.0,0.8,1.0,0.6666666666666666,755,7,0.0001566,"[""Jaleel White"", ""Steve Urkel"", ""Total Blackout"", ""Boy Meets World (season 2)"", ""American Nerd""]",True
5a7a51b95542990783324f0f,ucb1,2,Liam Cunningham,Liam Cunningham,1.0,1.0,1.0,1.0,276,6,6e-05,"[""Liam Cunningham"", ""Hunger (2008 film)""]",False
5a7a51b95542990783324f0f,ucb1,3,Liam Cunningham,Liam Cunningham,1.0,1.0,1.0,1.0,518,6,0.0001084,"[""Liam Cunningham"", ""Hunger (2008 film)"", ""Michael Fassbender""]",False
5a7a51b95542990783324f0f,ucb1,5,Liam Cunningham,Liam Cunningham,1.0,1.0,1.0,1.0,708,6,0.0001464,"[""Liam Cunningham"", ""Hunger (2008 film)"", ""Michael Fassbender"", ""The Guard (2011 film)"", ""Harry Brown (film)""]",False
5ae3006c55429928c423959f,ucb1,2,"Saint Michael, Barbados","Saint Michael, Barbados",1.0,1.0,1.0,1.0,356,7,7.680000000000001e-05,"[""Rihanna"", ""Robyn Hilton""]",True
5ae3006c55429928c423959f,ucb1,3,"Saint Michael, Barbados","Saint Michael, Barbados",1.0,1.0,1.0,1.0,484,7,0.00010240000000000001,"[""Rihanna"", ""Robyn Hilton"", ""Vada Nobles""]",True
5ae3006c55429928c423959f,ucb1,5,"Saint Michael, Barbados","Saint Michael, Barbados",1.0,1.0,1.0,1.0,844,7,0.0001744,"[""Rihanna"", ""Robyn Hilton"", ""Vada Nobles"", ""Music of the Sun"", ""Pon de Replay""]",True
5a74122f55429929fddd83da,ucb1,2,Love Drunk,Love Drunk,1.0,1.0,1.0,1.0,375,6,7.979999999999999e-05,"[""Two Is Better Than One"", ""Love Drunk""]",False
5a74122f55429929fddd83da,ucb1,3,Love Drunk,Love Drunk,1.0,1.0,1.0,1.0,471,6,9.9e-05,"[""Two Is Better Than One"", ""Love Drunk"", ""Acapella (Karmin song)""]",True
5a74122f55429929fddd83da,ucb1,5,Love Drunk,Love Drunk,1.0,1.0,1.0,1.0,630,6,0.0001308,"[""Two Is Better Than One"", ""Love Drunk"", ""Acapella (Karmin song)"", ""Bad for Me"", ""Love Drunk (Boys Like Girls song)""]",True
5a81711455429938b614233e,ucb1,2,yes,yes,1.0,1.0,1.0,1.0,322,4,6.76e-05,"[""Andrea Nguyen"", ""Vibe (magazine)""]",True
5a81711455429938b614233e,ucb1,3,yes,yes,1.0,1.0,1.0,1.0,375,4,7.819999999999999e-05,"[""Andrea Nguyen"", ""Vibe (magazine)"", ""Cooking Light""]",True
5a81711455429938b614233e,ucb1,5,yes,yes,1.0,1.0,1.0,1.0,612,4,0.0001256,"[""Andrea Nguyen"", ""Vibe (magazine)"", ""Cooking Light"", ""Kelley L. Carter"", ""Daniel Galmiche""]",True
5ae1e4095542997283cd22bf,ucb1,2,Ursus americanus,Ursus americanus,1.0,1.0,1.0,1.0,257,8,5.78e-05,"[""Ursus americanus carlottae"", ""American black bear""]",True
5ae1e4095542997283cd22bf,ucb1,3,Ursus americanus,Ursus americanus,1.0,1.0,1.0,1.0,416,8,8.960000000000001e-05,"[""Ursus americanus carlottae"", ""American black bear"", ""Kermode bear""]",True
5ae1e4095542997283cd22bf,ucb1,5,Ursus americanus,Ursus americanus,1.0,1.0,1.0,1.0,640,8,0.0001344,"[""Ursus americanus carlottae"", ""American black bear"", ""Kermode bear"", ""Black Bear Creek"", ""Cinnamon bear""]",True
5a8c6d4e5542996e8ac88aa6,ucb1,2,J. Searle Dawley,James Searle Dawley,0.0,0.6666666666666666,0.6666666666666666,0.6666666666666666,243,10,5.66e-05,"[""Lionel Ngakane"", ""Riccardo Tolentino""]",True
5a8c6d4e5542996e8ac88aa6,ucb1,3,J. Searle Dawley,James Searle Dawley,0.0,0.6666666666666666,0.6666666666666666,0.6666666666666666,314,10,7.080000000000001e-05,"[""Lionel Ngakane"", ""Riccardo Tolentino"", ""J. Searle Dawley""]",True
5a8c6d4e5542996e8ac88aa6,ucb1,5,J. Searle Dawley,James Searle Dawley,0.0,0.6666666666666666,0.6666666666666666,0.6666666666666666,413,10,9.06e-05,"[""Lionel Ngakane"", ""Riccardo Tolentino"", ""J. Searle Dawley"", ""A Virgin Paradise"", ""The Death Dance (film)""]",True
5abf11d45542997719eab660,ucb1,2,Canada,Canada,1.0,1.0,1.0,1.0,353,4,7.38e-05,"[""Fred Meyer"", ""Driven To Perform""]",True
5abf11d45542997719eab660,ucb1,3,Canada,Canada,1.0,1.0,1.0,1.0,420,4,8.719999999999999e-05,"[""Fred Meyer"", ""Driven To Perform"", ""L&amp;F Jones""]",True
5abf11d45542997719eab660,ucb1,5,Canada,Canada,1.0,1.0,1.0,1.0,616,4,0.0001264,"[""Fred Meyer"", ""Driven To Perform"", ""L&amp;F Jones"", ""Nguyenkim Shopping Center"", ""X-cite by Alghanim Electronics""]",True
5ac11201554299294b21908c,ucb1,2,Oakland County,Oakland County,1.0,1.0,1.0,1.0,286,6,6.2e-05,"[""Ron Teachworth"", ""Paulville""]",True
5ac11201554299294b21908c,ucb1,3,"Rochester Hills, Michigan",Oakland County,0.0,0.0,0.0,0.0,436,9,9.44e-05,"[""Ron Teachworth"", ""Paulville"", ""Sequoyah County Sheriff's Office (Oklahoma)""]",True
5ac11201554299294b21908c,ucb1,5,Oakland County,Oakland County,1.0,1.0,1.0,1.0,587,6,0.00012220000000000002,"[""Ron Teachworth"", ""Paulville"", ""Sequoyah County Sheriff's Office (Oklahoma)"", ""Ron Stephens (Illinois politician)"", ""Rochester Hills, Michigan""]",True
5ade063d5542995b365fabcd,ucb1,2,Major League Soccer,Major League Soccer,1.0,1.0,1.0,1.0,349,6,7.46e-05,"[""Major League Soccer"", ""Donnie Smith""]",True
5ade063d5542995b365fabcd,ucb1,3,Major League Soccer,Major League Soccer,1.0,1.0,1.0,1.0,468,6,9.84e-05,"[""Major League Soccer"", ""Donnie Smith"", ""Berks/Bucks &amp; Oxon 1""]",True
5ade063d5542995b365fabcd,ucb1,5,Major League Soccer,Major League Soccer,1.0,1.0,1.0,1.0,780,6,0.0001608,"[""Major League Soccer"", ""Donnie Smith"", ""Berks/Bucks &amp; Oxon 1"", ""Kareem Smith"", ""2016 Lamar Hunt U.S. Open Cup Final""]",True
5ab3a83d5542992ade7c6e08,ucb1,2,The Daily Stormer,The Daily Stormer,1.0,1.0,1.0,1.0,469,7,9.940000000000002e-05,"[""Faith Goldy"", ""Henrik Palmgren""]",False
5ab3a83d5542992ade7c6e08,ucb1,3,The Daily Stormer,The Daily Stormer,1.0,1.0,1.0,1.0,538,7,0.00011320000000000001,"[""Faith Goldy"", ""Henrik Palmgren"", ""The Daily Stormer""]",False
5ab3a83d5542992ade7c6e08,ucb1,5,The Daily Stormer,The Daily Stormer,1.0,1.0,1.0,1.0,842,7,0.000174,"[""Faith Goldy"", ""Henrik Palmgren"", ""The Daily Stormer"", ""Egger (company)"", ""Follow-the-sun""]",True
5a79b525554299029c4b5f67,ucb1,2,folk music,traditional music,0.0,0.5,0.5,0.5,395,5,8.3e-05,"[""Aquichua"", ""Apachita Pura Pura""]",True
5a79b525554299029c4b5f67,ucb1,3,folkloric music and dance,traditional music,0.0,0.3333333333333333,0.25,0.5,522,9,0.0001116,"[""Aquichua"", ""Apachita Pura Pura"", ""Alcamarinayoc""]",True
5a79b525554299029c4b5f67,ucb1,5,folk music,traditional music,0.0,0.5,0.5,0.5,795,5,0.00016299999999999998,"[""Aquichua"", ""Apachita Pura Pura"", ""Alcamarinayoc"", ""Kunturi (Condesuyos)"", ""Andes""]",True
5a8b77705542995d1e6f13aa,ucb1,2,Sirius XM Holdings,Sirius XM Holdings,1.0,1.0,1.0,1.0,347,14,8.060000000000001e-05,"[""Sirius XM Holdings"", ""The Clock (TV series)""]",True
5a8b77705542995d1e6f13aa,ucb1,3,Sirius XM,Sirius XM Holdings,0.0,0.8,1.0,0.6666666666666666,396,7,8.48e-05,"[""Sirius XM Holdings"", ""The Clock (TV series)"", ""Emma Willmann""]",True
5a8b77705542995d1e6f13aa,ucb1,5,"Sirius XM
",Sirius XM Holdings,0.0,0.8,1.0,0.6666666666666666,666,8,0.0001396,"[""Sirius XM Holdings"", ""The Clock (TV series)"", ""Emma Willmann"", ""Author Meets the Critics"", ""Lux Radio Theatre""]",True
5a8aeadc55429950cd6afbe0,ucb1,2,"January 14, 2010","January 14, 2010",1.0,1.0,1.0,1.0,213,10,5.06e-05,"[""Le Grand Chef 2: Kimchi Battle"", ""Wedding Dress (film)""]",True
5a8aeadc55429950cd6afbe0,ucb1,3,"January 14, 2010","January 14, 2010",1.0,1.0,1.0,1.0,299,10,6.780000000000001e-05,"[""Le Grand Chef 2: Kimchi Battle"", ""Wedding Dress (film)"", ""Kim Hyang-gi""]",True
5a8aeadc55429950cd6afbe0,ucb1,5,"January 14, 2010","January 14, 2010",1.0,1.0,1.0,1.0,449,10,9.780000000000002e-05,"[""Le Grand Chef 2: Kimchi Battle"", ""Wedding Dress (film)"", ""Kim Hyang-gi"", ""Thread of Lies"", ""Eleventh Mom""]",True
5abd0296554299114383a1d1,ucb1,2,1876,1876,1.0,1.0,1.0,1.0,386,5,8.120000000000001e-05,"[""Little Bighorn Battlefield National Monument"", ""Waldo Rudolph Wedel""]",True
5abd0296554299114383a1d1,ucb1,3,1876,1876,1.0,1.0,1.0,1.0,508,5,0.0001056,"[""Little Bighorn Battlefield National Monument"", ""Waldo Rudolph Wedel"", ""Steven Collins (archaeologist)""]",True
5abd0296554299114383a1d1,ucb1,5,1876,1876,1.0,1.0,1.0,1.0,903,5,0.00018460000000000001,"[""Little Bighorn Battlefield National Monument"", ""Waldo Rudolph Wedel"", ""Steven Collins (archaeologist)"", ""David M. Pendergast"", ""Bonampak""]",True
5ae4d0ff55429913cc204511,ucb1,2,The Smashing Pumpkins,Greek Fire,0.0,0.0,0.0,0.0,451,8,9.66e-05,"[""Billy Corgan"", ""Zeitgeist (The Smashing Pumpkins album)""]",False
5ae4d0ff55429913cc204511,ucb1,3,Greek Fire,Greek Fire,1.0,1.0,1.0,1.0,567,5,0.00011740000000000001,"[""Billy Corgan"", ""Zeitgeist (The Smashing Pumpkins album)"", ""Greek Fire (band)""]",False
5ae4d0ff55429913cc204511,ucb1,5,Greek Fire,Greek Fire,1.0,1.0,1.0,1.0,994,5,0.0002028,"[""Billy Corgan"", ""Zeitgeist (The Smashing Pumpkins album)"", ""Greek Fire (band)"", ""Jimmy Chamberlin"", ""1979 (song)""]",False
5ac07fff554299294b219006,ucb1,2,tennis,tennis,1.0,1.0,1.0,1.0,255,5,5.5e-05,"[""Simon Aspelin"", ""Thomaz Koch""]",False
5ac07fff554299294b219006,ucb1,3,tennis,tennis,1.0,1.0,1.0,1.0,419,5,8.780000000000002e-05,"[""Simon Aspelin"", ""Thomaz Koch"", ""Fiorella Bonicelli""]",False
5ac07fff554299294b219006,ucb1,5,tennis,tennis,1.0,1.0,1.0,1.0,696,5,0.0001432,"[""Simon Aspelin"", ""Thomaz Koch"", ""Fiorella Bonicelli"", ""Bruno Soares"", ""Turkey Open""]",False
5ab741005542992aa3b8c800,ucb1,2,Nate Oats,Robert Matthew Hurley,0.0,0.0,0.0,0.0,363,7,7.82e-05,"[""Nate Oats"", ""2011\u201312 Wagner Seahawks men's basketball team""]",True
5ab741005542992aa3b8c800,ucb1,3,Nate Oats,Robert Matthew Hurley,0.0,0.0,0.0,0.0,446,7,9.48e-05,"[""Nate Oats"", ""2011\u201312 Wagner Seahawks men's basketball team"", ""Rhode Island Rams men's basketball""]",True
5ab741005542992aa3b8c800,ucb1,5,Bobby Hurley,Robert Matthew Hurley,0.0,0.4,0.5,0.3333333333333333,822,7,0.00017,"[""Nate Oats"", ""2011\u201312 Wagner Seahawks men's basketball team"", ""Rhode Island Rams men's basketball"", ""Bob Hurley"", ""Dan Hurley""]",True
5abe4a365542993f32c2a0dc,ucb1,2,120 countries,more than 120 countries,0.0,0.6666666666666666,1.0,0.5,398,5,8.360000000000001e-05,"[""Rosi Golan"", ""Lynn Goldsmith""]",True
5abe4a365542993f32c2a0dc,ucb1,3,120 countries,more than 120 countries,0.0,0.6666666666666666,1.0,0.5,443,5,9.260000000000001e-05,"[""Rosi Golan"", ""Lynn Goldsmith"", ""Chicco""]",True
5abe4a365542993f32c2a0dc,ucb1,5,120 countries,more than 120 countries,0.0,0.6666666666666666,1.0,0.5,657,5,0.00013539999999999998,"[""Rosi Golan"", ""Lynn Goldsmith"", ""Chicco"", ""Visa Debit"", ""Association football culture""]",True
5ab6cebd55429954757d3378,ucb1,2,whaling,hunt,0.0,0.0,0.0,0.0,293,5,6.26e-05,"[""Right Whale Bay"", ""Whaling in New Zealand""]",True
5ab6cebd55429954757d3378,ucb1,3,whaling,hunt,0.0,0.0,0.0,0.0,370,5,7.8e-05,"[""Right Whale Bay"", ""Whaling in New Zealand"", ""Southern right whale dolphin""]",True
5ab6cebd55429954757d3378,ucb1,5,whaling,hunt,0.0,0.0,0.0,0.0,610,5,0.000126,"[""Right Whale Bay"", ""Whaling in New Zealand"", ""Southern right whale dolphin"", ""Balaenidae"", ""Whaling in Australia""]",True
5abc219655429959677d6a1d,ucb1,2,Preacher,"the Vertigo series ""Preacher""",0.0,0.5,1.0,0.3333333333333333,303,11,6.94e-05,"[""Glenn Greenberg"", ""Garth Ennis""]",True
5abc219655429959677d6a1d,ucb1,3,The Spectacular Spider-Man,"the Vertigo series ""Preacher""",0.0,0.0,0.0,0.0,443,8,9.500000000000002e-05,"[""Glenn Greenberg"", ""Garth Ennis"", ""Crossed (comics)""]",True
5abc219655429959677d6a1d,ucb1,5,Preacher,"the Vertigo series ""Preacher""",0.0,0.5,1.0,0.3333333333333333,978,5,0.0001996,"[""Glenn Greenberg"", ""Garth Ennis"", ""Crossed (comics)"", ""Nunzio DeFilippis"", ""Will Jacobs""]",True
5ac546975542993e66e8229a,ucb1,2,1844,1844,1.0,1.0,1.0,1.0,409,5,8.580000000000001e-05,"[""The Co-operative Group"", ""The Rochdale Pioneers""]",True
5ac546975542993e66e8229a,ucb1,3,1844,1844,1.0,1.0,1.0,1.0,489,5,0.00010180000000000001,"[""The Co-operative Group"", ""The Rochdale Pioneers"", ""Penrith Co-operative Society""]",True
5ac546975542993e66e8229a,ucb1,5,1844,1844,1.0,1.0,1.0,1.0,778,5,0.0001596,"[""The Co-operative Group"", ""The Rochdale Pioneers"", ""Penrith Co-operative Society"", ""Anglia Regional Co-operative Society"", ""Woodlands Farm Trust""]",True
5adf4da15542995534e8c780,ucb1,2,democratic,Democratic,1.0,1.0,1.0,1.0,254,5,5.4800000000000004e-05,"[""Julian Castro"", ""Rick Galindo""]",True
5adf4da15542995534e8c780,ucb1,3,democratic,Democratic,1.0,1.0,1.0,1.0,427,5,8.94e-05,"[""Julian Castro"", ""Rick Galindo"", ""Cuban Democracy Act""]",True
5adf4da15542995534e8c780,ucb1,5,democratic,Democratic,1.0,1.0,1.0,1.0,562,5,0.00011640000000000001,"[""Julian Castro"", ""Rick Galindo"", ""Cuban Democracy Act"", ""San Antonio mayoral election, 2009"", ""Page Cortez""]",True
5a7f1d3c5542993067513639,ucb1,2,TotalEnergies,Mercuria Energy Group Ltd,0.0,0.0,0.0,0.0,347,6,7.42e-05,"[""J. P. Morgan Jr."", ""Douglas Cliggott""]",True
5a7f1d3c5542993067513639,ucb1,3,TotalEnergies,Mercuria Energy Group Ltd,0.0,0.0,0.0,0.0,536,6,0.000112,"[""J. P. Morgan Jr."", ""Douglas Cliggott"", ""Bank pool loan""]",True
5a7f1d3c5542993067513639,ucb1,5,Hess Corporation,Mercuria Energy Group Ltd,0.0,0.0,0.0,0.0,869,6,0.00017860000000000003,"[""J. P. Morgan Jr."", ""Douglas Cliggott"", ""Bank pool loan"", ""Hess Corporation"", ""Founder Group""]",True
5ae3c71f5542991a06ce9a22,ucb1,2,Mesopotamia,Mesopotamia,1.0,1.0,1.0,1.0,314,6,6.76e-05,"[""Argentine provincial elections, 2015"", ""Mesopotamia, Argentina""]",True
5ae3c71f5542991a06ce9a22,ucb1,3,"Mesopotamia, Argentina",Mesopotamia,0.0,0.6666666666666666,0.5,1.0,402,8,8.680000000000001e-05,"[""Argentine provincial elections, 2015"", ""Mesopotamia, Argentina"", ""Federico Lacroze""]",True
5ae3c71f5542991a06ce9a22,ucb1,5,"Mesopotamia
",Mesopotamia,1.0,1.0,1.0,1.0,633,7,0.00013220000000000001,"[""Argentine provincial elections, 2015"", ""Mesopotamia, Argentina"", ""Federico Lacroze"", ""Quadrilateral Treaty"", ""Santa Fe Province""]",True
5a7e32905542991319bc943b,ucb1,2,curling,Curling,1.0,1.0,1.0,1.0,477,5,9.94e-05,"[""2014 Winter Olympics"", ""2007 Trail Appliances Autumn Gold Curling Classic""]",True
5a7e32905542991319bc943b,ucb1,3,curling,Curling,1.0,1.0,1.0,1.0,662,5,0.00013639999999999998,"[""2014 Winter Olympics"", ""2007 Trail Appliances Autumn Gold Curling Classic"", ""Jennifer Jones (curler)""]",True
5a7e32905542991319bc943b,ucb1,5,curling,Curling,1.0,1.0,1.0,1.0,982,5,0.0002004,"[""2014 Winter Olympics"", ""2007 Trail Appliances Autumn Gold Curling Classic"", ""Jennifer Jones (curler)"", ""Meghan Agosta"", ""Canada at the 2010 Winter Olympics""]",True
5a75462d5542996c70cfaed3,ucb1,2,Kwok Kin Poon,Edison Koon-hei Chen,0.0,0.0,0.0,0.0,354,8,7.72e-05,"[""Kwok Kin Poon"", ""Edison Chen""]",True
5a75462d5542996c70cfaed3,ucb1,3,Kwok Kin Poon,Edison Koon-hei Chen,0.0,0.0,0.0,0.0,426,8,9.16e-05,"[""Kwok Kin Poon"", ""Edison Chen"", ""Almost Perfect (film)""]",True
5a75462d5542996c70cfaed3,ucb1,5,Kwok Kin Poon,Edison Koon-hei Chen,0.0,0.0,0.0,0.0,491,8,0.00010460000000000001,"[""Kwok Kin Poon"", ""Edison Chen"", ""Almost Perfect (film)"", ""Edison Chen (EP)"", ""Ed Is On""]",True
5a8effb55542997ba9cb317f,ucb1,2,Partnership for Prescription Assistance,Matt Lucas,0.0,0.0,0.0,0.0,389,8,8.420000000000001e-05,"[""Orthodox Jewish feminism"", ""Montel Williams""]",True
5a8effb55542997ba9cb317f,ucb1,3,Montel Williams,Matt Lucas,0.0,0.0,0.0,0.0,560,6,0.00011679999999999999,"[""Orthodox Jewish feminism"", ""Montel Williams"", ""Lysin""]",True
5a8effb55542997ba9cb317f,ucb1,5,Little Britain,Matt Lucas,0.0,0.0,0.0,0.0,762,5,0.0001564,"[""Orthodox Jewish feminism"", ""Montel Williams"", ""Lysin"", ""Wall of Fame (game show)"", ""Fremont High School (Oakland, California)""]",True
5abec66b5542997ec76fd360,ucb1,2,Pour le Mérite,A veteran World War I fighter pilot ace,0.0,0.0,0.0,0.0,332,7,7.2e-05,"[""Hermann G\u00f6ring"", ""Josef Veltjens""]",False
5abec66b5542997ec76fd360,ucb1,3,Pour le Mérite,A veteran World War I fighter pilot ace,0.0,0.0,0.0,0.0,400,7,8.560000000000001e-05,"[""Hermann G\u00f6ring"", ""Josef Veltjens"", ""Werner Goering""]",True
5abec66b5542997ec76fd360,ucb1,5,German World War I fighter ace,A veteran World War I fighter pilot ace,0.0,0.7692307692307692,0.8333333333333334,0.7142857142857143,735,9,0.0001542,"[""Hermann G\u00f6ring"", ""Josef Veltjens"", ""Werner Goering"", ""Groote Beer (botter yacht)"", ""Jan Mor\u00e1vek (1902\u20131984)""]",True
5a9030ef5542995651fb50e4,ucb1,2,football,American football,0.0,0.6666666666666666,1.0,0.5,358,4,7.48e-05,"[""Show Her"", ""A Bad Goodbye""]",True
5a9030ef5542995651fb50e4,ucb1,3,American football,American football,1.0,1.0,1.0,1.0,398,5,8.360000000000001e-05,"[""Show Her"", ""A Bad Goodbye"", ""Mike Reid (singer)""]",True
5a9030ef5542995651fb50e4,ucb1,5,American football,American football,1.0,1.0,1.0,1.0,609,5,0.0001258,"[""Show Her"", ""A Bad Goodbye"", ""Mike Reid (singer)"", ""The Heart (song)"", ""Love Me Like You Used To (song)""]",True
5a762cf0554299109176e6a4,ucb1,2,Bertalan Farkas,Bertalan Farkas,1.0,1.0,1.0,1.0,251,9,5.74e-05,"[""Bertalan Farkas"", ""Hans Schlegel""]",False
5a762cf0554299109176e6a4,ucb1,3,Bertalan Farkas,Bertalan Farkas,1.0,1.0,1.0,1.0,421,9,9.14e-05,"[""Bertalan Farkas"", ""Hans Schlegel"", ""Hans Aschenborn""]",False
5a762cf0554299109176e6a4,ucb1,5,Bertalan Farkas,Bertalan Farkas,1.0,1.0,1.0,1.0,751,9,0.00015740000000000003,"[""Bertalan Farkas"", ""Hans Schlegel"", ""Hans Aschenborn"", ""Karl Wilhelm Friedrich Schlegel"", ""Gene Mako""]",False
5ade1c9e55429939a52fe822,ucb1,2,Haiti,Saint-Domingue,0.0,0.0,0.0,0.0,347,5,7.340000000000001e-05,"[""Jean-Baptiste Sans Souci"", ""Henri Christophe""]",True
5ade1c9e55429939a52fe822,ucb1,3,Haiti,Saint-Domingue,0.0,0.0,0.0,0.0,441,5,9.22e-05,"[""Jean-Baptiste Sans Souci"", ""Henri Christophe"", ""Fran\u00e7ois-Ferdinand Christophe""]",True
5ade1c9e55429939a52fe822,ucb1,5,Haiti,Saint-Domingue,0.0,0.0,0.0,0.0,760,5,0.000156,"[""Jean-Baptiste Sans Souci"", ""Henri Christophe"", ""Fran\u00e7ois-Ferdinand Christophe"", ""Pomp\u00e9e Valentin Vastey"", ""Slavery in Ethiopia""]",True
5abb1e1b5542992ccd8e7f19,ucb1,2,"Nobel Prize
",Nobel Prize in Literature,0.0,0.6666666666666666,1.0,0.5,346,7,7.48e-05,"[""Jos\u00e9 Saramago"", ""Ivo Andri\u0107""]",False
5abb1e1b5542992ccd8e7f19,ucb1,3,Nobel Prize,Nobel Prize in Literature,0.0,0.6666666666666666,1.0,0.5,518,6,0.0001084,"[""Jos\u00e9 Saramago"", ""Ivo Andri\u0107"", ""March on the Drina""]",False
5abb1e1b5542992ccd8e7f19,ucb1,5,Nobel Prize,Nobel Prize in Literature,0.0,0.6666666666666666,1.0,0.5,750,6,0.0001548,"[""Jos\u00e9 Saramago"", ""Ivo Andri\u0107"", ""March on the Drina"", ""Jos\u00e9 Saramago Foundation"", ""Vi\u0161egrad""]",False
5a791ce955429974737f798e,ucb1,2,Queensland,Queensland,1.0,1.0,1.0,1.0,324,5,6.88e-05,"[""2001 Goodwill Games"", ""Brett McClure""]",True
5a791ce955429974737f798e,ucb1,3,Queensland,Queensland,1.0,1.0,1.0,1.0,386,5,8.120000000000001e-05,"[""2001 Goodwill Games"", ""Brett McClure"", ""Masayoshi Yamamoto""]",True
5a791ce955429974737f798e,ucb1,5,Queensland,Queensland,1.0,1.0,1.0,1.0,614,5,0.0001268,"[""2001 Goodwill Games"", ""Brett McClure"", ""Masayoshi Yamamoto"", ""Luke Stannard"", ""Quinto Vadi""]",True
5ae67dba55429908198fa5f0,ucb1,2,"33,484","48,982",0.0,0.0,0.0,0.0,388,6,8.24e-05,"[""Olive Branch, Mississippi"", ""Southaven, Mississippi""]",False
5ae67dba55429908198fa5f0,ucb1,3,"48,982","48,982",1.0,1.0,1.0,1.0,427,6,9.02e-05,"[""Olive Branch, Mississippi"", ""Southaven, Mississippi"", ""Lakeland, Tennessee""]",True
5ae67dba55429908198fa5f0,ucb1,5,652000,"48,982",0.0,0.0,0.0,0.0,640,5,0.00013199999999999998,"[""Olive Branch, Mississippi"", ""Southaven, Mississippi"", ""Lakeland, Tennessee"", ""Millington, Tennessee"", ""Covington, Tennessee""]",True
5a7ef6b35542994959419a94,ucb1,2,"Florence
",Emilia-Romagna Region,0.0,0.0,0.0,0.0,362,6,7.72e-05,"[""Carolina Pini"", ""Agro Nocerino Sarnese""]",True
5a7ef6b35542994959419a94,ucb1,3,"Florence, Italy",Emilia-Romagna Region,0.0,0.0,0.0,0.0,524,7,0.00011040000000000001,"[""Carolina Pini"", ""Agro Nocerino Sarnese"", ""Cantine Lungarotti Winery""]",True
5a7ef6b35542994959419a94,ucb1,5,Florence,Emilia-Romagna Region,0.0,0.0,0.0,0.0,831,11,0.00017500000000000003,"[""Carolina Pini"", ""Agro Nocerino Sarnese"", ""Cantine Lungarotti Winery"", ""Andrea Bellunello"", ""Giorgio Giunchi""]",True
5ae5e8dc554299546bf82fbe,ucb1,2,Maulana Karenga,Hakim Abdullah Jamal,0.0,0.0,0.0,0.0,328,7,7.120000000000001e-05,"[""Black Arts Movement"", ""Maulana Karenga""]",False
5ae5e8dc554299546bf82fbe,ucb1,3,Hakim Abdullah Jamal,Hakim Abdullah Jamal,1.0,1.0,1.0,1.0,406,8,8.760000000000002e-05,"[""Black Arts Movement"", ""Maulana Karenga"", ""Hakim Jamal""]",False
5ae5e8dc554299546bf82fbe,ucb1,5,Hakim Abdullah Jamal,Hakim Abdullah Jamal,1.0,1.0,1.0,1.0,759,8,0.0001582,"[""Black Arts Movement"", ""Maulana Karenga"", ""Hakim Jamal"", ""Etheridge Knight"", ""Tommie Smith""]",False
5a89bbb05542992e4fca83a3,ucb1,2,Billy Eichner,Nick Offerman,0.0,0.0,0.0,0.0,349,6,7.46e-05,"[""Billy Eichner"", ""Nick Offerman""]",False
5a89bbb05542992e4fca83a3,ucb1,3,Nick Offerman,Nick Offerman,1.0,1.0,1.0,1.0,448,6,9.44e-05,"[""Billy Eichner"", ""Nick Offerman"", ""The Camel (Parks and Recreation)""]",True
5a89bbb05542992e4fca83a3,ucb1,5,Nick Offerman,Nick Offerman,1.0,1.0,1.0,1.0,694,6,0.00014360000000000002,"[""Billy Eichner"", ""Nick Offerman"", ""The Camel (Parks and Recreation)"", ""Welcome to the Family (TV series)"", ""The Great Rivers Greenway District""]",True
5adcf8155542990d50227d6a,ucb1,2,Maria Brink,Maria Brink,1.0,1.0,1.0,1.0,322,5,6.840000000000001e-05,"[""Jonathan and Darlene Edwards"", ""The Dream (In This Moment album)""]",True
5adcf8155542990d50227d6a,ucb1,3,Maria Brink,Maria Brink,1.0,1.0,1.0,1.0,447,5,9.340000000000001e-05,"[""Jonathan and Darlene Edwards"", ""The Dream (In This Moment album)"", ""Nightside Emanations""]",True
5adcf8155542990d50227d6a,ucb1,5,Maria Brink,Maria Brink,1.0,1.0,1.0,1.0,693,5,0.00014259999999999997,"[""Jonathan and Darlene Edwards"", ""The Dream (In This Moment album)"", ""Nightside Emanations"", ""Rood Adeo"", ""Maria Brink""]",True
5a74feb75542996c70cfae6d,ucb1,2,Ali Qushji,Ali Qushji,1.0,1.0,1.0,1.0,441,7,9.38e-05,"[""Ibn Zuhr"", ""Ibn Tufail""]",False
5a74feb75542996c70cfae6d,ucb1,3,Ali Qushji,Ali Qushji,1.0,1.0,1.0,1.0,655,7,0.0001366,"[""Ibn Zuhr"", ""Ibn Tufail"", ""Ali Qushji""]",False
5a74feb75542996c70cfae6d,ucb1,5,Ali Qushji,Ali Qushji,1.0,1.0,1.0,1.0,994,7,0.0002044,"[""Ibn Zuhr"", ""Ibn Tufail"", ""Ali Qushji"", ""Theologus Autodidactus"", ""Aristotelianism""]",False
5ae32e125542991a06ce9946,ucb1,2,35124,"35,124",1.0,1.0,1.0,1.0,355,5,7.500000000000001e-05,"[""Boston, Lincolnshire"", ""Kirton, Suffolk""]",True
5ae32e125542991a06ce9946,ucb1,3,Boston,"35,124",0.0,0.0,0.0,0.0,414,4,8.6e-05,"[""Boston, Lincolnshire"", ""Kirton, Suffolk"", ""Kirton, Nottinghamshire""]",True
5ae32e125542991a06ce9946,ucb1,5,35124,"35,124",1.0,1.0,1.0,1.0,800,5,0.000164,"[""Boston, Lincolnshire"", ""Kirton, Suffolk"", ""Kirton, Nottinghamshire"", ""Kirton End"", ""Parkridge, Saskatoon""]",True
5a8242c155429940e5e1a81d,ucb1,2,"New York, NY",Germany,0.0,0.0,0.0,0.0,478,13,0.000106,"[""Stanley Bing"", ""Mera J. Flaumenhaft""]",True
5a8242c155429940e5e1a81d,ucb1,3,"New York, NY",Germany,0.0,0.0,0.0,0.0,670,7,0.0001396,"[""Stanley Bing"", ""Mera J. Flaumenhaft"", ""Angelo Codevilla""]",True
5a8242c155429940e5e1a81d,ucb1,5,Chicago,Germany,0.0,0.0,0.0,0.0,842,4,0.0001716,"[""Stanley Bing"", ""Mera J. Flaumenhaft"", ""Angelo Codevilla"", ""Ernest Myers"", ""Thoughts on Machiavelli""]",True
5ab2acbc55429929539467d2,ucb1,2,Piñero Island,Laysan,0.0,0.0,0.0,0.0,389,13,8.82e-05,"[""Pi\u00f1ero Island"", ""Kitney Island""]",True
5ab2acbc55429929539467d2,ucb1,3,Piñero Island,Laysan,0.0,0.0,0.0,0.0,529,7,0.00011140000000000001,"[""Pi\u00f1ero Island"", ""Kitney Island"", ""Bruce Islands""]",True
5ab2acbc55429929539467d2,ucb1,5,Masson Island,Laysan,0.0,0.0,0.0,0.0,743,6,0.00015340000000000002,"[""Pi\u00f1ero Island"", ""Kitney Island"", ""Bruce Islands"", ""Canopus Rocks"", ""Masson Island""]",True
5abd7d0c55429924427fd010,ucb1,2,semantic analysis,Musicology,0.0,0.0,0.0,0.0,326,11,7.4e-05,"[""Jesus, Interrupted"", ""Semantic Scholar""]",True
5abd7d0c55429924427fd010,ucb1,3,psychoacoustics,Musicology,0.0,0.0,0.0,0.0,418,14,9.480000000000001e-05,"[""Jesus, Interrupted"", ""Semantic Scholar"", ""Boris Mordukhovich""]",True
5abd7d0c55429924427fd010,ucb1,5,time–frequency analysis,Musicology,0.0,0.0,0.0,0.0,606,7,0.0001268,"[""Jesus, Interrupted"", ""Semantic Scholar"", ""Boris Mordukhovich"", ""Ciril Cvetko"", ""Time\u2013frequency analysis for music signals""]",True
5ae6860e5542991bbc976112,ucb1,2,noanswer,"commentary on Isaac Newton's book ""Principia""",0.0,0.0,0.0,0.0,379,5,7.98e-05,"[""The Physics of Superheroes"", ""Katherine Kath""]",True
5ae6860e5542991bbc976112,ucb1,3,noanswer,"commentary on Isaac Newton's book ""Principia""",0.0,0.0,0.0,0.0,481,5,0.00010020000000000001,"[""The Physics of Superheroes"", ""Katherine Kath"", ""Ethiopian Legal Information Website""]",True
5ae6860e5542991bbc976112,ucb1,5,noanswer,"commentary on Isaac Newton's book ""Principia""",0.0,0.0,0.0,0.0,631,5,0.0001302,"[""The Physics of Superheroes"", ""Katherine Kath"", ""Ethiopian Legal Information Website"", ""Laws of association"", ""Voltaire in Love""]",True
5a849cc95542997175ce1efa,ucb1,2,Boston,Boston,1.0,1.0,1.0,1.0,264,4,5.6000000000000006e-05,"[""The Big Premiere"", ""Massachusetts House of Representatives""]",True
5a849cc95542997175ce1efa,ucb1,3,Boston,Boston,1.0,1.0,1.0,1.0,376,4,7.84e-05,"[""The Big Premiere"", ""Massachusetts House of Representatives"", ""Brian Mannal""]",True
5a849cc95542997175ce1efa,ucb1,5,Boston,Boston,1.0,1.0,1.0,1.0,603,4,0.0001238,"[""The Big Premiere"", ""Massachusetts House of Representatives"", ""Brian Mannal"", ""188th (Saskatchewan) Battalion, CEF"", ""Rockwood/East 188th Avenue MAX Station""]",True
5ac1a04e5542991316484b63,ucb1,2,no,no,1.0,1.0,1.0,1.0,234,4,5.000000000000001e-05,"[""How Do You Sleep at Night"", ""Jim McBride""]",True
5ac1a04e5542991316484b63,ucb1,3,no,no,1.0,1.0,1.0,1.0,349,4,7.3e-05,"[""How Do You Sleep at Night"", ""Jim McBride"", ""What I Meant to Say""]",True
5ac1a04e5542991316484b63,ucb1,5,no,no,1.0,1.0,1.0,1.0,537,4,0.0001106,"[""How Do You Sleep at Night"", ""Jim McBride"", ""What I Meant to Say"", ""Neil Jordan"", ""Sawmill Road""]",True
5ade7a435542997c77adee3a,ucb1,2,Mountbatten family,Mountbatten family,1.0,1.0,1.0,1.0,382,7,8.2e-05,"[""Mountbatten family"", ""Mountbatten-Windsor""]",True
5ade7a435542997c77adee3a,ucb1,3,Mountbatten family,Mountbatten family,1.0,1.0,1.0,1.0,489,7,0.0001034,"[""Mountbatten family"", ""Mountbatten-Windsor"", ""Cadet branch""]",True
5ade7a435542997c77adee3a,ucb1,5,Mountbatten family,Mountbatten family,1.0,1.0,1.0,1.0,823,7,0.00017020000000000002,"[""Mountbatten family"", ""Mountbatten-Windsor"", ""Cadet branch"", ""Batonishvili"", ""Duke of Leuchtenberg""]",True
5a865e8a55429960ec39b67a,ucb1,2,no,yes,0.0,0.0,0.0,0.0,669,4,0.000137,"[""Moonbabies (band)"", ""I Fight Dragons""]",False
5a865e8a55429960ec39b67a,ucb1,3,no,yes,0.0,0.0,0.0,0.0,833,4,0.0001698,"[""Moonbabies (band)"", ""I Fight Dragons"", ""3OH!3""]",False
5a865e8a55429960ec39b67a,ucb1,5,no,yes,0.0,0.0,0.0,0.0,969,4,0.00019700000000000002,"[""Moonbabies (band)"", ""I Fight Dragons"", ""3OH!3"", ""Omens (album)"", ""Friends and Nervous Breakdowns""]",True
5adc0e0355429944faac2404,ucb1,2,Sonic Mania,Sonic Mania,1.0,1.0,1.0,1.0,281,6,6.1000000000000005e-05,"[""Captain Comic"", ""Christian Whitehead""]",True
5adc0e0355429944faac2404,ucb1,3,Sonic Mania,Sonic Mania,1.0,1.0,1.0,1.0,434,6,9.16e-05,"[""Captain Comic"", ""Christian Whitehead"", ""Sonic Mania""]",True
5adc0e0355429944faac2404,ucb1,5,Sonic Mania,Sonic Mania,1.0,1.0,1.0,1.0,814,6,0.0001676,"[""Captain Comic"", ""Christian Whitehead"", ""Sonic Mania"", ""Super Ghouls 'n Ghosts"", ""Pop'n TwinBee""]",True
5a80ecea55429938b6142254,ucb1,2,My Secret Hotel,Queen In-hyun's Man,0.0,0.0,0.0,0.0,328,6,7.04e-05,"[""Yoo Ah-in"", ""My Secret Hotel""]",True
5a80ecea55429938b6142254,ucb1,3,Sungkyunkwan Scandal,Queen In-hyun's Man,0.0,0.0,0.0,0.0,445,10,9.7e-05,"[""Yoo Ah-in"", ""My Secret Hotel"", ""Park Myeong-su""]",True
5a80ecea55429938b6142254,ucb1,5,noanswer,Queen In-hyun's Man,0.0,0.0,0.0,0.0,874,5,0.0001788,"[""Yoo Ah-in"", ""My Secret Hotel"", ""Park Myeong-su"", ""Han Sun-hwa"", ""Secret Love (TV series)""]",True
5ae7cea355429952e35ea9c1,ucb1,2,Travelers,Netflix,0.0,0.0,0.0,0.0,461,5,9.620000000000001e-05,"[""Travelers (TV series)"", ""Bloodline (TV series)""]",False
5ae7cea355429952e35ea9c1,ucb1,3,Travelers,Netflix,0.0,0.0,0.0,0.0,509,5,0.00010580000000000001,"[""Travelers (TV series)"", ""Bloodline (TV series)"", ""Evan Jonigkeit""]",False
5ae7cea355429952e35ea9c1,ucb1,5,Easy,Netflix,0.0,0.0,0.0,0.0,799,4,0.000163,"[""Travelers (TV series)"", ""Bloodline (TV series)"", ""Evan Jonigkeit"", ""List of Knights of Sidonia episodes"", ""Easy (TV series)""]",True
5a77a44d5542997042120aba,ucb1,2,noanswer,Baldwin,0.0,0.0,0.0,0.0,308,5,6.560000000000001e-05,"[""Patrick R. Manning"", ""Bentley Kassal""]",True
5a77a44d5542997042120aba,ucb1,3,noanswer,Baldwin,0.0,0.0,0.0,0.0,433,5,9.06e-05,"[""Patrick R. Manning"", ""Bentley Kassal"", ""Thomas DiNapoli""]",True
5a77a44d5542997042120aba,ucb1,5,Baldwin,Baldwin,1.0,1.0,1.0,1.0,538,6,0.00011240000000000001,"[""Patrick R. Manning"", ""Bentley Kassal"", ""Thomas DiNapoli"", ""Stephen B. Kaufman"", ""Baldwin, Nassau County, New York""]",True
5a775f8a5542994aec3b72ba,ucb1,2,Taylor Swift,Taylor Swift,1.0,1.0,1.0,1.0,566,5,0.0001172,"[""Change (Taylor Swift song)"", ""Taylor Swift videography""]",False
5a775f8a5542994aec3b72ba,ucb1,3,Taylor Swift,Taylor Swift,1.0,1.0,1.0,1.0,746,5,0.0001532,"[""Change (Taylor Swift song)"", ""Taylor Swift videography"", ""MTV Video Music Brazil""]",False
5a775f8a5542994aec3b72ba,ucb1,5,Taylor Swift,Taylor Swift,1.0,1.0,1.0,1.0,1014,5,0.0002068,"[""Change (Taylor Swift song)"", ""Taylor Swift videography"", ""MTV Video Music Brazil"", ""MTV Video Music Award for Best Female Video"", ""MTV Video Music Award for Best Alternative Video""]",False
5a80870d5542992bc0c4a752,ucb1,2,Bindi Irwin,Matthew Ward Winer,0.0,0.0,0.0,0.0,481,7,0.00010180000000000001,"[""Bindi Irwin"", ""Bert Newton""]",False
5a80870d5542992bc0c4a752,ucb1,3,Matt Winer,Matthew Ward Winer,0.0,0.4,0.5,0.3333333333333333,527,6,0.0001102,"[""Bindi Irwin"", ""Bert Newton"", ""Matt Winer""]",True
5a80870d5542992bc0c4a752,ucb1,5,Matt Winer,Matthew Ward Winer,0.0,0.4,0.5,0.3333333333333333,881,6,0.00018100000000000004,"[""Bindi Irwin"", ""Bert Newton"", ""Matt Winer"", ""Matthew Berry"", ""Shaqtin' a Fool""]",True
5ae4d7fc5542990ba0bbb16f,ucb1,2,no,yes,0.0,0.0,0.0,0.0,294,4,6.2e-05,"[""Behold the Man (novel)"", ""The Final Programme""]",True
5ae4d7fc5542990ba0bbb16f,ucb1,3,yes,yes,1.0,1.0,1.0,1.0,417,4,8.66e-05,"[""Behold the Man (novel)"", ""The Final Programme"", ""Stephen R. Donaldson""]",True
5ae4d7fc5542990ba0bbb16f,ucb1,5,yes,yes,1.0,1.0,1.0,1.0,641,4,0.00013140000000000002,"[""Behold the Man (novel)"", ""The Final Programme"", ""Stephen R. Donaldson"", ""Michael Moorcock"", ""Warlord of the Air""]",True
5abe765a55429976d4830b1f,ucb1,2,Amélie Mauresmo,Amélie Simone Mauresmo,0.0,0.8,1.0,0.6666666666666666,378,9,8.280000000000001e-05,"[""Angelique Kerber career statistics"", ""Angelique Kerber""]",False
5abe765a55429976d4830b1f,ucb1,3,Angelique Kerber,Amélie Simone Mauresmo,0.0,0.0,0.0,0.0,453,7,9.620000000000001e-05,"[""Angelique Kerber career statistics"", ""Angelique Kerber"", ""Am\u00e9lie Mauresmo""]",False
5abe765a55429976d4830b1f,ucb1,5,Amélie Mauresmo,Amélie Simone Mauresmo,0.0,0.8,1.0,0.6666666666666666,877,9,0.00018260000000000002,"[""Angelique Kerber career statistics"", ""Angelique Kerber"", ""Am\u00e9lie Mauresmo"", ""2006 Wimbledon Championships \u2013 Women's Singles"", ""Nikolai Andrianov""]",False
5a84f5195542994c784dda9d,ucb1,2,Israeli Ambassador to the United States,Israeli Ambassador,0.0,0.5714285714285715,0.4,1.0,462,10,0.00010040000000000001,"[""Ron Dermer"", ""Maya Harris""]",True
5a84f5195542994c784dda9d,ucb1,3,Israeli Ambassador to the United States,Israeli Ambassador,0.0,0.5714285714285715,0.4,1.0,541,10,0.0001162,"[""Ron Dermer"", ""Maya Harris"", ""The Case for Democracy""]",True
5a84f5195542994c784dda9d,ucb1,5,Israel's Ambassador to the United States,Israeli Ambassador,0.0,0.28571428571428575,0.2,0.5,752,10,0.0001584,"[""Ron Dermer"", ""Maya Harris"", ""The Case for Democracy"", ""Avital Sharansky"", ""Hamadou Moustapha""]",True
5ab431e65542991751b4d6e2,ucb1,2,"March 1, 1803","February 14, 1859",0.0,0.0,0.0,0.0,335,16,7.98e-05,"[""Iowa Territory"", ""Northwest Territory""]",True
5ab431e65542991751b4d6e2,ucb1,3,Iowa Territory,"February 14, 1859",0.0,0.0,0.0,0.0,442,6,9.32e-05,"[""Iowa Territory"", ""Northwest Territory"", ""Southwest Territory""]",True
5ab431e65542991751b4d6e2,ucb1,5,1859,"February 14, 1859",0.0,0.5,1.0,0.3333333333333333,705,11,0.0001498,"[""Iowa Territory"", ""Northwest Territory"", ""Southwest Territory"", ""List of Governors of Dakota Territory"", ""Oregon Territory""]",True
5ae71f06554299572ea54708,ucb1,2,Ferdinand Magellan,Ferdinand Magellan,1.0,1.0,1.0,1.0,449,8,9.620000000000002e-05,"[""Pedro Fern\u00e1ndez de Velasco, 2nd Count of Haro"", ""Lope D\u00edaz II de Haro""]",True
5ae71f06554299572ea54708,ucb1,3,Ferdinand Magellan,Ferdinand Magellan,1.0,1.0,1.0,1.0,589,8,0.0001242,"[""Pedro Fern\u00e1ndez de Velasco, 2nd Count of Haro"", ""Lope D\u00edaz II de Haro"", ""Teresa D\u00edaz II de Haro""]",True
5ae71f06554299572ea54708,ucb1,5,Ferdinand Magellan,Ferdinand Magellan,1.0,1.0,1.0,1.0,805,8,0.0001674,"[""Pedro Fern\u00e1ndez de Velasco, 2nd Count of Haro"", ""Lope D\u00edaz II de Haro"", ""Teresa D\u00edaz II de Haro"", ""Christopher de Haro"", ""Maximilianus Transylvanus""]",True
5abdce1b5542993062266cfe,ucb1,2,Hennepin County,Hennepin County,1.0,1.0,1.0,1.0,344,7,7.439999999999999e-05,"[""Minneapolis"", ""James McCleary""]",True
5abdce1b5542993062266cfe,ucb1,3,Hennepin County,Hennepin County,1.0,1.0,1.0,1.0,514,7,0.0001084,"[""Minneapolis"", ""James McCleary"", ""Gary Flakne""]",True
5abdce1b5542993062266cfe,ucb1,5,Hennepin County,Hennepin County,1.0,1.0,1.0,1.0,864,7,0.0001784,"[""Minneapolis"", ""James McCleary"", ""Gary Flakne"", ""Tom Huntley"", ""Richard Pillsbury Gale""]",True
5a8c5eca554299240d9c213d,ucb1,2,"Macy's, Sears, Nordstrom, Bloomingdale's, and Saks Fifth Avenue","three Macy's stores, Sears, Nordstrom, Bloomingdale's, and Saks Fifth Avenue",0.0,0.888888888888889,1.0,0.8,447,21,0.0001062,"[""South Coast Plaza"", ""Towne West Square""]",False
5a8c5eca554299240d9c213d,ucb1,3,"Macy's, Sears, Nordstrom, Bloomingdale's, and Saks Fifth Avenue","three Macy's stores, Sears, Nordstrom, Bloomingdale's, and Saks Fifth Avenue",0.0,0.888888888888889,1.0,0.8,660,21,0.0001488,"[""South Coast Plaza"", ""Towne West Square"", ""C.J. Segerstrom &amp; Sons""]",False
5a8c5eca554299240d9c213d,ucb1,5,"Macy's, Sears, Nordstrom, Bloomingdale's, and Saks Fifth Avenue","three Macy's stores, Sears, Nordstrom, Bloomingdale's, and Saks Fifth Avenue",0.0,0.888888888888889,1.0,0.8,1045,21,0.0002258,"[""South Coast Plaza"", ""Towne West Square"", ""C.J. Segerstrom &amp; Sons"", ""Hunt Valley Towne Centre"", ""Raleigh Springs Mall""]",False
5a8c8f24554299653c1aa0ba,ucb1,2,World War II,World War II,1.0,1.0,1.0,1.0,491,6,0.000103,"[""Bataan Death March"", ""34th Pursuit Squadron""]",True
5a8c8f24554299653c1aa0ba,ucb1,3,World War II,World War II,1.0,1.0,1.0,1.0,588,6,0.00012240000000000002,"[""Bataan Death March"", ""34th Pursuit Squadron"", ""24th Pursuit Group""]",True
5a8c8f24554299653c1aa0ba,ucb1,5,World War II,World War II,1.0,1.0,1.0,1.0,1326,6,0.00027,"[""Bataan Death March"", ""34th Pursuit Squadron"", ""24th Pursuit Group"", ""14th Bombardment Squadron"", ""George G. Finch""]",True
5ab972485542996be20204f6,ucb1,2,1807,1790,0.0,0.0,0.0,0.0,428,5,8.960000000000001e-05,"[""Jesse Bushyhead"", ""Ned Christie""]",True
5ab972485542996be20204f6,ucb1,3,1804,1790,0.0,0.0,0.0,0.0,503,5,0.00010460000000000001,"[""Jesse Bushyhead"", ""Ned Christie"", ""1976 Burundian coup d'\u00e9tat""]",True
5ab972485542996be20204f6,ucb1,5,1804,1790,0.0,0.0,0.0,0.0,785,5,0.00016099999999999998,"[""Jesse Bushyhead"", ""Ned Christie"", ""1976 Burundian coup d'\u00e9tat"", ""Jonathan Barasa"", ""George Young (Methodist minister)""]",True
5a778a8e5542992a6e59deca,ucb1,2,William Fichtner,William Fichtner,1.0,1.0,1.0,1.0,478,7,0.00010120000000000001,"[""William Fichtner"", ""Josh Hartnett""]",False
5a778a8e5542992a6e59deca,ucb1,3,William Fichtner,William Fichtner,1.0,1.0,1.0,1.0,636,7,0.0001328,"[""William Fichtner"", ""Josh Hartnett"", ""Stefen Fangmeier""]",True
5a778a8e5542992a6e59deca,ucb1,5,William Fichtner,William Fichtner,1.0,1.0,1.0,1.0,1067,7,0.000219,"[""William Fichtner"", ""Josh Hartnett"", ""Stefen Fangmeier"", ""The Perfect Storm (film)"", ""Tom Hardy""]",True
5ab285d1554299449642c8dd,ucb1,2,yes,United States,0.0,0.0,0.0,0.0,267,4,5.660000000000001e-05,"[""Monroe Regional Airport (Louisiana)"", ""Deadhorse Airport""]",False
5ab285d1554299449642c8dd,ucb1,3,United States,United States,1.0,1.0,1.0,1.0,419,5,8.780000000000002e-05,"[""Monroe Regional Airport (Louisiana)"", ""Deadhorse Airport"", ""Pensacola International Airport""]",False
5ab285d1554299449642c8dd,ucb1,5,United States,United States,1.0,1.0,1.0,1.0,633,5,0.0001306,"[""Monroe Regional Airport (Louisiana)"", ""Deadhorse Airport"", ""Pensacola International Airport"", ""Elizabeth City Regional Airport"", ""Monroe City Regional Airport""]",False
5a78e49855429974737f78f3,ucb1,2,about 560,560,0.0,0.6666666666666666,0.5,1.0,269,6,5.860000000000001e-05,"[""Vie Luxe International"", ""Yankee Candle""]",True
5a78e49855429974737f78f3,ucb1,3,about 560,560,0.0,0.6666666666666666,0.5,1.0,335,6,7.18e-05,"[""Vie Luxe International"", ""Yankee Candle"", ""Diptyque""]",True
5a78e49855429974737f78f3,ucb1,5,560,560,1.0,1.0,1.0,1.0,533,4,0.0001098,"[""Vie Luxe International"", ""Yankee Candle"", ""Diptyque"", ""Glade (brand)"", ""Jo Malone""]",True
5a72b3335542994cef4bc3dc,ucb1,2,Irish Parliamentary Party,The Home Rule League,0.0,0.0,0.0,0.0,286,6,6.2e-05,"[""Irish Parliamentary Party"", ""Irish Home Rule movement""]",False
5a72b3335542994cef4bc3dc,ucb1,3,Irish Parliamentary Party,The Home Rule League,0.0,0.0,0.0,0.0,453,6,9.54e-05,"[""Irish Parliamentary Party"", ""Irish Home Rule movement"", ""Sinn F\u00e9in (slogan)""]",False
5a72b3335542994cef4bc3dc,ucb1,5,Irish Parliamentary Party,The Home Rule League,0.0,0.0,0.0,0.0,629,6,0.00013060000000000003,"[""Irish Parliamentary Party"", ""Irish Home Rule movement"", ""Sinn F\u00e9in (slogan)"", ""Ulster Defence Union"", ""Irish Agricultural Organisation Society""]",True
5a82bc7455429940e5e1a926,ucb1,2,Red Rock West,"""Red Rock West""",1.0,1.0,1.0,1.0,370,6,7.879999999999999e-05,"[""Moonstruck"", ""Nicolas Cage""]",False
5a82bc7455429940e5e1a926,ucb1,3,Red Rock West,"""Red Rock West""",1.0,1.0,1.0,1.0,477,6,0.0001002,"[""Moonstruck"", ""Nicolas Cage"", ""Ahmed Zaki (actor)""]",False
5a82bc7455429940e5e1a926,ucb1,5,Red Rock West,"""Red Rock West""",1.0,1.0,1.0,1.0,662,6,0.0001372,"[""Moonstruck"", ""Nicolas Cage"", ""Ahmed Zaki (actor)"", ""M'fundo Morrison"", ""Soap Opera Digest Award for Hottest Male Star""]",False
5a77b0395542997042120ae1,ucb1,2,Jessica Lange,Jessica Lange,1.0,1.0,1.0,1.0,285,5,6.1000000000000005e-05,"[""Jessica Lange"", ""Abdoulaye Ascofar\u00e9""]",True
5a77b0395542997042120ae1,ucb1,3,Jessica Lange,Jessica Lange,1.0,1.0,1.0,1.0,436,5,9.120000000000001e-05,"[""Jessica Lange"", ""Abdoulaye Ascofar\u00e9"", ""Solomon Adeniyi Babalola""]",True
5a77b0395542997042120ae1,ucb1,5,Jessica Lange,Jessica Lange,1.0,1.0,1.0,1.0,543,5,0.00011260000000000001,"[""Jessica Lange"", ""Abdoulaye Ascofar\u00e9"", ""Solomon Adeniyi Babalola"", ""Connie Lawson"", ""Peter Guzelj""]",True
5a90b6985542990a984936c2,ucb1,2,noanswer,"""The Royal Family""",0.0,0.0,0.0,0.0,303,11,6.94e-05,"[""Genius (2016 film)"", ""A Single Man""]",False
5a90b6985542990a984936c2,ucb1,3,The Royal Family,"""The Royal Family""",1.0,1.0,1.0,1.0,500,6,0.0001048,"[""Genius (2016 film)"", ""A Single Man"", ""Emily Blunt""]",False
5a90b6985542990a984936c2,ucb1,5,The Royal Family,"""The Royal Family""",1.0,1.0,1.0,1.0,994,6,0.00020360000000000002,"[""Genius (2016 film)"", ""A Single Man"", ""Emily Blunt"", ""Kingsman (franchise)"", ""Kingsman: The Secret Service""]",False
5a8a833855429970aeb702fe,ucb1,2,2664,"2,664",1.0,1.0,1.0,1.0,346,5,7.32e-05,"[""Treasure Island Hotel and Casino"", ""Myst\u00e8re (Cirque du Soleil)""]",False
5a8a833855429970aeb702fe,ucb1,3,"2,664","2,664",1.0,1.0,1.0,1.0,440,6,9.279999999999999e-05,"[""Treasure Island Hotel and Casino"", ""Myst\u00e8re (Cirque du Soleil)"", ""Viva Elvis""]",False
5a8a833855429970aeb702fe,ucb1,5,"2,664","2,664",1.0,1.0,1.0,1.0,744,6,0.00015360000000000002,"[""Treasure Island Hotel and Casino"", ""Myst\u00e8re (Cirque du Soleil)"", ""Viva Elvis"", ""La Nouba"", ""Beno\u00eet Jutras""]",False
5a7fd95d5542992e7d278dc5,ucb1,2,noanswer,Golden Globe,0.0,0.0,0.0,0.0,332,5,7.04e-05,"[""Pablo Escobar"", ""Trash (2014 film)""]",False
5a7fd95d5542992e7d278dc5,ucb1,3,noanswer,Golden Globe,0.0,0.0,0.0,0.0,437,5,9.140000000000001e-05,"[""Pablo Escobar"", ""Trash (2014 film)"", ""Leandro Firmino""]",False
5a7fd95d5542992e7d278dc5,ucb1,5,noanswer,Golden Globe,0.0,0.0,0.0,0.0,564,5,0.00011680000000000002,"[""Pablo Escobar"", ""Trash (2014 film)"", ""Leandro Firmino"", ""Futuro Beach"", ""A Lua Me Disse""]",True
5ab1e36d554299449642c7f9,ucb1,2,yes,yes,1.0,1.0,1.0,1.0,368,4,7.680000000000001e-05,"[""Centre for Medieval and Renaissance Studies"", ""Middlebury College Rugby Club""]",True
5ab1e36d554299449642c7f9,ucb1,3,yes,yes,1.0,1.0,1.0,1.0,462,4,9.56e-05,"[""Centre for Medieval and Renaissance Studies"", ""Middlebury College Rugby Club"", ""Middlebury College""]",True
5ab1e36d554299449642c7f9,ucb1,5,yes,yes,1.0,1.0,1.0,1.0,559,4,0.000115,"[""Centre for Medieval and Renaissance Studies"", ""Middlebury College Rugby Club"", ""Middlebury College"", ""Northwestern University"", ""List of Middlebury College alumni""]",True
5adfff0755429925eb1afbce,ucb1,2,Papoose Lake,"Rachel, Nevada",0.0,0.0,0.0,0.0,252,7,5.6000000000000006e-05,"[""Groom Range"", ""Papoose Lake""]",False
5adfff0755429925eb1afbce,ucb1,3,Papoose Lake,"Rachel, Nevada",0.0,0.0,0.0,0.0,343,7,7.420000000000001e-05,"[""Groom Range"", ""Papoose Lake"", ""Rachel, Nevada""]",False
5adfff0755429925eb1afbce,ucb1,5,Papoose Lake,"Rachel, Nevada",0.0,0.0,0.0,0.0,894,7,0.0001844,"[""Groom Range"", ""Papoose Lake"", ""Rachel, Nevada"", ""Colne"", ""Toland, Pennsylvania""]",True
5ab5e024554299494045f097,ucb1,2,yes,yes,1.0,1.0,1.0,1.0,304,4,6.400000000000001e-05,"[""Norman Mailer Prize"", ""Joss Whedon""]",True
5ab5e024554299494045f097,ucb1,3,yes,yes,1.0,1.0,1.0,1.0,620,4,0.0001272,"[""Norman Mailer Prize"", ""Joss Whedon"", ""The Time of Our Time""]",True
5ab5e024554299494045f097,ucb1,5,yes,yes,1.0,1.0,1.0,1.0,813,4,0.00016580000000000002,"[""Norman Mailer Prize"", ""Joss Whedon"", ""The Time of Our Time"", ""J. Michael Lennon"", ""Norman Mailer""]",True
5abfa2255542993fe9a41e18,ucb1,2,no,no,1.0,1.0,1.0,1.0,244,10,5.6800000000000005e-05,"[""Kenneth Sylvan Guthrie"", ""Joseph Mitchell (Mitchell Estate director)""]",True
5abfa2255542993fe9a41e18,ucb1,3,no,no,1.0,1.0,1.0,1.0,367,10,8.140000000000001e-05,"[""Kenneth Sylvan Guthrie"", ""Joseph Mitchell (Mitchell Estate director)"", ""Margaret Mitchell (Canadian politician)""]",True
5abfa2255542993fe9a41e18,ucb1,5,no,no,1.0,1.0,1.0,1.0,545,4,0.0001122,"[""Kenneth Sylvan Guthrie"", ""Joseph Mitchell (Mitchell Estate director)"", ""Margaret Mitchell (Canadian politician)"", ""Will Durant"", ""Margaret Mitchell""]",True
5a810506554299260e20a202,ucb1,2,"January 4, 1976","January 4, 1976",1.0,1.0,1.0,1.0,270,10,6.2e-05,"[""Dave Malloy"", ""Ghost Quartet""]",True
5a810506554299260e20a202,ucb1,3,"January 4, 1976","January 4, 1976",1.0,1.0,1.0,1.0,376,10,8.32e-05,"[""Dave Malloy"", ""Ghost Quartet"", ""Alexander Purdie (publisher)""]",True
5a810506554299260e20a202,ucb1,5,"January 4, 1976","January 4, 1976",1.0,1.0,1.0,1.0,510,10,0.00011,"[""Dave Malloy"", ""Ghost Quartet"", ""Alexander Purdie (publisher)"", ""Hippolytus (archbishop of Gniezno)"", ""Thomas D. Singleton""]",True
5a71231a5542994082a3e5c4,ucb1,2,apple,peach,0.0,0.0,0.0,0.0,427,4,8.86e-05,"[""Apple"", ""Sapindus mukorossi""]",True
5a71231a5542994082a3e5c4,ucb1,3,apple,peach,0.0,0.0,0.0,0.0,566,4,0.0001164,"[""Apple"", ""Sapindus mukorossi"", ""Let It Go (Keyshia Cole song)""]",True
5a71231a5542994082a3e5c4,ucb1,5,peach,peach,1.0,1.0,1.0,1.0,639,5,0.0001318,"[""Apple"", ""Sapindus mukorossi"", ""Let It Go (Keyshia Cole song)"", ""Juicy Fruit (album)"", ""Pesco""]",True
5a71717d5542994082a3e834,ucb1,2,Amber Benson,Larry Richard Drake,0.0,0.0,0.0,0.0,379,5,7.98e-05,"[""Gryphon (film)"", ""Brian A. Miller""]",False
5a71717d5542994082a3e834,ucb1,3,Amber Benson,Larry Richard Drake,0.0,0.0,0.0,0.0,428,5,8.960000000000001e-05,"[""Gryphon (film)"", ""Brian A. Miller"", ""Van Partible""]",False
5a71717d5542994082a3e834,ucb1,5,Larry Drake,Larry Richard Drake,0.0,0.8,1.0,0.6666666666666666,765,5,0.000157,"[""Gryphon (film)"", ""Brian A. Miller"", ""Van Partible"", ""Rumen Petkov"", ""Larry Drake""]",False
5ab707d65542991d32223761,ucb1,2,43rd District of the Pennsylvania State Senate,Pennsylvania's 18th congressional district,0.0,0.2,0.16666666666666666,0.25,286,11,6.6e-05,"[""Wilkins Township, Allegheny County, Pennsylvania"", ""2014 Harvard Crimson football team""]",True
5ab707d65542991d32223761,ucb1,3,34th District of the Pennsylvania State House of Representatives,Pennsylvania's 18th congressional district,0.0,0.16666666666666666,0.125,0.25,374,13,8.52e-05,"[""Wilkins Township, Allegheny County, Pennsylvania"", ""2014 Harvard Crimson football team"", ""2016 Harvard Crimson football team""]",True
5ab707d65542991d32223761,ucb1,5,Pennsylvania's 18th congressional district,Pennsylvania's 18th congressional district,1.0,1.0,1.0,1.0,510,11,0.0001108,"[""Wilkins Township, Allegheny County, Pennsylvania"", ""2014 Harvard Crimson football team"", ""2016 Harvard Crimson football team"", ""Pennsylvania's 18th congressional district"", ""2012 Harvard Crimson football team""]",True
5a74adb455429916b01641c6,ucb1,2,The Ladder,The Ladder,1.0,1.0,1.0,1.0,346,5,7.32e-05,"[""Heat (magazine)"", ""No Man Knows My History""]",True
5a74adb455429916b01641c6,ucb1,3,The Ladder,The Ladder,1.0,1.0,1.0,1.0,473,5,9.860000000000001e-05,"[""Heat (magazine)"", ""No Man Knows My History"", ""The Ladder (magazine)""]",True
5a74adb455429916b01641c6,ucb1,5,The Ladder,The Ladder,1.0,1.0,1.0,1.0,730,5,0.00015,"[""Heat (magazine)"", ""No Man Knows My History"", ""The Ladder (magazine)"", ""Publication right"", ""Robert Blake (Medal of Honor)""]",True
5abe34095542993f32c2a088,ucb1,2,from 1874 until 1994,1874 until 1994,0.0,0.8571428571428571,0.75,1.0,260,11,6.08e-05,"[""Somers, Victoria"", ""Shire of Flinders (Victoria)""]",True
5abe34095542993f32c2a088,ucb1,3,1874 until 1994,1874 until 1994,1.0,1.0,1.0,1.0,303,9,6.780000000000001e-05,"[""Somers, Victoria"", ""Shire of Flinders (Victoria)"", ""Merricks, Victoria""]",True
5abe34095542993f32c2a088,ucb1,5,1874 until 1994,1874 until 1994,1.0,1.0,1.0,1.0,463,9,9.980000000000001e-05,"[""Somers, Victoria"", ""Shire of Flinders (Victoria)"", ""Merricks, Victoria"", ""Merricks Beach, Victoria"", ""Shire of Mornington (Victoria)""]",True
5ab28c89554299340b525513,ucb1,2,Sturmbannführer,Reichsführer-SS,0.0,0.0,0.0,0.0,225,8,5.14e-05,"[""Hermann Wichelhaus"", ""Hermann Knoblauch""]",True
5ab28c89554299340b525513,ucb1,3,Reichsprotektor,Reichsführer-SS,0.0,0.0,0.0,0.0,356,8,7.760000000000002e-05,"[""Hermann Wichelhaus"", ""Hermann Knoblauch"", ""Otto Struve""]",True
5ab28c89554299340b525513,ucb1,5,Reichsführer-SS,Reichsführer-SS,1.0,1.0,1.0,1.0,633,9,0.00013380000000000003,"[""Hermann Wichelhaus"", ""Hermann Knoblauch"", ""Otto Struve"", ""Obergruppenf\u00fchrer"", ""Hermann von Thile""]",True
5ab626d555429953192ad279,ucb1,2,Reading,lower Manhattan,0.0,0.0,0.0,0.0,360,4,7.52e-05,"[""Anthony Avent"", ""Finchampstead""]",True
5ab626d555429953192ad279,ucb1,3,lower Manhattan,lower Manhattan,1.0,1.0,1.0,1.0,521,5,0.0001082,"[""Anthony Avent"", ""Finchampstead"", ""Newark, New Jersey""]",True
5ab626d555429953192ad279,ucb1,5,lower Manhattan,lower Manhattan,1.0,1.0,1.0,1.0,846,5,0.0001732,"[""Anthony Avent"", ""Finchampstead"", ""Newark, New Jersey"", ""James Blackmon Sr."", ""Presley Askew""]",True
5ab3589455429976abd1bc93,ucb1,2,roll,combination of a loop and a roll,0.0,0.33333333333333337,1.0,0.2,375,4,7.819999999999999e-05,"[""Iron Rattler"", ""Aileron roll""]",True
5ab3589455429976abd1bc93,ucb1,3,combination of a loop and a roll,combination of a loop and a roll,1.0,1.0,1.0,1.0,484,11,0.0001056,"[""Iron Rattler"", ""Aileron roll"", ""Barrel roll""]",True
5ab3589455429976abd1bc93,ucb1,5,combination of a loop and a roll,combination of a loop and a roll,1.0,1.0,1.0,1.0,811,11,0.000171,"[""Iron Rattler"", ""Aileron roll"", ""Barrel roll"", ""Phallic processions"", ""Negative inversion""]",True
5a7cc59c55429909bec767fb,ucb1,2,23 miles,15,0.0,0.0,0.0,0.0,342,5,7.240000000000001e-05,"[""No. 9 Squadron (Pakistan Air Force)"", ""63d Fighter Squadron""]",True
5a7cc59c55429909bec767fb,ucb1,3,Luke Air Force Base,15,0.0,0.0,0.0,0.0,492,7,0.00010400000000000001,"[""No. 9 Squadron (Pakistan Air Force)"", ""63d Fighter Squadron"", ""VF-43""]",True
5a7cc59c55429909bec767fb,ucb1,5,15 mi,15,0.0,0.6666666666666666,0.5,1.0,849,5,0.0001738,"[""No. 9 Squadron (Pakistan Air Force)"", ""63d Fighter Squadron"", ""VF-43"", ""VFAW-3"", ""Luke Air Force Base""]",True
5ab827a555429934fafe6cf5,ucb1,2,noanswer,70 m and 90 m,0.0,0.0,0.0,0.0,357,11,8.02e-05,"[""Robin Hood (2018 film)"", ""Sing (2016 American film)""]",False
5ab827a555429934fafe6cf5,ucb1,3,Olympic ski jumping,70 m and 90 m,0.0,0.0,0.0,0.0,463,7,9.820000000000002e-05,"[""Robin Hood (2018 film)"", ""Sing (2016 American film)"", ""Eddie the Eagle (film)""]",False
5ab827a555429934fafe6cf5,ucb1,5,70 m and 90 m events,70 m and 90 m,0.0,0.9090909090909091,0.8333333333333334,1.0,627,10,0.00013340000000000002,"[""Robin Hood (2018 film)"", ""Sing (2016 American film)"", ""Eddie the Eagle (film)"", ""Eddie &quot;The Eagle&quot; Edwards"", ""The Smoke (TV series)""]",True
5a8af1e255429950cd6afc28,ucb1,2,Trent Alexander-Arnold,Trent Alexander-Arnold,1.0,1.0,1.0,1.0,490,9,0.0001052,"[""John Alexander (footballer, born 1955)"", ""Trent Alexander-Arnold""]",False
5a8af1e255429950cd6afc28,ucb1,3,Trent Alexander-Arnold,Trent Alexander-Arnold,1.0,1.0,1.0,1.0,564,9,0.00012000000000000002,"[""John Alexander (footballer, born 1955)"", ""Trent Alexander-Arnold"", ""Charlie Leatherbarrow""]",True
5a8af1e255429950cd6afc28,ucb1,5,Trent Alexander-Arnold,Trent Alexander-Arnold,1.0,1.0,1.0,1.0,709,9,0.00014900000000000002,"[""John Alexander (footballer, born 1955)"", ""Trent Alexander-Arnold"", ""Charlie Leatherbarrow"", ""Walter Ward (footballer)"", ""John Logan (footballer, born 1912)""]",True
5ac11ee45542997d64295a7d,ucb1,2,Flying Padre,Flying Padre,1.0,1.0,1.0,1.0,382,5,8.04e-05,"[""Inside Job (2010 film)"", ""Kent Warner""]",True
5ac11ee45542997d64295a7d,ucb1,3,Flying Padre,Flying Padre,1.0,1.0,1.0,1.0,463,5,9.660000000000002e-05,"[""Inside Job (2010 film)"", ""Kent Warner"", ""Armaan (1966 film)""]",True
5ac11ee45542997d64295a7d,ucb1,5,Flying Padre,Flying Padre,1.0,1.0,1.0,1.0,587,5,0.00012140000000000001,"[""Inside Job (2010 film)"", ""Kent Warner"", ""Armaan (1966 film)"", ""Flying Padre"", ""Alex Heffes""]",True
5ae520315542993aec5ec152,ucb1,2,Taylor Swift,Taylor Swift,1.0,1.0,1.0,1.0,344,5,7.28e-05,"[""Liz Rose"", ""You Belong with Me""]",False
5ae520315542993aec5ec152,ucb1,3,Taylor Swift,Taylor Swift,1.0,1.0,1.0,1.0,510,5,0.000106,"[""Liz Rose"", ""You Belong with Me"", ""White Horse (Taylor Swift song)""]",False
5ae520315542993aec5ec152,ucb1,5,Taylor Swift,Taylor Swift,1.0,1.0,1.0,1.0,833,5,0.0001706,"[""Liz Rose"", ""You Belong with Me"", ""White Horse (Taylor Swift song)"", ""Alton Barnes White Horse"", ""White Horse Tavern, Cambridge""]",False
5a8f68795542992414482ab5,ucb1,2,Kai,Do Kyung-soo,0.0,0.0,0.0,0.0,265,4,5.6200000000000004e-05,"[""Kai (entertainer, born 1994)"", ""Xiumin""]",False
5a8f68795542992414482ab5,ucb1,3,D.O.,Do Kyung-soo,0.0,0.6666666666666666,1.0,0.5,376,6,7.999999999999999e-05,"[""Kai (entertainer, born 1994)"", ""Xiumin"", ""D.O. (entertainer)""]",False
5a8f68795542992414482ab5,ucb1,5,D.O.,Do Kyung-soo,0.0,0.6666666666666666,1.0,0.5,702,6,0.0001452,"[""Kai (entertainer, born 1994)"", ""Xiumin"", ""D.O. (entertainer)"", ""Suho"", ""Exo (band)""]",False
5ae37e525542992e3233c42d,ucb1,2,121–180 AD,24 January 76 – 10 July 138,0.0,0.0,0.0,0.0,361,7,7.780000000000001e-05,"[""Trajan"", ""Marcus Aurelius""]",False
5ae37e525542992e3233c42d,ucb1,3,86–161 AD,24 January 76 – 10 July 138,0.0,0.0,0.0,0.0,550,13,0.0001204,"[""Trajan"", ""Marcus Aurelius"", ""Three Officials Temple Scenic Area""]",True
5ae37e525542992e3233c42d,ucb1,5,24 January 76 – 10 July 138,24 January 76 – 10 July 138,1.0,1.0,1.0,1.0,746,13,0.00015960000000000003,"[""Trajan"", ""Marcus Aurelius"", ""Three Officials Temple Scenic Area"", ""Hadrian"", ""Kennet School""]",True
5ab849d955429916710eb017,ucb1,2,11 November 1918,11 November 1918,1.0,1.0,1.0,1.0,336,8,7.360000000000001e-05,"[""Hundred Days Offensive"", ""To the Green Fields Beyond (game)""]",True
5ab849d955429916710eb017,ucb1,3,11 November 1918,11 November 1918,1.0,1.0,1.0,1.0,462,8,9.880000000000002e-05,"[""Hundred Days Offensive"", ""To the Green Fields Beyond (game)"", ""Battle for Henderson Field""]",True
5ab849d955429916710eb017,ucb1,5,11 November 1918,11 November 1918,1.0,1.0,1.0,1.0,583,8,0.000123,"[""Hundred Days Offensive"", ""To the Green Fields Beyond (game)"", ""Battle for Henderson Field"", ""Battle of Courtrai (1918)"", ""Siege of Cambrai (1677)""]",True
5ade51515542992fa25da745,ucb1,2,he flew solo to Scotland in an attempt to negotiate peace with the United Kingdom during World War II,report Hess's illegal May 1941 flight to Scotland,0.0,0.15999999999999998,0.11764705882352941,0.25,453,22,0.0001082,"[""Triumph of the Will"", ""Rudolf Hess""]",False
5ade51515542992fa25da745,ucb1,3,flew solo to Scotland in an attempt to negotiate peace with the United Kingdom,report Hess's illegal May 1941 flight to Scotland,0.0,0.2,0.16666666666666666,0.25,525,18,0.0001194,"[""Triumph of the Will"", ""Rudolf Hess"", ""St Paul's tram stop""]",True
5ade51515542992fa25da745,ucb1,5,he flew solo to Scotland in an attempt to negotiate peace with the United Kingdom,report Hess's illegal May 1941 flight to Scotland,0.0,0.1904761904761905,0.15384615384615385,0.25,720,18,0.0001584,"[""Triumph of the Will"", ""Rudolf Hess"", ""St Paul's tram stop"", ""Karl Haushofer"", ""Mein Kampf""]",True
5ade02d05542997545bbbe0d,ucb1,2,U.S. Army,U.S. Army,1.0,1.0,1.0,1.0,325,7,7.06e-05,"[""Joe Heck"", ""Shirley Breeden""]",False
5ade02d05542997545bbbe0d,ucb1,3,U.S. Army Brigade General,U.S. Army,0.0,0.6666666666666666,0.5,1.0,499,9,0.00010700000000000001,"[""Joe Heck"", ""Shirley Breeden"", ""Fernando Tapias Stahelin""]",True
5ade02d05542997545bbbe0d,ucb1,5,United States Army,U.S. Army,0.0,0.4,0.3333333333333333,0.5,773,6,0.00015940000000000003,"[""Joe Heck"", ""Shirley Breeden"", ""Fernando Tapias Stahelin"", ""United States Air Force"", ""Bob Smith (New Jersey State Senator)""]",True
5ac41850554299194317390b,ucb1,2,Dissection,Dissection,1.0,1.0,1.0,1.0,378,5,7.960000000000001e-05,"[""Maha Kali"", ""Dissection (band)""]",True
5ac41850554299194317390b,ucb1,3,Dissection,Dissection,1.0,1.0,1.0,1.0,411,5,8.620000000000001e-05,"[""Maha Kali"", ""Dissection (band)"", ""Maha Kali Mata Mandir Sataini""]",True
5ac41850554299194317390b,ucb1,5,Dissection,Dissection,1.0,1.0,1.0,1.0,725,5,0.000149,"[""Maha Kali"", ""Dissection (band)"", ""Maha Kali Mata Mandir Sataini"", ""The Opiate of the Masses"", ""Rohan Kapoor""]",True
5a727e1b5542991f9a20c497,ucb1,2,Begin Again,Shake It Off,0.0,0.0,0.0,0.0,374,5,7.88e-05,"[""Begin Again (Taylor Swift song)"", ""Shake It Off""]",False
5a727e1b5542991f9a20c497,ucb1,3,Shake It Off,Shake It Off,1.0,1.0,1.0,1.0,526,6,0.00011,"[""Begin Again (Taylor Swift song)"", ""Shake It Off"", ""Yodel It!""]",False
5a727e1b5542991f9a20c497,ucb1,5,Shake It Off,Shake It Off,1.0,1.0,1.0,1.0,852,6,0.0001752,"[""Begin Again (Taylor Swift song)"", ""Shake It Off"", ""Yodel It!"", ""Love Story (Taylor Swift song)"", ""Taylor Swift (album)""]",False
5a8d9de2554299068b959d62,ucb1,2,mathematician,mathematician,1.0,1.0,1.0,1.0,351,7,7.58e-05,"[""Leonty Magnitsky"", ""Leonid Khachiyan""]",False
5a8d9de2554299068b959d62,ucb1,3,mathematician,mathematician,1.0,1.0,1.0,1.0,460,7,9.76e-05,"[""Leonty Magnitsky"", ""Leonid Khachiyan"", ""Leontius (Turkevich)""]",True
5a8d9de2554299068b959d62,ucb1,5,mathematician,mathematician,1.0,1.0,1.0,1.0,643,7,0.00013419999999999998,"[""Leonty Magnitsky"", ""Leonid Khachiyan"", ""Leontius (Turkevich)"", ""Bullying in medicine"", ""Ivan Vasilievich: Back to the Future""]",True
5a827ce155429940e5e1a8d7,ucb1,2,Billie Jean King,Billie Jean King,1.0,1.0,1.0,1.0,414,7,8.840000000000001e-05,"[""Billie Jean King"", ""Kerry Melville""]",True
5a827ce155429940e5e1a8d7,ucb1,3,Billie Jean King,Billie Jean King,1.0,1.0,1.0,1.0,461,7,9.78e-05,"[""Billie Jean King"", ""Kerry Melville"", ""Kevin Ullyett""]",True
5a827ce155429940e5e1a8d7,ucb1,5,Billie Jean King,Billie Jean King,1.0,1.0,1.0,1.0,688,7,0.00014319999999999998,"[""Billie Jean King"", ""Kerry Melville"", ""Kevin Ullyett"", ""1968 Australian Championships"", ""Karen Hantze Susman""]",True
5ae5415055429908b63265b7,ucb1,2,Downtown section,Downtown,0.0,0.6666666666666666,0.5,1.0,277,6,6.0200000000000006e-05,"[""New Rochelle Harbor (Long Island Sound)"", ""New Roc City""]",True
5ae5415055429908b63265b7,ucb1,3,Downtown section,Downtown,0.0,0.6666666666666666,0.5,1.0,420,6,8.879999999999999e-05,"[""New Rochelle Harbor (Long Island Sound)"", ""New Roc City"", ""Japanese Weekend School of New York""]",True
5ae5415055429908b63265b7,ucb1,5,Downtown section,Downtown,0.0,0.6666666666666666,0.5,1.0,674,6,0.00013960000000000003,"[""New Rochelle Harbor (Long Island Sound)"", ""New Roc City"", ""Japanese Weekend School of New York"", ""Standard Star Building"", ""San Francisco Japanese School""]",True
5ab5ec0a5542997d4ad1f250,ucb1,2,noanswer,650 locations,0.0,0.0,0.0,0.0,247,11,5.8200000000000005e-05,"[""City Club (wholesale club)"", ""Wholesale Club""]",True
5ab5ec0a5542997d4ad1f250,ucb1,3,175,650 locations,0.0,0.0,0.0,0.0,362,4,7.560000000000001e-05,"[""City Club (wholesale club)"", ""Wholesale Club"", ""Alamance Crossing""]",True
5ab5ec0a5542997d4ad1f250,ucb1,5,180,650 locations,0.0,0.0,0.0,0.0,473,4,9.78e-05,"[""City Club (wholesale club)"", ""Wholesale Club"", ""Alamance Crossing"", ""John Geisse"", ""BJ's Wholesale Club""]",True
5ae20427554299234fd04397,ucb1,2,Suffolk County,Suffolk,0.0,0.6666666666666666,0.5,1.0,408,13,9.2e-05,"[""Manheim Central School District"", ""Northeastern York School District""]",True
5ae20427554299234fd04397,ucb1,3,Suffolk County,Suffolk,0.0,0.6666666666666666,0.5,1.0,470,7,9.96e-05,"[""Manheim Central School District"", ""Northeastern York School District"", ""Holbrook, New York""]",True
5ae20427554299234fd04397,ucb1,5,Suffolk County,Suffolk,0.0,0.6666666666666666,0.5,1.0,704,7,0.0001464,"[""Manheim Central School District"", ""Northeastern York School District"", ""Holbrook, New York"", ""Sachem School District"", ""WSHR""]",True
5adcd7325542994d58a2f6f6,ucb1,2,1981,2013,0.0,0.0,0.0,0.0,277,5,5.940000000000001e-05,"[""Minton-Capehart Federal Building"", ""Gravel Hill tram stop""]",True
5adcd7325542994d58a2f6f6,ucb1,3,1977,2013,0.0,0.0,0.0,0.0,343,11,7.740000000000001e-05,"[""Minton-Capehart Federal Building"", ""Gravel Hill tram stop"", ""New Addington tram stop""]",True
5adcd7325542994d58a2f6f6,ucb1,5,2013,2013,1.0,1.0,1.0,1.0,454,5,9.480000000000001e-05,"[""Minton-Capehart Federal Building"", ""Gravel Hill tram stop"", ""New Addington tram stop"", ""Fieldway tram stop"", ""Richard Lugar""]",True
5abace6b5542996cc5e49e99,ucb1,2,Fidel Castro,Che Guevara,0.0,0.0,0.0,0.0,465,6,9.779999999999999e-05,"[""Eulogio Cantillo"", ""Coffee production in Cuba""]",True
5abace6b5542996cc5e49e99,ucb1,3,Che Guevara,Che Guevara,1.0,1.0,1.0,1.0,590,6,0.0001228,"[""Eulogio Cantillo"", ""Coffee production in Cuba"", ""Arthur Quinlan""]",True
5abace6b5542996cc5e49e99,ucb1,5,Che Guevara,Che Guevara,1.0,1.0,1.0,1.0,905,6,0.00018580000000000002,"[""Eulogio Cantillo"", ""Coffee production in Cuba"", ""Arthur Quinlan"", ""Che Guevara"", ""Cuban League""]",True
5ab64cfa55429953192ad2b7,ucb1,2,N. Scott Momaday,N. Scott Momaday,1.0,1.0,1.0,1.0,344,8,7.52e-05,"[""N. Scott Momaday"", ""The Way to Rainy Mountain""]",False
5ab64cfa55429953192ad2b7,ucb1,3,N. Scott Momaday,N. Scott Momaday,1.0,1.0,1.0,1.0,387,8,8.380000000000002e-05,"[""N. Scott Momaday"", ""The Way to Rainy Mountain"", ""Ellen Glasgow""]",False
5ab64cfa55429953192ad2b7,ucb1,5,N. Scott Momaday,N. Scott Momaday,1.0,1.0,1.0,1.0,556,8,0.00011760000000000001,"[""N. Scott Momaday"", ""The Way to Rainy Mountain"", ""Ellen Glasgow"", ""Ari Berk"", ""House Made of Dawn""]",False
5ae4bb1255429913cc2044e7,ucb1,2,yes,yes,1.0,1.0,1.0,1.0,305,4,6.42e-05,"[""Linzhou, Henan"", ""Xingcheng""]",False
5ae4bb1255429913cc2044e7,ucb1,3,yes,yes,1.0,1.0,1.0,1.0,384,4,8e-05,"[""Linzhou, Henan"", ""Xingcheng"", ""C\u00e2mara de Lobos""]",False
5ae4bb1255429913cc2044e7,ucb1,5,yes,yes,1.0,1.0,1.0,1.0,754,4,0.000154,"[""Linzhou, Henan"", ""Xingcheng"", ""C\u00e2mara de Lobos"", ""Shanxi\u2013Henan\u2013Shandong Railway"", ""Walpole (CDP), Massachusetts""]",False
5abe2b0155429976d4830a83,ucb1,2,1914,26–30 August 1914,0.0,0.5,1.0,0.3333333333333333,439,5,9.180000000000001e-05,"[""Battle of Tara (Ireland)"", ""Operation Michael""]",False
5abe2b0155429976d4830a83,ucb1,3,1914,26–30 August 1914,0.0,0.5,1.0,0.3333333333333333,585,5,0.000121,"[""Battle of Tara (Ireland)"", ""Operation Michael"", ""Max Hoffmann""]",True
5abe2b0155429976d4830a83,ucb1,5,26–30 August 1914,26–30 August 1914,1.0,1.0,1.0,1.0,890,10,0.000186,"[""Battle of Tara (Ireland)"", ""Operation Michael"", ""Max Hoffmann"", ""Battle of Tannenberg"", ""Battle of Anholt""]",True
5ae0d52e554299603e418469,ucb1,2,Sebastián Mantilla,Douglas Jackson,0.0,0.0,0.0,0.0,341,14,7.94e-05,"[""Out in Fifty"", ""Sebasti\u00e1n Mantilla""]",True
5ae0d52e554299603e418469,ucb1,3,Sebastián Mantilla,Douglas Jackson,0.0,0.0,0.0,0.0,568,14,0.0001248,"[""Out in Fifty"", ""Sebasti\u00e1n Mantilla"", ""Ashley Cheadle""]",True
5ae0d52e554299603e418469,ucb1,5,Douglas Jackson,Douglas Jackson,1.0,1.0,1.0,1.0,911,5,0.0001862,"[""Out in Fifty"", ""Sebasti\u00e1n Mantilla"", ""Ashley Cheadle"", ""Dead at 17"", ""Jolin Tsai filmography""]",True
5abc9fb055429959677d6ac9,ucb1,2,Camilla Dallerup,Danish,0.0,0.0,0.0,0.0,284,8,6.32e-05,"[""Jay McGuiness"", ""Tom Chambers (actor)""]",False
5abc9fb055429959677d6ac9,ucb1,3,English,Danish,0.0,0.0,0.0,0.0,399,4,8.300000000000001e-05,"[""Jay McGuiness"", ""Tom Chambers (actor)"", ""Andrew Cuerden""]",True
5abc9fb055429959677d6ac9,ucb1,5,Danish,Danish,1.0,1.0,1.0,1.0,518,5,0.00010760000000000001,"[""Jay McGuiness"", ""Tom Chambers (actor)"", ""Andrew Cuerden"", ""Camilla Dallerup"", ""The Strictly""]",True
5ac083b0554299294b21900d,ucb1,2,cocktail,cocktail,1.0,1.0,1.0,1.0,256,5,5.520000000000001e-05,"[""Bigger and Blackerer"", ""Planter's Punch""]",False
5ac083b0554299294b21900d,ucb1,3,cocktail,cocktail,1.0,1.0,1.0,1.0,288,5,6.16e-05,"[""Bigger and Blackerer"", ""Planter's Punch"", ""Black Velvet (beer cocktail)""]",False
5ac083b0554299294b21900d,ucb1,5,cocktail,cocktail,1.0,1.0,1.0,1.0,473,5,9.860000000000001e-05,"[""Bigger and Blackerer"", ""Planter's Punch"", ""Black Velvet (beer cocktail)"", ""Black Velvet Flag"", ""Velvet painting""]",False
5a8b3e985542995d1e6f131c,ucb1,2,"Sandy Springs, Georgia","It is based in Sandy Springs, Georgia",0.0,0.6,1.0,0.42857142857142855,349,8,7.620000000000001e-05,"[""Focus Brands"", ""St. Lars restaurant""]",True
5a8b3e985542995d1e6f131c,ucb1,3,"Atlanta-based private equity firm, Roark Capital Group","It is based in Sandy Springs, Georgia",0.0,0.0,0.0,0.0,426,13,9.559999999999999e-05,"[""Focus Brands"", ""St. Lars restaurant"", ""Portland City Grill""]",True
5a8b3e985542995d1e6f131c,ucb1,5,"Sandy Springs, Georgia","It is based in Sandy Springs, Georgia",0.0,0.6,1.0,0.42857142857142855,696,8,0.00014560000000000002,"[""Focus Brands"", ""St. Lars restaurant"", ""Portland City Grill"", ""On the Border Mexican Grill &amp; Cantina"", ""NTN Buzztime""]",True
5a75f0ea5542994ccc91866c,ucb1,2,A41,The A41,1.0,1.0,1.0,1.0,364,5,7.68e-05,"[""A5117 road"", ""Param, Rampur""]",True
5a75f0ea5542994ccc91866c,ucb1,3,A41,The A41,1.0,1.0,1.0,1.0,459,5,9.580000000000001e-05,"[""A5117 road"", ""Param, Rampur"", ""Al Haj FAW motors""]",True
5a75f0ea5542994ccc91866c,ucb1,5,A5117 road,The A41,0.0,0.0,0.0,0.0,738,7,0.00015319999999999998,"[""A5117 road"", ""Param, Rampur"", ""Al Haj FAW motors"", ""U.S. Route 287"", ""U.S. Route 19 Truck (Pittsburgh)""]",True
5a7c6b6655429935c91b519a,ucb1,2,"town meeting
",town meeting legislative body,0.0,0.6666666666666666,1.0,0.5,292,6,6.32e-05,"[""Downtown Richford Historic District"", ""Franklin County State Airport""]",True
5a7c6b6655429935c91b519a,ucb1,3,Town Meeting,town meeting legislative body,0.0,0.6666666666666666,1.0,0.5,383,5,8.060000000000001e-05,"[""Downtown Richford Historic District"", ""Franklin County State Airport"", ""Vermont Route 139""]",True
5a7c6b6655429935c91b519a,ucb1,5,selectboard,town meeting legislative body,0.0,0.0,0.0,0.0,496,5,0.0001032,"[""Downtown Richford Historic District"", ""Franklin County State Airport"", ""Vermont Route 139"", ""Richford, Vermont"", ""Richford (CDP), Vermont""]",True
5ab295eb554299194fa93412,ucb1,2,no,no,1.0,1.0,1.0,1.0,256,4,5.440000000000001e-05,"[""Ewald Automotive Group"", ""Carl Anton Ewald""]",True
5ab295eb554299194fa93412,ucb1,3,no,no,1.0,1.0,1.0,1.0,293,10,6.66e-05,"[""Ewald Automotive Group"", ""Carl Anton Ewald"", ""Ernst Messerschmid""]",True
5ab295eb554299194fa93412,ucb1,5,yes,no,0.0,0.0,0.0,0.0,383,4,7.98e-05,"[""Ewald Automotive Group"", ""Carl Anton Ewald"", ""Ernst Messerschmid"", ""Ernst Julius Richard Ewald"", ""Reinhold Ewald""]",True
5a7137dc5542994082a3e68a,ucb1,2,MVP Award,The National Basketball Association's Rookie of the Year,0.0,0.0,0.0,0.0,213,12,5.22e-05,"[""1952\u201353 NBA season"", ""1952\u201353 Milwaukee Hawks season""]",True
5a7137dc5542994082a3e68a,ucb1,3,NBA Rookie of the Year Award,The National Basketball Association's Rookie of the Year,0.0,0.5454545454545454,0.6,0.5,285,9,6.42e-05,"[""1952\u201353 NBA season"", ""1952\u201353 Milwaukee Hawks season"", ""NBA Rookie of the Year Award""]",True
5a7137dc5542994082a3e68a,ucb1,5,NBA Rookie of the Year Award,The National Basketball Association's Rookie of the Year,0.0,0.5454545454545454,0.6,0.5,358,9,7.88e-05,"[""1952\u201353 NBA season"", ""1952\u201353 Milwaukee Hawks season"", ""NBA Rookie of the Year Award"", ""1952\u201353 Philadelphia Warriors season"", ""1952\u201353 Fort Wayne Pistons season""]",True
5a82d71555429966c78a6a94,ucb1,2,yes,yes,1.0,1.0,1.0,1.0,307,4,6.46e-05,"[""Negus Mine"", ""Tundra Mine""]",False
5a82d71555429966c78a6a94,ucb1,3,yes,yes,1.0,1.0,1.0,1.0,440,4,9.12e-05,"[""Negus Mine"", ""Tundra Mine"", ""Salmita Mine""]",False
5a82d71555429966c78a6a94,ucb1,5,yes,yes,1.0,1.0,1.0,1.0,865,4,0.0001762,"[""Negus Mine"", ""Tundra Mine"", ""Salmita Mine"", ""Colomac Mine"", ""Victor Diamond Mine""]",False
5abb7ea4554299642a094a96,ucb1,2,1968,1968,1.0,1.0,1.0,1.0,373,11,8.340000000000001e-05,"[""High School (1968 film)"", ""Mercy Cross High School (Biloxi, Mississippi)""]",True
5abb7ea4554299642a094a96,ucb1,3,1968 and 2009,1968,0.0,0.5,0.3333333333333333,1.0,438,9,9.480000000000001e-05,"[""High School (1968 film)"", ""Mercy Cross High School (Biloxi, Mississippi)"", ""The Thorn in the Heart""]",True
5abb7ea4554299642a094a96,ucb1,5,1968,1968,1.0,1.0,1.0,1.0,717,5,0.0001474,"[""High School (1968 film)"", ""Mercy Cross High School (Biloxi, Mississippi)"", ""The Thorn in the Heart"", ""Stuart Hall High School"", ""Robertson High School""]",True
5a7f00b455429930675135f1,ucb1,2,Alan Passaro,Alan Passaro,1.0,1.0,1.0,1.0,305,6,6.58e-05,"[""Brottby Concert"", ""Altamont Free Concert""]",True
5a7f00b455429930675135f1,ucb1,3,Alan Passaro,Alan Passaro,1.0,1.0,1.0,1.0,487,6,0.0001022,"[""Brottby Concert"", ""Altamont Free Concert"", ""Live'r Than You'll Ever Be""]",True
5a7f00b455429930675135f1,ucb1,5,Alan Passaro,Alan Passaro,1.0,1.0,1.0,1.0,717,6,0.00014820000000000002,"[""Brottby Concert"", ""Altamont Free Concert"", ""Live'r Than You'll Ever Be"", ""Barry Fey"", ""List of concerts in Hyde Park""]",True
5ae153915542990adbacf752,ucb1,2,Billy Idol,William Michael Albert Broad,0.0,0.0,0.0,0.0,410,5,8.6e-05,"[""Cyberpunk (album)"", ""Greatest Hits (Billy Idol album)""]",False
5ae153915542990adbacf752,ucb1,3,Billy Idol,William Michael Albert Broad,0.0,0.0,0.0,0.0,468,5,9.760000000000001e-05,"[""Cyberpunk (album)"", ""Greatest Hits (Billy Idol album)"", ""Burton C. Bell""]",False
5ae153915542990adbacf752,ucb1,5,William Michael Albert Broad,William Michael Albert Broad,1.0,1.0,1.0,1.0,687,7,0.000143,"[""Cyberpunk (album)"", ""Greatest Hits (Billy Idol album)"", ""Burton C. Bell"", ""Billy Idol"", ""Idol Songs: 11 of the Best""]",False
5a7bf3da5542996dd594b869,ucb1,2,noanswer,"September 5, 2017",0.0,0.0,0.0,0.0,483,11,0.0001054,"[""Wil Wheaton"", ""The Dog and Pony Show""]",False
5a7bf3da5542996dd594b869,ucb1,3,"February 3, 2017","September 5, 2017",0.0,0.3333333333333333,0.3333333333333333,0.3333333333333333,626,10,0.0001332,"[""Wil Wheaton"", ""The Dog and Pony Show"", ""Curb Your Enthusiasm""]",False
5a7bf3da5542996dd594b869,ucb1,5,"September 5, 2017","September 5, 2017",1.0,1.0,1.0,1.0,809,10,0.0001698,"[""Wil Wheaton"", ""The Dog and Pony Show"", ""Curb Your Enthusiasm"", ""Laurie Davidson (actor)"", ""Will (TV series)""]",True
5abb4b4a5542993f40c73aea,ucb1,2,University of California,University of California,1.0,1.0,1.0,1.0,254,6,5.56e-05,"[""University of California"", ""Tennessee Higher Education Commission""]",True
5abb4b4a5542993f40c73aea,ucb1,3,University of California,University of California,1.0,1.0,1.0,1.0,346,6,7.4e-05,"[""University of California"", ""Tennessee Higher Education Commission"", ""Jonas Tilly""]",True
5abb4b4a5542993f40c73aea,ucb1,5,University of California,University of California,1.0,1.0,1.0,1.0,608,6,0.0001264,"[""University of California"", ""Tennessee Higher Education Commission"", ""Jonas Tilly"", ""List of universities and colleges in Hungary"", ""Higher education bubble in the United States""]",True
5ae1f2f3554299234fd0435a,ucb1,2,yes,yes,1.0,1.0,1.0,1.0,425,4,8.82e-05,"[""Massawepie Mire"", ""Tetrastigma""]",True
5ae1f2f3554299234fd0435a,ucb1,3,yes,yes,1.0,1.0,1.0,1.0,473,4,9.78e-05,"[""Massawepie Mire"", ""Tetrastigma"", ""Sapria""]",True
5ae1f2f3554299234fd0435a,ucb1,5,yes,yes,1.0,1.0,1.0,1.0,893,4,0.00018180000000000003,"[""Massawepie Mire"", ""Tetrastigma"", ""Sapria"", ""Rhizanthes"", ""Baikal Nature Reserve""]",True
5a8f0796554299458435d528,ucb1,2,Eielson Air Force Base,Eielson Air Force Base,1.0,1.0,1.0,1.0,544,9,0.00011600000000000001,"[""Alaska Railroad"", ""Politics of Alaska""]",True
5a8f0796554299458435d528,ucb1,3,Eielson Air Force Base,Eielson Air Force Base,1.0,1.0,1.0,1.0,600,9,0.0001272,"[""Alaska Railroad"", ""Politics of Alaska"", ""Cape Thompson""]",True
5a8f0796554299458435d528,ucb1,5,Eielson Air Force Base,Eielson Air Force Base,1.0,1.0,1.0,1.0,841,9,0.00017540000000000004,"[""Alaska Railroad"", ""Politics of Alaska"", ""Cape Thompson"", ""1950 British Columbia B-36 crash"", ""Eielson Air Force Base""]",True
5ae81b895542997ec272770c,ucb1,2,1876,1876,1.0,1.0,1.0,1.0,352,5,7.44e-05,"[""Princess Victoria Melita of Saxe-Coburg and Gotha"", ""Princess Marie C\u00e9cile of Prussia""]",False
5ae81b895542997ec272770c,ucb1,3,1876,1876,1.0,1.0,1.0,1.0,506,5,0.00010520000000000001,"[""Princess Victoria Melita of Saxe-Coburg and Gotha"", ""Princess Marie C\u00e9cile of Prussia"", ""Princess Christine Louise of Oettingen-Oettingen""]",False
5ae81b895542997ec272770c,ucb1,5,1876,1876,1.0,1.0,1.0,1.0,881,5,0.00018020000000000002,"[""Princess Victoria Melita of Saxe-Coburg and Gotha"", ""Princess Marie C\u00e9cile of Prussia"", ""Princess Christine Louise of Oettingen-Oettingen"", ""Prince Hermann Friedrich of Leiningen"", ""Mary Victoria Douglas-Hamilton""]",False
5ae0f6f5554299422ee99583,ucb1,2,Warner Bros. Records,Warner Bros,0.0,0.8,0.6666666666666666,1.0,287,8,6.38e-05,"[""I've Been Working"", ""Domino (Van Morrison song)""]",True
5ae0f6f5554299422ee99583,ucb1,3,Warner Bros. Records,Warner Bros,0.0,0.8,0.6666666666666666,1.0,336,8,7.360000000000001e-05,"[""I've Been Working"", ""Domino (Van Morrison song)"", ""I'll Be Your Lover, Too""]",True
5ae0f6f5554299422ee99583,ucb1,5,noanswer,Warner Bros,0.0,0.0,0.0,0.0,484,5,0.00010080000000000001,"[""I've Been Working"", ""Domino (Van Morrison song)"", ""I'll Be Your Lover, Too"", ""The Caledonia Soul Orchestra"", ""Call Me Up in Dreamland""]",True
5a7c6d98554299683c1c6304,ucb1,2,Agent Carter,Agent Carter,1.0,1.0,1.0,1.0,341,5,7.22e-05,"[""Stratton (film)"", ""James D'Arcy""]",False
5a7c6d98554299683c1c6304,ucb1,3,Agent Carter,Agent Carter,1.0,1.0,1.0,1.0,458,5,9.56e-05,"[""Stratton (film)"", ""James D'Arcy"", ""The Blitzkrieg Button""]",True
5a7c6d98554299683c1c6304,ucb1,5,Agent Carter,Agent Carter,1.0,1.0,1.0,1.0,670,5,0.000138,"[""Stratton (film)"", ""James D'Arcy"", ""The Blitzkrieg Button"", ""Preacher (TV series)"", ""Dominic Cooper""]",True
5a83de04554299334474609f,ucb1,2,Helter Skelter,as loud and dirty as possible,0.0,0.0,0.0,0.0,427,14,9.66e-05,"[""Helter Skelter (Manson scenario)"", ""Toxicity (album)""]",False
5a83de04554299334474609f,ucb1,3,loud and dirty as possible,as loud and dirty as possible,0.0,0.9090909090909091,1.0,0.8333333333333334,574,9,0.00012200000000000001,"[""Helter Skelter (Manson scenario)"", ""Toxicity (album)"", ""Helter Skelter (song)""]",False
5a83de04554299334474609f,ucb1,5,loud and dirty as possible,as loud and dirty as possible,0.0,0.9090909090909091,1.0,0.8333333333333334,846,15,0.0001812,"[""Helter Skelter (Manson scenario)"", ""Toxicity (album)"", ""Helter Skelter (song)"", ""Scatology (album)"", ""Never Learn Not to Love""]",True
5ab29c24554299449642c932,ucb1,2,yes,yes,1.0,1.0,1.0,1.0,230,4,4.92e-05,"[""Ambroise Thomas"", ""Giuseppe Verdi""]",False
5ab29c24554299449642c932,ucb1,3,yes,yes,1.0,1.0,1.0,1.0,384,4,8e-05,"[""Ambroise Thomas"", ""Giuseppe Verdi"", ""Armand Castelmary""]",True
5ab29c24554299449642c932,ucb1,5,yes,yes,1.0,1.0,1.0,1.0,631,4,0.0001294,"[""Ambroise Thomas"", ""Giuseppe Verdi"", ""Armand Castelmary"", ""Ferdinando Provesi"", ""Verdi, the King of Melody""]",True
5ae20c245542997283cd2367,ucb1,2,South Asia and the Middle East,South Asia and the Middle East,1.0,1.0,1.0,1.0,240,15,6e-05,"[""Hina (given name)"", ""Henna""]",False
5ae20c245542997283cd2367,ucb1,3,South Asia and the Middle East,South Asia and the Middle East,1.0,1.0,1.0,1.0,424,9,9.200000000000001e-05,"[""Hina (given name)"", ""Henna"", ""Quercus coccifera""]",True
5ae20c245542997283cd2367,ucb1,5,South Asia and the Middle East,South Asia and the Middle East,1.0,1.0,1.0,1.0,725,9,0.0001522,"[""Hina (given name)"", ""Henna"", ""Quercus coccifera"", ""Phloxine"", ""Kermes (dye)""]",True
5ac4efa85542991943173a04,ucb1,2,Genesee River,Genesee River,1.0,1.0,1.0,1.0,318,7,6.92e-05,"[""Tamiami Canal"", ""Black Creek (Genesee River)""]",True
5ac4efa85542991943173a04,ucb1,3,no,Genesee River,0.0,0.0,0.0,0.0,436,4,9.04e-05,"[""Tamiami Canal"", ""Black Creek (Genesee River)"", ""Oatka Creek""]",True
5ac4efa85542991943173a04,ucb1,5,Genesee River,Genesee River,1.0,1.0,1.0,1.0,645,7,0.0001346,"[""Tamiami Canal"", ""Black Creek (Genesee River)"", ""Oatka Creek"", ""Genesee River"", ""Crystal Lake (Gilmanton, New Hampshire)""]",True
5ac385f8554299741d48a279,ucb1,2,Alfred Preis,Alfred Preis,1.0,1.0,1.0,1.0,336,6,7.2e-05,"[""Attack on Pearl Harbor in popular culture"", ""USS Arizona Memorial""]",False
5ac385f8554299741d48a279,ucb1,3,Alfred Preis,Alfred Preis,1.0,1.0,1.0,1.0,452,6,9.52e-05,"[""Attack on Pearl Harbor in popular culture"", ""USS Arizona Memorial"", ""United States declaration of war upon Italy""]",True
5ac385f8554299741d48a279,ucb1,5,Alfred Preis,Alfred Preis,1.0,1.0,1.0,1.0,646,6,0.00013400000000000003,"[""Attack on Pearl Harbor in popular culture"", ""USS Arizona Memorial"", ""United States declaration of war upon Italy"", ""Thomas James Reeves"", ""John Paul Jones Memorial Park""]",True
5ab4355555429942dd415ee3,ucb1,2,Traumnovelle,"""Traumnovelle"" (""Dream Story"")",0.0,0.5,1.0,0.3333333333333333,391,7,8.38e-05,"[""Forever Blue (Chris Isaak album)"", ""Vinessa Shaw""]",False
5ab4355555429942dd415ee3,ucb1,3,Traumnovelle,"""Traumnovelle"" (""Dream Story"")",0.0,0.5,1.0,0.3333333333333333,459,7,9.740000000000001e-05,"[""Forever Blue (Chris Isaak album)"", ""Vinessa Shaw"", ""Garden Party (film)""]",True
5ab4355555429942dd415ee3,ucb1,5,Traumnovelle,"""Traumnovelle"" (""Dream Story"")",0.0,0.5,1.0,0.3333333333333333,687,7,0.000143,"[""Forever Blue (Chris Isaak album)"", ""Vinessa Shaw"", ""Garden Party (film)"", ""Elizabeth Shaw (confectionery company)"", ""Eyes Wide Shut""]",True
5add23d05542994734353871,ucb1,2,noanswer,to guard,0.0,0.0,0.0,0.0,369,11,8.259999999999999e-05,"[""Michigan Conservation Officers"", ""Nawab""]",True
5add23d05542994734353871,ucb1,3,noanswer,to guard,0.0,0.0,0.0,0.0,490,5,0.000102,"[""Michigan Conservation Officers"", ""Nawab"", ""Registrar of Companies, India""]",True
5add23d05542994734353871,ucb1,5,noanswer,to guard,0.0,0.0,0.0,0.0,666,5,0.0001372,"[""Michigan Conservation Officers"", ""Nawab"", ""Registrar of Companies, India"", ""Herb Strewer"", ""Connecticut State Marshal""]",True
5ab99a215542996be202056a,ucb1,2,Edinburgh,"Aberdeenshire, Scotland",0.0,0.0,0.0,0.0,583,5,0.00012060000000000002,"[""Edinburgh Castle"", ""Loch Leven Castle""]",False
5ab99a215542996be202056a,ucb1,3,Isle of Rùm,"Aberdeenshire, Scotland",0.0,0.0,0.0,0.0,739,15,0.0001598,"[""Edinburgh Castle"", ""Loch Leven Castle"", ""Kinloch Castle""]",True
5ab99a215542996be202056a,ucb1,5,Fyvie Castle,"Aberdeenshire, Scotland",0.0,0.0,0.0,0.0,1013,6,0.00020740000000000003,"[""Edinburgh Castle"", ""Loch Leven Castle"", ""Kinloch Castle"", ""Ardencaple Castle"", ""Spook Squad""]",True
5add15d15542994ed6169c70,ucb1,2,Romania and France,The Allies of World War I,0.0,0.0,0.0,0.0,513,7,0.00010820000000000001,"[""Siege of Medina"", ""Ukrainian War of Independence""]",True
5add15d15542994ed6169c70,ucb1,3,Allies of World War I,The Allies of World War I,1.0,1.0,1.0,1.0,548,9,0.0001168,"[""Siege of Medina"", ""Ukrainian War of Independence"", ""Allies of World War I""]",True
5add15d15542994ed6169c70,ucb1,5,Entente Powers,The Allies of World War I,0.0,0.0,0.0,0.0,745,6,0.0001538,"[""Siege of Medina"", ""Ukrainian War of Independence"", ""Allies of World War I"", ""World War I reparations"", ""Inter-Allied Socialist Conferences of World War I""]",True
5ae5d82f554299546bf82f9a,ucb1,2,2,3,0.0,0.0,0.0,0.0,376,4,7.84e-05,"[""Who? Who? ministry"", ""Prime Minister's Department (Malaysia)""]",True
5ae5d82f554299546bf82f9a,ucb1,3,2,3,0.0,0.0,0.0,0.0,487,4,0.0001006,"[""Who? Who? ministry"", ""Prime Minister's Department (Malaysia)"", ""Prime Minister's Official Spokesperson""]",True
5ae5d82f554299546bf82f9a,ucb1,5,2,3,0.0,0.0,0.0,0.0,880,4,0.0001792,"[""Who? Who? ministry"", ""Prime Minister's Department (Malaysia)"", ""Prime Minister's Official Spokesperson"", ""Home Office under Theresa May"", ""Abd Allah Siraj""]",True
5ab29b07554299194fa93440,ucb1,2,"Columbia, Maryland","Columbia, Maryland",1.0,1.0,1.0,1.0,413,7,8.82e-05,"[""Columbia, Maryland"", ""Maryland Crab Bowl""]",True
5ab29b07554299194fa93440,ucb1,3,"Columbia, Maryland","Columbia, Maryland",1.0,1.0,1.0,1.0,513,7,0.00010820000000000001,"[""Columbia, Maryland"", ""Maryland Crab Bowl"", ""Cardinal Gibbons School (Baltimore, Maryland)""]",True
5ab29b07554299194fa93440,ucb1,5,"Columbia, Maryland","Columbia, Maryland",1.0,1.0,1.0,1.0,799,7,0.0001654,"[""Columbia, Maryland"", ""Maryland Crab Bowl"", ""Cardinal Gibbons School (Baltimore, Maryland)"", ""Baltimore County, Maryland"", ""Lake Elkhorn""]",True
5a88bedb554299206df2b35a,ucb1,2,River Thames,Thames,0.0,0.6666666666666666,0.5,1.0,306,5,6.52e-05,"[""Waterloo Bridge"", ""Waterloo Road, London""]",True
5a88bedb554299206df2b35a,ucb1,3,River Thames,Thames,0.0,0.6666666666666666,0.5,1.0,350,5,7.4e-05,"[""Waterloo Bridge"", ""Waterloo Road, London"", ""London Eye""]",True
5a88bedb554299206df2b35a,ucb1,5,River Thames,Thames,0.0,0.6666666666666666,0.5,1.0,552,5,0.0001144,"[""Waterloo Bridge"", ""Waterloo Road, London"", ""London Eye"", ""York Road, Lambeth"", ""Waterloo Helmet""]",True
5abfd3ba5542994516f4550a,ucb1,2,Slobodan Živojinović,Ross Case,0.0,0.0,0.0,0.0,417,16,9.620000000000001e-05,"[""Slobodan \u017divojinovi\u0107"", ""Nenad Zimonji\u0107""]",False
5abfd3ba5542994516f4550a,ucb1,3,Slobodan Živojinović,Ross Case,0.0,0.0,0.0,0.0,470,10,0.000102,"[""Slobodan \u017divojinovi\u0107"", ""Nenad Zimonji\u0107"", ""John Frawley (tennis)""]",True
5abfd3ba5542994516f4550a,ucb1,5,Slobodan Živojinović,Ross Case,0.0,0.0,0.0,0.0,635,10,0.000135,"[""Slobodan \u017divojinovi\u0107"", ""Nenad Zimonji\u0107"", ""John Frawley (tennis)"", ""Ram\u00f3n Delgado"", ""Fredrik Jonsson""]",True
5a728b1c5542992359bc30e0,ucb1,2,Jonghyun,Jonghyun,1.0,1.0,1.0,1.0,269,7,5.940000000000001e-05,"[""She Is"", ""The First (album)""]",False
5a728b1c5542992359bc30e0,ucb1,3,Jonghyun,Jonghyun,1.0,1.0,1.0,1.0,441,7,9.38e-05,"[""She Is"", ""The First (album)"", ""Kim Jong-hyun (singer)""]",False
5a728b1c5542992359bc30e0,ucb1,5,Jonghyun,Jonghyun,1.0,1.0,1.0,1.0,863,7,0.00017820000000000002,"[""She Is"", ""The First (album)"", ""Kim Jong-hyun (singer)"", ""Romeo (EP)"", ""List of awards and nominations received by Shinee""]",False
5a806aca5542996402f6a503,ucb1,2,Noanswer,Orc characters,0.0,0.0,0.0,0.0,237,5,5.140000000000001e-05,"[""Keith Zizza"", ""Mosby's Confederacy (video game)""]",True
5a806aca5542996402f6a503,ucb1,3,noanswer,Orc characters,0.0,0.0,0.0,0.0,345,5,7.3e-05,"[""Keith Zizza"", ""Mosby's Confederacy (video game)"", ""SimCity Societies""]",True
5a806aca5542996402f6a503,ucb1,5,Orcs,Orc characters,0.0,0.0,0.0,0.0,463,11,0.00010140000000000001,"[""Keith Zizza"", ""Mosby's Confederacy (video game)"", ""SimCity Societies"", ""City Building (series)"", ""Orc""]",True
5ae4bbf05542995ad6573e32,ucb1,2,People v. Turner,People v. Turner,1.0,1.0,1.0,1.0,384,7,8.240000000000001e-05,"[""People v. Turner"", ""Mary Jo Levinger""]",True
5ae4bbf05542995ad6573e32,ucb1,3,People v. Turner,People v. Turner,1.0,1.0,1.0,1.0,490,7,0.0001036,"[""People v. Turner"", ""Mary Jo Levinger"", ""Michele Landis Dauber""]",True
5ae4bbf05542995ad6573e32,ucb1,5,People v. Turner,People v. Turner,1.0,1.0,1.0,1.0,731,7,0.00015180000000000003,"[""People v. Turner"", ""Mary Jo Levinger"", ""Michele Landis Dauber"", ""Marquis D. Jones Jr."", ""Reid\u2013Hillview Airport""]",True
5a8638945542994775f6072d,ucb1,2,no,no,1.0,1.0,1.0,1.0,426,4,8.84e-05,"[""Sutera"", ""Lonicera conjugialis""]",True
5a8638945542994775f6072d,ucb1,3,no,no,1.0,1.0,1.0,1.0,491,4,0.0001014,"[""Sutera"", ""Lonicera conjugialis"", ""Rhodotypos""]",True
5a8638945542994775f6072d,ucb1,5,no,no,1.0,1.0,1.0,1.0,707,4,0.0001446,"[""Sutera"", ""Lonicera conjugialis"", ""Rhodotypos"", ""Ceanothus velutinus"", ""Olearia canescens""]",True
5ab3bcc55542992ade7c6e66,ucb1,2,2002 Senate election,2002,0.0,0.5,0.3333333333333333,1.0,438,7,9.320000000000002e-05,"[""George Pataki"", ""Norm Coleman""]",False
5ab3bcc55542992ade7c6e66,ucb1,3,2002 Senate election,2002,0.0,0.5,0.3333333333333333,1.0,601,7,0.00012580000000000002,"[""George Pataki"", ""Norm Coleman"", ""Al Franken""]",False
5ab3bcc55542992ade7c6e66,ucb1,5,"2002
",2002,1.0,1.0,1.0,1.0,826,6,0.00017,"[""George Pataki"", ""Norm Coleman"", ""Al Franken"", ""George W. Murray"", ""Bernard Samuel""]",True
5ab7b0775542992aa3b8c83e,ucb1,2,Chongqing,"Belfast, Northern Ireland",0.0,0.0,0.0,0.0,217,6,4.8200000000000006e-05,"[""Yinxiang Motorcycle"", ""Noweco""]",True
5ab7b0775542992aa3b8c83e,ucb1,3,Chongqing,"Belfast, Northern Ireland",0.0,0.0,0.0,0.0,331,6,7.099999999999999e-05,"[""Yinxiang Motorcycle"", ""Noweco"", ""Tenova Takraf""]",True
5ab7b0775542992aa3b8c83e,ucb1,5,Chesterfield,"Belfast, Northern Ireland",0.0,0.0,0.0,0.0,513,6,0.00010740000000000001,"[""Yinxiang Motorcycle"", ""Noweco"", ""Tenova Takraf"", ""Fortive"", ""Staveley Coal and Iron Company""]",True
5abd68b45542993062266c77,ucb1,2,Olympian,Olympic distance runner,0.0,0.0,0.0,0.0,346,5,7.32e-05,"[""Merida (Disney)"", ""Unbroken (film)""]",True
5abd68b45542993062266c77,ucb1,3,USA Olympian,Olympic distance runner,0.0,0.0,0.0,0.0,530,6,0.0001108,"[""Merida (Disney)"", ""Unbroken (film)"", ""Kenneth Roberts (author)""]",True
5abd68b45542993062266c77,ucb1,5,Olympic distance runner,Olympic distance runner,1.0,1.0,1.0,1.0,704,7,0.0001464,"[""Merida (Disney)"", ""Unbroken (film)"", ""Kenneth Roberts (author)"", ""Louis Zamperini"", ""Gunston Street""]",True
5ac2a399554299218029dada,ucb1,2,Kathleen O'Brien,Kathleen O'Brien,1.0,1.0,1.0,1.0,248,7,5.52e-05,"[""Shepardson Microsystems"", ""Atari Assembler Editor""]",False
5ac2a399554299218029dada,ucb1,3,Kathleen O'Brien,Kathleen O'Brien,1.0,1.0,1.0,1.0,378,7,8.120000000000001e-05,"[""Shepardson Microsystems"", ""Atari Assembler Editor"", ""Surround (video game)""]",True
5ac2a399554299218029dada,ucb1,5,Kathleen O'Brien,Kathleen O'Brien,1.0,1.0,1.0,1.0,620,7,0.0001296,"[""Shepardson Microsystems"", ""Atari Assembler Editor"", ""Surround (video game)"", ""HP 64000"", ""Star Ship""]",True
5a8f2fed55429918e830d1c7,ucb1,2,rock and roll,rock and roll,1.0,1.0,1.0,1.0,385,6,8.18e-05,"[""The Yardbirds"", ""Bo Diddley""]",False
5a8f2fed55429918e830d1c7,ucb1,3,rock and roll,rock and roll,1.0,1.0,1.0,1.0,483,6,0.0001014,"[""The Yardbirds"", ""Bo Diddley"", ""Who Do You Love? (Bo Diddley song)""]",True
5a8f2fed55429918e830d1c7,ucb1,5,rock and roll,rock and roll,1.0,1.0,1.0,1.0,694,6,0.00014360000000000002,"[""The Yardbirds"", ""Bo Diddley"", ""Who Do You Love? (Bo Diddley song)"", ""Diddley Daddy"", ""Peggy Jones (musician)""]",True
5a80abb65542996402f6a5df,ucb1,2,Mountain West Conference,Mountain West Conference,1.0,1.0,1.0,1.0,348,6,7.44e-05,"[""Mountain West Conference"", ""Akron Zips""]",True
5a80abb65542996402f6a5df,ucb1,3,Mountain West Conference,Mountain West Conference,1.0,1.0,1.0,1.0,467,6,9.82e-05,"[""Mountain West Conference"", ""Akron Zips"", ""Wayne State Warriors football""]",True
5a80abb65542996402f6a5df,ucb1,5,Mountain West Conference,Mountain West Conference,1.0,1.0,1.0,1.0,700,6,0.0001448,"[""Mountain West Conference"", ""Akron Zips"", ""Wayne State Warriors football"", ""Men's National Collegiate Athletic Association"", ""Hawaii Rainbow Warriors baseball""]",True
5a7fc8d05542992e7d278d86,ucb1,2,Iceal Hambleton,"Lieutenant Colonel Iceal E. ""Gene"" Hambleton",0.0,0.5,1.0,0.3333333333333333,412,8,8.880000000000002e-05,"[""Behind Enemy Lines II: Axis of Evil"", ""Iceal Hambleton""]",False
5a7fc8d05542992e7d278d86,ucb1,3,Iceal Hambleton,"Lieutenant Colonel Iceal E. ""Gene"" Hambleton",0.0,0.5,1.0,0.3333333333333333,530,8,0.00011240000000000001,"[""Behind Enemy Lines II: Axis of Evil"", ""Iceal Hambleton"", ""Behind Enemy Lines (2001 film)""]",False
5a7fc8d05542992e7d278d86,ucb1,5,Iceal Hambleton,"Lieutenant Colonel Iceal E. ""Gene"" Hambleton",0.0,0.5,1.0,0.3333333333333333,871,8,0.0001806,"[""Behind Enemy Lines II: Axis of Evil"", ""Iceal Hambleton"", ""Behind Enemy Lines (2001 film)"", ""Rescue of Bat 21 Bravo"", ""Operation Halyard""]",True
5a8f45ca5542997ba9cb320e,ucb1,2,documentary films,documentary,0.0,0.6666666666666666,0.5,1.0,315,6,6.78e-05,"[""500 Years Later"", ""Manson (film)""]",False
5a8f45ca5542997ba9cb320e,ucb1,3,documentary film,documentary,0.0,0.6666666666666666,0.5,1.0,387,6,8.22e-05,"[""500 Years Later"", ""Manson (film)"", ""Motherland (2010 film)""]",False
5a8f45ca5542997ba9cb320e,ucb1,5,documentary film,documentary,0.0,0.6666666666666666,0.5,1.0,665,6,0.00013780000000000002,"[""500 Years Later"", ""Manson (film)"", ""Motherland (2010 film)"", ""Idiocracy"", ""Ife Piankhi""]",False
5a87aa135542996e4f3088b8,ucb1,2,British,British,1.0,1.0,1.0,1.0,255,4,5.42e-05,"[""Jolyon James"", ""Cat Stevens""]",True
5a87aa135542996e4f3088b8,ucb1,3,British,British,1.0,1.0,1.0,1.0,340,4,7.12e-05,"[""Jolyon James"", ""Cat Stevens"", ""Houston, TX 12.17.16""]",True
5a87aa135542996e4f3088b8,ucb1,5,British,British,1.0,1.0,1.0,1.0,709,4,0.000145,"[""Jolyon James"", ""Cat Stevens"", ""Houston, TX 12.17.16"", ""Symphony No. 9 (Beethoven)"", ""August Hirt""]",True
5ab29346554299545a2cf997,ucb1,2,KXII,KXII,1.0,1.0,1.0,1.0,428,6,9.04e-05,"[""WGCL-TV"", ""KXII""]",True
5ab29346554299545a2cf997,ucb1,3,KXII,KXII,1.0,1.0,1.0,1.0,532,6,0.0001112,"[""WGCL-TV"", ""KXII"", ""Ada, Oklahoma""]",True
5ab29346554299545a2cf997,ucb1,5,KXII,KXII,1.0,1.0,1.0,1.0,650,6,0.0001348,"[""WGCL-TV"", ""KXII"", ""Ada, Oklahoma"", ""Pontotoc, Oklahoma"", ""Pontotoc, Mississippi""]",True
5ae789615542997ec2727695,ucb1,2,Martha Coolidge,Martha Coolidge,1.0,1.0,1.0,1.0,288,7,6.32e-05,"[""R-Point"", ""The Prince and Me""]",False
5ae789615542997ec2727695,ucb1,3,Martha Coolidge,Martha Coolidge,1.0,1.0,1.0,1.0,377,7,8.1e-05,"[""R-Point"", ""The Prince and Me"", ""Turning Paige""]",True
5ae789615542997ec2727695,ucb1,5,Martha Coolidge,Martha Coolidge,1.0,1.0,1.0,1.0,619,7,0.0001294,"[""R-Point"", ""The Prince and Me"", ""Turning Paige"", ""Sunset at Chaophraya (2013 film)"", ""Sunset at Chaophraya (1996 film)""]",True
