question_id,method,k,answer_pred,answer_gt,em,f1,precision,recall,input_tokens,output_tokens,cost_usd,selected_titles
5ae143ed55429920d5234360,linucb,2,1755,1755,1.0,1.0,1.0,1.0,297,5,6.340000000000001e-05,"[""Sergei Aleksandrovich Tokarev"", ""Sergei Aleksandrovich Kudryavtsev""]"
5ae143ed55429920d5234360,linucb,3,1755,1755,1.0,1.0,1.0,1.0,340,5,7.2e-05,"[""Sergei Aleksandrovich Tokarev"", ""Sergei Aleksandrovich Kudryavtsev"", ""Sergei Panchin""]"
5ae143ed55429920d5234360,linucb,5,1755,1755,1.0,1.0,1.0,1.0,448,5,9.360000000000001e-05,"[""Sergei Aleksandrovich Tokarev"", ""Sergei Aleksandrovich Kudryavtsev"", ""Sergei Panchin"", ""Sergei Dmitrochenko"", ""Sergei Kosarev""]"
5abc19705542993a06baf86e,linucb,2,Dutch,Dutch,1.0,1.0,1.0,1.0,391,4,8.14e-05,"[""Black Book of the Admiralty"", ""Black Book (novel)""]"
5abc19705542993a06baf86e,linucb,3,Dutch,Dutch,1.0,1.0,1.0,1.0,555,4,0.0001142,"[""Black Book of the Admiralty"", ""Black Book (novel)"", ""Black Book (film)""]"
5abc19705542993a06baf86e,linucb,5,Dutch,Dutch,1.0,1.0,1.0,1.0,863,4,0.00017580000000000002,"[""Black Book of the Admiralty"", ""Black Book (novel)"", ""Black Book (film)"", ""Yazidi Book of Revelation"", ""Black Book (World War II)""]"
5ac3e0f7554299194317388b,linucb,2,Billie Dove,Kevin Spacey,0.0,0.0,0.0,0.0,224,6,4.9600000000000006e-05,"[""American Beauty (soundtrack)"", ""American Beauty (1927 film)""]"
5ac3e0f7554299194317388b,linucb,3,Billie Dove,Kevin Spacey,0.0,0.0,0.0,0.0,323,6,6.94e-05,"[""American Beauty (soundtrack)"", ""American Beauty (1927 film)"", ""Miss American Beauty 1963""]"
5ac3e0f7554299194317388b,linucb,5,Kevin Spacey,Kevin Spacey,1.0,1.0,1.0,1.0,608,6,0.0001264,"[""American Beauty (soundtrack)"", ""American Beauty (1927 film)"", ""Miss American Beauty 1963"", ""American Beauty/American Psycho Tour"", ""American Beauty (1999 film)""]"
5ae518655542993aec5ec139,linucb,2,40 անդամ,40 members,0.0,0.5,0.5,0.5,322,5,6.840000000000001e-05,"[""Ken Pruitt"", ""Upper house""]"
5ae518655542993aec5ec139,linucb,3,132,40 members,0.0,0.0,0.0,0.0,412,10,9.040000000000002e-05,"[""Ken Pruitt"", ""Upper house"", ""Wisconsin Legislature""]"
5ae518655542993aec5ec139,linucb,5,20,40 members,0.0,0.0,0.0,0.0,663,4,0.0001358,"[""Ken Pruitt"", ""Upper house"", ""Wisconsin Legislature"", ""Nevada Legislature"", ""Alaska Legislature""]"
5ab985eb554299131ca42360,linucb,2,Greyia,Greyia,1.0,1.0,1.0,1.0,256,5,5.520000000000001e-05,"[""Greyia"", ""Calibanus""]"
5ab985eb554299131ca42360,linucb,3,Calibanus,Greyia,0.0,0.0,0.0,0.0,450,6,9.48e-05,"[""Greyia"", ""Calibanus"", ""List of Amanita species""]"
5ab985eb554299131ca42360,linucb,5,Calibanus,Greyia,0.0,0.0,0.0,0.0,710,6,0.00014680000000000002,"[""Greyia"", ""Calibanus"", ""List of Amanita species"", ""Calyptocephalellidae"", ""Ceratozamia""]"
5a8753d95542994846c1cd63,linucb,2,no,yes,0.0,0.0,0.0,0.0,357,4,7.46e-05,"[""John Updike"", ""Tom Clancy""]"
5a8753d95542994846c1cd63,linucb,3,no,yes,0.0,0.0,0.0,0.0,503,4,0.0001038,"[""John Updike"", ""Tom Clancy"", ""Tom Clancy's Rainbow 6: Patriots""]"
5a8753d95542994846c1cd63,linucb,5,no,yes,0.0,0.0,0.0,0.0,628,4,0.00012880000000000001,"[""John Updike"", ""Tom Clancy"", ""Tom Clancy's Rainbow 6: Patriots"", ""Tom Clancy's Net Force Explorers: Deathworld"", ""Tom Clancy's Net Force Explorers: Gameprey""]"
5ab97d0a5542996be202051e,linucb,2,John André,John André,1.0,1.0,1.0,1.0,387,5,8.140000000000001e-05,"[""List of Continental Army units"", ""Battle of Germantown""]"
5ab97d0a5542996be202051e,linucb,3,noanswer,John André,0.0,0.0,0.0,0.0,575,5,0.000119,"[""List of Continental Army units"", ""Battle of Germantown"", ""Siege of Yorktown""]"
5ab97d0a5542996be202051e,linucb,5,John André,John André,1.0,1.0,1.0,1.0,847,5,0.00017339999999999999,"[""List of Continental Army units"", ""Battle of Germantown"", ""Siege of Yorktown"", ""Board of War"", ""John Andr\u00e9""]"
5adef1b35542993a75d263af,linucb,2,Salma Hayek,Salma Hayek Pinault,0.0,0.8,1.0,0.6666666666666666,197,7,4.500000000000001e-05,"[""Ethel Houbiers"", ""Lisette Dufour""]"
5adef1b35542993a75d263af,linucb,3,Penélope Cruz and Salma Hayek,Salma Hayek Pinault,0.0,0.5,0.4,0.6666666666666666,251,12,5.9800000000000003e-05,"[""Ethel Houbiers"", ""Lisette Dufour"", ""Virginie Ledieu""]"
5adef1b35542993a75d263af,linucb,5,Penélope Cruz and Salma Hayek,Salma Hayek Pinault,0.0,0.5,0.4,0.6666666666666666,396,12,8.88e-05,"[""Ethel Houbiers"", ""Lisette Dufour"", ""Virginie Ledieu"", ""Doroth\u00e9e Jemma"", ""Emmanuel Curtil""]"
5a73b55855429978a71e9086,linucb,2,London Heathrow Airport,Gatwick Airport,0.0,0.4,0.3333333333333333,0.5,333,6,7.14e-05,"[""Croydon Airport"", ""Dubai International Airport""]"
5a73b55855429978a71e9086,linucb,3,London Heathrow Airport,Gatwick Airport,0.0,0.4,0.3333333333333333,0.5,488,6,0.00010240000000000001,"[""Croydon Airport"", ""Dubai International Airport"", ""Coimbatore International Airport""]"
5a73b55855429978a71e9086,linucb,5,London Heathrow Airport,Gatwick Airport,0.0,0.4,0.3333333333333333,0.5,831,6,0.00017100000000000004,"[""Croydon Airport"", ""Dubai International Airport"", ""Coimbatore International Airport"", ""Athens International Airport"", ""Chennai International Airport""]"
5ae80919554299540e5a56f6,linucb,2,Abergairn Castle,The Changing Scottish Landscape,0.0,0.0,0.0,0.0,250,14,6.12e-05,"[""Isabella Kelly"", ""Abergairn Castle""]"
5ae80919554299540e5a56f6,linucb,3,The Changing Scottish Landscape,The Changing Scottish Landscape,1.0,1.0,1.0,1.0,363,7,7.82e-05,"[""Isabella Kelly"", ""Abergairn Castle"", ""Cairnburgh Castle""]"
5ae80919554299540e5a56f6,linucb,5,The Changing Scottish Landscape,The Changing Scottish Landscape,1.0,1.0,1.0,1.0,663,7,0.0001382,"[""Isabella Kelly"", ""Abergairn Castle"", ""Cairnburgh Castle"", ""Inch Castle"", ""Clun Castle""]"
5ae361605542994393b9e69b,linucb,2,submarine escape training tank,"""Home of the Submarine Force""",0.0,0.25,0.25,0.25,283,8,6.3e-05,"[""Robert Croft (diver)"", ""RAF Croft""]"
5ae361605542994393b9e69b,linucb,3,submarine school,"""Home of the Submarine Force""",0.0,0.3333333333333333,0.5,0.25,408,6,8.64e-05,"[""Robert Croft (diver)"", ""RAF Croft"", ""Music Instructor""]"
5ae361605542994393b9e69b,linucb,5,submarine school,"""Home of the Submarine Force""",0.0,0.3333333333333333,0.5,0.25,556,6,0.000116,"[""Robert Croft (diver)"", ""RAF Croft"", ""Music Instructor"", ""Lara Croft: Tomb Raider"", ""Naval Submarine Base New London""]"
5ac3a76e554299741d48a2be,linucb,2,U2,U2,1.0,1.0,1.0,1.0,372,5,7.840000000000001e-05,"[""With or Without You"", ""The Fly (song)""]"
5ac3a76e554299741d48a2be,linucb,3,U2,U2,1.0,1.0,1.0,1.0,464,5,9.680000000000001e-05,"[""With or Without You"", ""The Fly (song)"", ""Heartbeat (The Fray song)""]"
5ac3a76e554299741d48a2be,linucb,5,U2,U2,1.0,1.0,1.0,1.0,693,5,0.00014259999999999997,"[""With or Without You"", ""The Fly (song)"", ""Heartbeat (The Fray song)"", ""Believe (Jai McDowall album)"", ""Jai Ho! (You Are My Destiny)""]"
5a7557d75542992d0ec05f68,linucb,2,Laurie Metcalf,Laurie Metcalf,1.0,1.0,1.0,1.0,449,8,9.620000000000002e-05,"[""Scream 2"", ""Scream (franchise)""]"
5a7557d75542992d0ec05f68,linucb,3,Laurie Metcalf,Laurie Metcalf,1.0,1.0,1.0,1.0,494,8,0.00010520000000000002,"[""Scream 2"", ""Scream (franchise)"", ""Scream 2 (Markus Schulz album)""]"
5a7557d75542992d0ec05f68,linucb,5,Laurie Metcalf,Laurie Metcalf,1.0,1.0,1.0,1.0,727,8,0.0001518,"[""Scream 2"", ""Scream (franchise)"", ""Scream 2 (Markus Schulz album)"", ""List of Scream characters"", ""Bobby Gaylor""]"
5a8d12ca5542994ba4e3dbe2,linucb,2,Galt,"Nairobi, Kenya",0.0,0.0,0.0,0.0,305,5,6.5e-05,"[""Fastjet Tanzania"", ""Goldie &amp; McCulloch""]"
5a8d12ca5542994ba4e3dbe2,linucb,3,Galt,"Nairobi, Kenya",0.0,0.0,0.0,0.0,390,5,8.2e-05,"[""Fastjet Tanzania"", ""Goldie &amp; McCulloch"", ""Christian Brothers College, St Kilda""]"
5a8d12ca5542994ba4e3dbe2,linucb,5,Nairobi,"Nairobi, Kenya",0.0,0.6666666666666666,1.0,0.5,551,5,0.00011420000000000001,"[""Fastjet Tanzania"", ""Goldie &amp; McCulloch"", ""Christian Brothers College, St Kilda"", ""Genius (website)"", ""Fly540""]"
5ab7f6d35542993667794070,linucb,2,The Sound Projector,Cyclic Defrost,0.0,0.0,0.0,0.0,507,7,0.00010700000000000001,"[""Experimental hip hop"", ""Hip hop""]"
5ab7f6d35542993667794070,linucb,3,The Wire,Cyclic Defrost,0.0,0.0,0.0,0.0,608,5,0.00012560000000000002,"[""Experimental hip hop"", ""Hip hop"", ""List of sound artists""]"
5ab7f6d35542993667794070,linucb,5,The Wire,Cyclic Defrost,0.0,0.0,0.0,0.0,827,5,0.0001694,"[""Experimental hip hop"", ""Hip hop"", ""List of sound artists"", ""And/oar"", ""Petri Kuljuntausta""]"
5ac3d9135542995c82c4ac4c,linucb,2,Nelson,729 at the 2010 census,0.0,0.0,0.0,0.0,368,5,7.760000000000002e-05,"[""Munsonville, New Hampshire"", ""Sullivan's Corner Historic District""]"
5ac3d9135542995c82c4ac4c,linucb,3,729,729 at the 2010 census,0.0,0.4,1.0,0.25,411,4,8.54e-05,"[""Munsonville, New Hampshire"", ""Sullivan's Corner Historic District"", ""Nelson, New Hampshire""]"
5ac3d9135542995c82c4ac4c,linucb,5,729,729 at the 2010 census,0.0,0.4,1.0,0.25,547,4,0.0001126,"[""Munsonville, New Hampshire"", ""Sullivan's Corner Historic District"", ""Nelson, New Hampshire"", ""Buchanan Township, Atchison County, Missouri"", ""Dade County, Georgia""]"
5ae129115542990adbacf722,linucb,2,Francis McPeake,Francis McPeake,1.0,1.0,1.0,1.0,354,8,7.72e-05,"[""A Pair of Brown Eyes"", ""Brown Eyes (song)""]"
5ae129115542990adbacf722,linucb,3,Francis McPeake,Francis McPeake,1.0,1.0,1.0,1.0,575,8,0.00012140000000000001,"[""A Pair of Brown Eyes"", ""Brown Eyes (song)"", ""Wild Mountain Thyme""]"
5ae129115542990adbacf722,linucb,5,Francis McPeake,Francis McPeake,1.0,1.0,1.0,1.0,692,8,0.0001448,"[""A Pair of Brown Eyes"", ""Brown Eyes (song)"", ""Wild Mountain Thyme"", ""Brown Eyes (band)"", ""Beautiful Brown Eyes""]"
5a86769c5542994775f60776,linucb,2,The Magic Christian,Slaughterhouse-Five,0.0,0.0,0.0,0.0,401,6,8.499999999999999e-05,"[""Armageddon in Retrospect"", ""The Magic Christian (novel)""]"
5a86769c5542994775f60776,linucb,3,The Magic Christian,Slaughterhouse-Five,0.0,0.0,0.0,0.0,549,6,0.00011460000000000001,"[""Armageddon in Retrospect"", ""The Magic Christian (novel)"", ""Little Big Man (novel)""]"
5a86769c5542994775f60776,linucb,5,Slaughterhouse-Five,Slaughterhouse-Five,1.0,1.0,1.0,1.0,701,8,0.0001466,"[""Armageddon in Retrospect"", ""The Magic Christian (novel)"", ""Little Big Man (novel)"", ""Hugh Gallagher (humorist)"", ""Kurt Vonnegut""]"
5ab31864554299233954ff06,linucb,2,Sarod,strings,0.0,0.0,0.0,0.0,329,5,6.98e-05,"[""Apratim Majumdar"", ""Experimental musical instrument""]"
5ab31864554299233954ff06,linucb,3,Sarod,strings,0.0,0.0,0.0,0.0,393,5,8.260000000000002e-05,"[""Apratim Majumdar"", ""Experimental musical instrument"", ""Chander Bari""]"
5ab31864554299233954ff06,linucb,5,Sarod,strings,0.0,0.0,0.0,0.0,618,5,0.00012759999999999998,"[""Apratim Majumdar"", ""Experimental musical instrument"", ""Chander Bari"", ""Asset classes"", ""Udaka vadya""]"
5a7b1023554299042af8f6c2,linucb,2,Ride a Wild Pony,Ride a Wild Pony,1.0,1.0,1.0,1.0,247,7,5.500000000000001e-05,"[""Ride a Wild Pony"", ""The Many Adventures of Winnie the Pooh""]"
5a7b1023554299042af8f6c2,linucb,3,Ride a Wild Pony,Ride a Wild Pony,1.0,1.0,1.0,1.0,375,7,8.06e-05,"[""Ride a Wild Pony"", ""The Many Adventures of Winnie the Pooh"", ""The Wild Pony""]"
5a7b1023554299042af8f6c2,linucb,5,Ride a Wild Pony,Ride a Wild Pony,1.0,1.0,1.0,1.0,738,7,0.00015319999999999998,"[""Ride a Wild Pony"", ""The Many Adventures of Winnie the Pooh"", ""The Wild Pony"", ""Winnie the Pooh (song)"", ""Pony Penning""]"
5ac19f405542991316484b5b,linucb,2,dogs,dogs,1.0,1.0,1.0,1.0,277,4,5.860000000000001e-05,"[""Berger Blanc Suisse"", ""Pandikona""]"
5ac19f405542991316484b5b,linucb,3,dogs,dogs,1.0,1.0,1.0,1.0,345,4,7.219999999999999e-05,"[""Berger Blanc Suisse"", ""Pandikona"", ""Progression of Animals""]"
5ac19f405542991316484b5b,linucb,5,dogs,dogs,1.0,1.0,1.0,1.0,611,4,0.0001254,"[""Berger Blanc Suisse"", ""Pandikona"", ""Progression of Animals"", ""Ticks of domestic animals"", ""Piranha: Wolf In The Water""]"
5ae382ee5542992e3233c430,linucb,2,political realism,Modern thinkers associated with classical realism are Carl von Clausewitz,0.0,0.16666666666666669,0.5,0.1,240,6,5.28e-05,"[""Carl von Clausewitz"", ""Panzer Division Clausewitz""]"
5ae382ee5542992e3233c430,linucb,3,political realism,Modern thinkers associated with classical realism are Carl von Clausewitz,0.0,0.16666666666666669,0.5,0.1,368,6,7.840000000000001e-05,"[""Carl von Clausewitz"", ""Panzer Division Clausewitz"", ""Battle of Wavre""]"
5ae382ee5542992e3233c430,linucb,5,Classical realism,Modern thinkers associated with classical realism are Carl von Clausewitz,0.0,0.33333333333333337,1.0,0.2,621,6,0.00012900000000000002,"[""Carl von Clausewitz"", ""Panzer Division Clausewitz"", ""Battle of Wavre"", ""Classical realism (international relations)"", ""War from the Ground Up""]"
5adcdf455542994ed6169c11,linucb,2,RAF,Royal Air Force,0.0,0.0,0.0,0.0,298,4,6.28e-05,"[""Hawker Hurricane"", ""No. 1455 Flight RAF""]"
5adcdf455542994ed6169c11,linucb,3,Royal Air Force,Royal Air Force,1.0,1.0,1.0,1.0,354,6,7.56e-05,"[""Hawker Hurricane"", ""No. 1455 Flight RAF"", ""Sindlinger Hawker Hurricane""]"
5adcdf455542994ed6169c11,linucb,5,Royal Air Force,Royal Air Force,1.0,1.0,1.0,1.0,511,6,0.000107,"[""Hawker Hurricane"", ""No. 1455 Flight RAF"", ""Sindlinger Hawker Hurricane"", ""Hawker Typhoon"", ""Hawker Tornado""]"
5ac35a7e554299741d48a257,linucb,2,Norwegian,Norwegian language,0.0,0.6666666666666666,1.0,0.5,316,5,6.720000000000001e-05,"[""Torstein Ellingsen"", ""The Real Thing (Norwegian band)""]"
5ac35a7e554299741d48a257,linucb,3,noanswer,Norwegian language,0.0,0.0,0.0,0.0,533,5,0.0001106,"[""Torstein Ellingsen"", ""The Real Thing (Norwegian band)"", ""Unrecognized ethnic groups in China""]"
5ac35a7e554299741d48a257,linucb,5,Norwegian,Norwegian language,0.0,0.6666666666666666,1.0,0.5,680,5,0.00014,"[""Torstein Ellingsen"", ""The Real Thing (Norwegian band)"", ""Unrecognized ethnic groups in China"", ""Fezara people"", ""Norwegians""]"
5ab2659e554299340b5254b2,linucb,2,Parthian Empire,the Parthian Empire,1.0,1.0,1.0,1.0,308,7,6.720000000000001e-05,"[""Farrukhzad Khosrow V"", ""Sasanian Empire""]"
5ab2659e554299340b5254b2,linucb,3,Parthian Empire,the Parthian Empire,1.0,1.0,1.0,1.0,382,7,8.2e-05,"[""Farrukhzad Khosrow V"", ""Sasanian Empire"", ""Samo's Empire""]"
5ab2659e554299340b5254b2,linucb,5,Parthian Empire,the Parthian Empire,1.0,1.0,1.0,1.0,635,7,0.0001326,"[""Farrukhzad Khosrow V"", ""Sasanian Empire"", ""Samo's Empire"", ""Duchy of Thuringia"", ""Chach of Alor""]"
5adcbb815542994ed6169bde,linucb,2,Stone Brewing Co.,Stone Brewing,0.0,0.8,0.6666666666666666,1.0,322,13,7.48e-05,"[""Beer Wars"", ""List of breweries in California""]"
5adcbb815542994ed6169bde,linucb,3,Stone Brewing Co.,Stone Brewing,0.0,0.8,0.6666666666666666,1.0,484,7,0.00010240000000000001,"[""Beer Wars"", ""List of breweries in California"", ""Beer in South Korea""]"
5adcbb815542994ed6169bde,linucb,5,Stone Brewing Co.,Stone Brewing,0.0,0.8,0.6666666666666666,1.0,639,7,0.00013340000000000002,"[""Beer Wars"", ""List of breweries in California"", ""Beer in South Korea"", ""List of breweries and wineries in South Dakota"", ""Namibia Breweries Limited""]"
5a74f8bd5542993748c8976a,linucb,2,Tim Cluess,Tim Cluess,1.0,1.0,1.0,1.0,426,7,9.08e-05,"[""2010\u201311 Iona Gaels men's basketball team"", ""2015\u201316 Iona Gaels men's basketball team""]"
5a74f8bd5542993748c8976a,linucb,3,Tim Cluess,Tim Cluess,1.0,1.0,1.0,1.0,583,7,0.00012220000000000002,"[""2010\u201311 Iona Gaels men's basketball team"", ""2015\u201316 Iona Gaels men's basketball team"", ""2013\u201314 Iona Gaels men's basketball team""]"
5a74f8bd5542993748c8976a,linucb,5,Tim Cluess,Tim Cluess,1.0,1.0,1.0,1.0,888,7,0.00018320000000000003,"[""2010\u201311 Iona Gaels men's basketball team"", ""2015\u201316 Iona Gaels men's basketball team"", ""2013\u201314 Iona Gaels men's basketball team"", ""2012\u201313 Iona Gaels men's basketball team"", ""2016\u201317 Iona Gaels men's basketball team""]"
5ade25ed5542997c77aded70,linucb,2,Cold War,the Cold War (1947–91),0.0,0.8,1.0,0.6666666666666666,507,5,0.00010540000000000001,"[""Russia\u2013United Kingdom relations"", ""Nicholas II of Russia""]"
5ade25ed5542997c77aded70,linucb,3,World War I,the Cold War (1947–91),0.0,0.3333333333333333,0.3333333333333333,0.3333333333333333,592,6,0.0001232,"[""Russia\u2013United Kingdom relations"", ""Nicholas II of Russia"", ""Grand Duke Vladimir Alexandrovich of Russia""]"
5ade25ed5542997c77aded70,linucb,5,World War I,the Cold War (1947–91),0.0,0.3333333333333333,0.3333333333333333,0.3333333333333333,866,6,0.00017800000000000002,"[""Russia\u2013United Kingdom relations"", ""Nicholas II of Russia"", ""Grand Duke Vladimir Alexandrovich of Russia"", ""Grand Duke Sergei Alexandrovich of Russia"", ""Grand Duke Alexander Alexandrovich of Russia""]"
5a78ae8b5542990784727730,linucb,2,noanswer,about 115 miles (185 km),0.0,0.0,0.0,0.0,425,5,8.900000000000001e-05,"[""ATP Flight School"", ""Jeremiah Atwater""]"
5a78ae8b5542990784727730,linucb,3,"Atwater, California",about 115 miles (185 km),0.0,0.0,0.0,0.0,589,7,0.00012340000000000002,"[""ATP Flight School"", ""Jeremiah Atwater"", ""American Flyers (flight school)""]"
5a78ae8b5542990784727730,linucb,5,100 miles,about 115 miles (185 km),0.0,0.28571428571428575,0.5,0.2,788,5,0.00016160000000000002,"[""ATP Flight School"", ""Jeremiah Atwater"", ""American Flyers (flight school)"", ""American Airlines Flight 157"", ""Huffman Aviation""]"
5ae12a4b55429920d52342df,linucb,2,Pul-i-Alam,Puli Alam,0.0,0.0,0.0,0.0,326,7,7.08e-05,"[""Baraki Barak"", ""Baraki Barak District""]"
5ae12a4b55429920d52342df,linucb,3,Pul-i-Alam,Puli Alam,0.0,0.0,0.0,0.0,401,7,8.58e-05,"[""Baraki Barak"", ""Baraki Barak District"", ""Baraki Barak airstrike""]"
5ae12a4b55429920d52342df,linucb,5,Puli Alam,Puli Alam,1.0,1.0,1.0,1.0,594,6,0.00012360000000000002,"[""Baraki Barak"", ""Baraki Barak District"", ""Baraki Barak airstrike"", ""Logar Province"", ""Baraki Rajan""]"
5ae22eae554299495565da30,linucb,2,noanswer,310,0.0,0.0,0.0,0.0,228,5,4.9600000000000006e-05,"[""Black Crescent Mountain"", ""Crescent Range""]"
5ae22eae554299495565da30,linucb,3,noanswer,310,0.0,0.0,0.0,0.0,365,5,7.7e-05,"[""Black Crescent Mountain"", ""Crescent Range"", ""Mount Crescent""]"
5ae22eae554299495565da30,linucb,5,13400,310,0.0,0.0,0.0,0.0,528,5,0.00010960000000000001,"[""Black Crescent Mountain"", ""Crescent Range"", ""Mount Crescent"", ""Crescent Mills, California"", ""Orange Walk Town""]"
5ab6aa4c55429953192ad359,linucb,2,Kitty Hawk,"""Kitty Hawk""",1.0,1.0,1.0,1.0,372,6,7.92e-05,"[""Moon tree"", ""Moon Machines""]"
5ab6aa4c55429953192ad359,linucb,3,Apollo 14,"""Kitty Hawk""",0.0,0.0,0.0,0.0,485,6,0.0001018,"[""Moon tree"", ""Moon Machines"", ""AS-201""]"
5ab6aa4c55429953192ad359,linucb,5,Kitty Hawk,"""Kitty Hawk""",1.0,1.0,1.0,1.0,767,12,0.000163,"[""Moon tree"", ""Moon Machines"", ""AS-201"", ""Apollo 16"", ""Apollo (spacecraft)""]"
5adf3e835542993a75d26442,linucb,2,Nick Fury (2017 comic book),Marvel,0.0,0.0,0.0,0.0,343,11,7.740000000000001e-05,"[""Ultimate Nick Fury"", ""Nick Fury (2017 comic book)""]"
5adf3e835542993a75d26442,linucb,3,Nick Fury (2017 comic book),Marvel,0.0,0.0,0.0,0.0,382,11,8.52e-05,"[""Ultimate Nick Fury"", ""Nick Fury (2017 comic book)"", ""List of Nick Fury comics""]"
5adf3e835542993a75d26442,linucb,5,Nick Fury vs. S.H.I.E.L.D.,Marvel,0.0,0.0,0.0,0.0,613,14,0.0001338,"[""Ultimate Nick Fury"", ""Nick Fury (2017 comic book)"", ""List of Nick Fury comics"", ""Wolverine/Nick Fury: The Scorpio Connection"", ""Nick Fury vs. S.H.I.E.L.D.""]"
5a8ee3a755429917b4a5be02,linucb,2,Bing Crosby,"Harry Lillis ""Bing"" Crosby Jr.",0.0,0.5714285714285715,1.0,0.4,317,6,6.82e-05,"[""College Humor (film)"", ""Sitting Pretty (1933 film)""]"
5a8ee3a755429917b4a5be02,linucb,3,Bing Crosby,"Harry Lillis ""Bing"" Crosby Jr.",0.0,0.5714285714285715,1.0,0.4,458,6,9.64e-05,"[""College Humor (film)"", ""Sitting Pretty (1933 film)"", ""International House (1933 film)""]"
5a8ee3a755429917b4a5be02,linucb,5,Bing Crosby,"Harry Lillis ""Bing"" Crosby Jr.",0.0,0.5714285714285715,1.0,0.4,529,6,0.0001106,"[""College Humor (film)"", ""Sitting Pretty (1933 film)"", ""International House (1933 film)"", ""Melody Cruise (film)"", ""Hallelujah, I'm a Bum (film)""]"
5ac0dcf25542996f0d89cc2c,linucb,2,noanswer,Jane Mayer,0.0,0.0,0.0,0.0,377,5,7.94e-05,"[""Koch family"", ""Koch family foundations""]"
5ac0dcf25542996f0d89cc2c,linucb,3,David Koch,Jane Mayer,0.0,0.0,0.0,0.0,543,5,0.00011260000000000001,"[""Koch family"", ""Koch family foundations"", ""David Koch""]"
5ac0dcf25542996f0d89cc2c,linucb,5,Jane Mayer,Jane Mayer,1.0,1.0,1.0,1.0,779,5,0.0001598,"[""Koch family"", ""Koch family foundations"", ""David Koch"", ""Fred C. Koch"", ""Dark Money (book)""]"
5a7e618155429949594199b0,linucb,2,Albany County,Albany,0.0,0.6666666666666666,0.5,1.0,476,6,9.999999999999999e-05,"[""New York State Route 9R"", ""New York State Route 9N""]"
5a7e618155429949594199b0,linucb,3,Albany County,Albany,0.0,0.6666666666666666,0.5,1.0,631,6,0.000131,"[""New York State Route 9R"", ""New York State Route 9N"", ""New York State Route 157A""]"
5a7e618155429949594199b0,linucb,5,Albany County,Albany,0.0,0.6666666666666666,0.5,1.0,980,6,0.0002008,"[""New York State Route 9R"", ""New York State Route 9N"", ""New York State Route 157A"", ""New York State Route 418"", ""New York State Route 9B""]"
5ab916e155429919ba4e23a4,linucb,2,Sinan Tuzcu,Chiwetel Ejiofor,0.0,0.0,0.0,0.0,251,7,5.58e-05,"[""12 Years a Slave (score)"", ""Sinan Tuzcu""]"
5ab916e155429919ba4e23a4,linucb,3,noanswer,Chiwetel Ejiofor,0.0,0.0,0.0,0.0,291,5,6.220000000000001e-05,"[""12 Years a Slave (score)"", ""Sinan Tuzcu"", ""Jamba (footballer)""]"
5ab916e155429919ba4e23a4,linucb,5,Benedict Cumberbatch,Chiwetel Ejiofor,0.0,0.0,0.0,0.0,388,9,8.48e-05,"[""12 Years a Slave (score)"", ""Sinan Tuzcu"", ""Jamba (footballer)"", ""Levan Kobiashvili"", ""Jos\u00e9 Marcos Garay""]"
5a713b325542994082a3e6b5,linucb,2,Agra,Agra,1.0,1.0,1.0,1.0,337,5,7.140000000000001e-05,"[""Taj Mahal"", ""Black Taj Mahal""]"
5a713b325542994082a3e6b5,linucb,3,Agra,Agra,1.0,1.0,1.0,1.0,454,5,9.480000000000001e-05,"[""Taj Mahal"", ""Black Taj Mahal"", ""Taj Mahal, Bulandshahar""]"
5a713b325542994082a3e6b5,linucb,5,noanswer,Agra,0.0,0.0,0.0,0.0,726,5,0.0001492,"[""Taj Mahal"", ""Black Taj Mahal"", ""Taj Mahal, Bulandshahar"", ""Taj Mahal Bangladesh"", ""The Taj Mahal Palace Hotel""]"
5a87c13f5542996e4f30890c,linucb,2,Lucca,Rome,0.0,0.0,0.0,0.0,262,11,6.120000000000001e-05,"[""Festival Puccini"", ""Jacopo Puccini""]"
5a87c13f5542996e4f30890c,linucb,3,Rome,Rome,1.0,1.0,1.0,1.0,332,4,6.96e-05,"[""Festival Puccini"", ""Jacopo Puccini"", ""Tosca (1956 film)""]"
5a87c13f5542996e4f30890c,linucb,5,Rome,Rome,1.0,1.0,1.0,1.0,531,4,0.0001094,"[""Festival Puccini"", ""Jacopo Puccini"", ""Tosca (1956 film)"", ""La Boh\u00e8me (1988 film)"", ""Cesira Ferrani""]"
5a8843cd5542994846c1ce75,linucb,2,Mwabvi river,Buffalo,0.0,0.0,0.0,0.0,385,7,8.26e-05,"[""Mwabvi Wildlife Reserve"", ""Katonga Wildlife Reserve""]"
5a8843cd5542994846c1ce75,linucb,3,Mwabvi river,Buffalo,0.0,0.0,0.0,0.0,466,7,9.88e-05,"[""Mwabvi Wildlife Reserve"", ""Katonga Wildlife Reserve"", ""Mastigouche Wildlife Reserve""]"
5a8843cd5542994846c1ce75,linucb,5,Mwabvi river,Buffalo,0.0,0.0,0.0,0.0,662,7,0.000138,"[""Mwabvi Wildlife Reserve"", ""Katonga Wildlife Reserve"", ""Mastigouche Wildlife Reserve"", ""Krau Wildlife Reserve"", ""Ferlo Sud Wildlife Reserve""]"
5ab90d8955429916710eb0f1,linucb,2,Smoothie King Center,Smoothie King Center,1.0,1.0,1.0,1.0,275,7,6.06e-05,"[""Jalen Jones"", ""Washington NBA G League team""]"
5ab90d8955429916710eb0f1,linucb,3,Smoothie King Center,Smoothie King Center,1.0,1.0,1.0,1.0,441,7,9.38e-05,"[""Jalen Jones"", ""Washington NBA G League team"", ""Marquette Golden Eagles men's basketball""]"
5ab90d8955429916710eb0f1,linucb,5,Smoothie King Center,Smoothie King Center,1.0,1.0,1.0,1.0,593,7,0.0001242,"[""Jalen Jones"", ""Washington NBA G League team"", ""Marquette Golden Eagles men's basketball"", ""New Orleans Pelicans"", ""Long Island Nets""]"
5ae788fa55429952e35ea964,linucb,2,jam band sound,extensive use of segues,0.0,0.0,0.0,0.0,217,6,4.8200000000000006e-05,"[""Blues Traveler (album)"", ""On Tour Forever""]"
5ae788fa55429952e35ea964,linucb,3,jam band sound,extensive use of segues,0.0,0.0,0.0,0.0,314,6,6.76e-05,"[""Blues Traveler (album)"", ""On Tour Forever"", ""Blues Traveler""]"
5ae788fa55429952e35ea964,linucb,5,jam band sound,extensive use of segues,0.0,0.0,0.0,0.0,432,6,9.12e-05,"[""Blues Traveler (album)"", ""On Tour Forever"", ""Blues Traveler"", ""Bridge (Blues Traveler album)"", ""Travelogue: Blues Traveler Classics""]"
5ae1925a554299492dc91b48,linucb,2,noanswer,Charlotte Carnegie,0.0,0.0,0.0,0.0,273,11,6.34e-05,"[""Crayke Castle"", ""Megginch Castle""]"
5ae1925a554299492dc91b48,linucb,3,Lady Strange,Charlotte Carnegie,0.0,0.0,0.0,0.0,369,5,7.78e-05,"[""Crayke Castle"", ""Megginch Castle"", ""Hayashi Castle""]"
5ae1925a554299492dc91b48,linucb,5,noanswer,Charlotte Carnegie,0.0,0.0,0.0,0.0,554,5,0.00011480000000000001,"[""Crayke Castle"", ""Megginch Castle"", ""Hayashi Castle"", ""Leskovec Castle"", ""Dundas Castle""]"
5ae1443855429920d5234362,linucb,2,Battle of Berlin,World War II,0.0,0.0,0.0,0.0,350,6,7.479999999999999e-05,"[""Alexander Nikolayev"", ""List of Azerbaijani Heroes of the Soviet Union""]"
5ae1443855429920d5234362,linucb,3,World War II,World War II,1.0,1.0,1.0,1.0,387,6,8.22e-05,"[""Alexander Nikolayev"", ""List of Azerbaijani Heroes of the Soviet Union"", ""Battle of Berlin""]"
5ae1443855429920d5234362,linucb,5,World War II,World War II,1.0,1.0,1.0,1.0,580,6,0.0001208,"[""Alexander Nikolayev"", ""List of Azerbaijani Heroes of the Soviet Union"", ""Battle of Berlin"", ""Mikhail Linnik"", ""Vladimir Fedorovich Vladimirov""]"
5ac54c435542993e66e822d1,linucb,2,Oklahoma State,Oklahoma State University,0.0,0.8,1.0,0.6666666666666666,322,6,6.92e-05,"[""Cale Gundy"", ""Mike Gundy""]"
5ac54c435542993e66e822d1,linucb,3,Oklahoma State,Oklahoma State University,0.0,0.8,1.0,0.6666666666666666,483,6,0.0001014,"[""Cale Gundy"", ""Mike Gundy"", ""Bob Adams (American football)""]"
5ac54c435542993e66e822d1,linucb,5,Oklahoma State,Oklahoma State University,0.0,0.8,1.0,0.6666666666666666,699,6,0.00014460000000000002,"[""Cale Gundy"", ""Mike Gundy"", ""Bob Adams (American football)"", ""Mariam Stepanyan"", ""Chris Rubio""]"
5a7a77425542995eb53be83e,linucb,2,Brady Seals,Brady Seals,1.0,1.0,1.0,1.0,407,13,9.18e-05,"[""Brady Seals"", ""Brady Seals (album)""]"
5a7a77425542995eb53be83e,linucb,3,Nick Carter,Brady Seals,0.0,0.0,0.0,0.0,575,5,0.000119,"[""Brady Seals"", ""Brady Seals (album)"", ""Nick Carter (musician)""]"
5a7a77425542995eb53be83e,linucb,5,Brady Seals,Brady Seals,1.0,1.0,1.0,1.0,741,7,0.00015380000000000003,"[""Brady Seals"", ""Brady Seals (album)"", ""Nick Carter (musician)"", ""Nick Carter, Master Detective"", ""Nick Carter and Red Club""]"
5a7153d05542994082a3e7dc,linucb,2,Nusretiye Mosque,Nusretiye Mosque,1.0,1.0,1.0,1.0,266,8,5.9600000000000005e-05,"[""Bayezid II Mosque"", ""Nusretiye Mosque""]"
5a7153d05542994082a3e7dc,linucb,3,Nusretiye Mosque,Nusretiye Mosque,1.0,1.0,1.0,1.0,335,8,7.340000000000001e-05,"[""Bayezid II Mosque"", ""Nusretiye Mosque"", ""Bayezid II Mosque (Amasya)""]"
5a7153d05542994082a3e7dc,linucb,5,Nusretiye Mosque,Nusretiye Mosque,1.0,1.0,1.0,1.0,636,8,0.0001336,"[""Bayezid II Mosque"", ""Nusretiye Mosque"", ""Bayezid II Mosque (Amasya)"", ""Hassan II Mosque"", ""King Mosque, Berat""]"
5ae361805542992e3233c3c9,linucb,2,Southwestern Oklahoma State University,Georgetown University,0.0,0.3333333333333333,0.25,0.5,519,8,0.00011020000000000002,"[""Detroit Pistons"", ""2005\u201306 Detroit Pistons season""]"
5ae361805542992e3233c3c9,linucb,3,Southeastern Oklahoma State University,Georgetown University,0.0,0.3333333333333333,0.25,0.5,598,15,0.0001316,"[""Detroit Pistons"", ""2005\u201306 Detroit Pistons season"", ""Dennis Rodman""]"
5ae361805542992e3233c3c9,linucb,5,Georgetown University,Georgetown University,1.0,1.0,1.0,1.0,828,6,0.00017040000000000002,"[""Detroit Pistons"", ""2005\u201306 Detroit Pistons season"", ""Dennis Rodman"", ""Reggie Harding"", ""Greg Monroe""]"
5a72688c5542997f827839b2,linucb,2,Turkey,Turkey,1.0,1.0,1.0,1.0,328,4,6.88e-05,"[""Atik Valide Mosque"", ""Valens Aqueduct""]"
5a72688c5542997f827839b2,linucb,3,Turkey,Turkey,1.0,1.0,1.0,1.0,373,4,7.780000000000001e-05,"[""Atik Valide Mosque"", ""Valens Aqueduct"", ""Yeni Valide Mosque""]"
5a72688c5542997f827839b2,linucb,5,Turkey,Turkey,1.0,1.0,1.0,1.0,564,4,0.00011600000000000001,"[""Atik Valide Mosque"", ""Valens Aqueduct"", ""Yeni Valide Mosque"", ""Atik Ali Pasha Mosque"", ""Pertevniyal Valide Sultan Mosque""]"
5a7ce0ce554299452d57ba92,linucb,2,William McKinley,William McKinley,1.0,1.0,1.0,1.0,308,7,6.720000000000001e-05,"[""Temple of Music"", ""Pan-American Exposition""]"
5a7ce0ce554299452d57ba92,linucb,3,William McKinley,William McKinley,1.0,1.0,1.0,1.0,413,7,8.82e-05,"[""Temple of Music"", ""Pan-American Exposition"", ""Put Me Off at Buffalo""]"
5a7ce0ce554299452d57ba92,linucb,5,William McKinley,William McKinley,1.0,1.0,1.0,1.0,764,7,0.0001584,"[""Temple of Music"", ""Pan-American Exposition"", ""Put Me Off at Buffalo"", ""1901 State of the Union Address"", ""Assassination of William McKinley""]"
5a83411655429966c78a6b5d,linucb,2,Justin Spitzer,Justin Spitzer,1.0,1.0,1.0,1.0,349,6,7.46e-05,"[""Johnny Pemberton"", ""Lea Thompson""]"
5a83411655429966c78a6b5d,linucb,3,noanswer,Justin Spitzer,0.0,0.0,0.0,0.0,625,5,0.000129,"[""Johnny Pemberton"", ""Lea Thompson"", ""Bo Brady""]"
5a83411655429966c78a6b5d,linucb,5,noanswer,Justin Spitzer,0.0,0.0,0.0,0.0,767,5,0.0001574,"[""Johnny Pemberton"", ""Lea Thompson"", ""Bo Brady"", ""Fred G. Sanford"", ""Son of Zorn""]"
5a877dd65542993e715abf79,linucb,2,no,no,1.0,1.0,1.0,1.0,420,4,8.719999999999999e-05,"[""Halld\u00f3r Laxness"", ""Timothy Leary""]"
5a877dd65542993e715abf79,linucb,3,no,no,1.0,1.0,1.0,1.0,451,4,9.34e-05,"[""Halld\u00f3r Laxness"", ""Timothy Leary"", ""Halld\u00f3r Laxness (album)""]"
5a877dd65542993e715abf79,linucb,5,no,no,1.0,1.0,1.0,1.0,596,4,0.0001224,"[""Halld\u00f3r Laxness"", ""Timothy Leary"", ""Halld\u00f3r Laxness (album)"", ""Memoir of Halld\u00f3r Laxness"", ""Au\u00f0ur Laxness""]"
5ab6087a554299110f2199be,linucb,2,yes,yes,1.0,1.0,1.0,1.0,255,10,5.9e-05,"[""Chaplinsky v. New Hampshire"", ""Korematsu v. United States""]"
5ab6087a554299110f2199be,linucb,3,no,yes,0.0,0.0,0.0,0.0,505,4,0.0001042,"[""Chaplinsky v. New Hampshire"", ""Korematsu v. United States"", ""Freedom of movement under United States law""]"
5ab6087a554299110f2199be,linucb,5,no,yes,0.0,0.0,0.0,0.0,772,4,0.0001576,"[""Chaplinsky v. New Hampshire"", ""Korematsu v. United States"", ""Freedom of movement under United States law"", ""Duncan v. Kahanamoku"", ""UC Berkeley School of Law""]"
5adbd70c55429947ff173843,linucb,2,Personal History,Personal History,1.0,1.0,1.0,1.0,244,5,5.280000000000001e-05,"[""Black and White Ball"", ""Buddleja 'White Ball'""]"
5adbd70c55429947ff173843,linucb,3,"Answered by Truman Capote to honor Katharine Graham? Wait question asks memoir written by the honoree of the Black and White Ball. Honoree is Katharine Graham. Memoir by Katharine Graham is ""Personal History"".",Personal History,0.0,0.12121212121212122,0.06451612903225806,1.0,322,48,0.0001028,"[""Black and White Ball"", ""Buddleja 'White Ball'"", ""Golf (1984 video game)""]"
5adbd70c55429947ff173843,linucb,5,Personal History,Personal History,1.0,1.0,1.0,1.0,482,5,0.00010040000000000001,"[""Black and White Ball"", ""Buddleja 'White Ball'"", ""Golf (1984 video game)"", ""1956 NFL season"", ""Katharine Graham""]"
5a7796e05542992a6e59df0f,linucb,2,the Netherlands,Netherlands,1.0,1.0,1.0,1.0,312,5,6.640000000000001e-05,"[""Huis Ten Bosch (train)"", ""Huis Ten Bosch (theme park)""]"
5a7796e05542992a6e59df0f,linucb,3,the Netherlands,Netherlands,1.0,1.0,1.0,1.0,347,5,7.340000000000001e-05,"[""Huis Ten Bosch (train)"", ""Huis Ten Bosch (theme park)"", ""Huis ten Bosch (disambiguation)""]"
5a7796e05542992a6e59df0f,linucb,5,Netherlands,Netherlands,1.0,1.0,1.0,1.0,483,5,0.0001006,"[""Huis Ten Bosch (train)"", ""Huis Ten Bosch (theme park)"", ""Huis ten Bosch (disambiguation)"", ""Huis Ten Bosch Station"", ""Huis ten Bosch palace""]"
5abc030e554299642a094bdc,linucb,2,1945-1951,1945 to 1951,0.0,0.0,0.0,0.0,312,8,6.880000000000002e-05,"[""Distribution of Industry Act 1950"", ""Industry Act 1975""]"
5abc030e554299642a094bdc,linucb,3,noanswer,1945 to 1951,0.0,0.0,0.0,0.0,428,11,9.44e-05,"[""Distribution of Industry Act 1950"", ""Industry Act 1975"", ""Deputy prime minister""]"
5abc030e554299642a094bdc,linucb,5,1945 to 1951,1945 to 1951,1.0,1.0,1.0,1.0,791,9,0.00016540000000000004,"[""Distribution of Industry Act 1950"", ""Industry Act 1975"", ""Deputy prime minister"", ""Prime Minister of Northern Ireland"", ""Reindeer Act""]"
5a7bb7f2554299042af8f7b6,linucb,2,gwai lo,Gweilo,0.0,0.0,0.0,0.0,205,6,4.58e-05,"[""Cantonese slang"", ""Ducking (slang)""]"
5a7bb7f2554299042af8f7b6,linucb,3,Gweilo,Gweilo,1.0,1.0,1.0,1.0,276,6,6e-05,"[""Cantonese slang"", ""Ducking (slang)"", ""Ghosts (2006 film)""]"
5a7bb7f2554299042af8f7b6,linucb,5,Gweilo,Gweilo,1.0,1.0,1.0,1.0,447,6,9.42e-05,"[""Cantonese slang"", ""Ducking (slang)"", ""Ghosts (2006 film)"", ""Dongo"", ""Gweilo""]"
5a8b3de95542997f31a41cc3,linucb,2,2024,Tian Tan Buddha,0.0,0.0,0.0,0.0,277,11,6.42e-05,"[""Po Lin Monastery"", ""Lenggu Monastery""]"
5a8b3de95542997f31a41cc3,linucb,3,1993,Tian Tan Buddha,0.0,0.0,0.0,0.0,406,5,8.520000000000001e-05,"[""Po Lin Monastery"", ""Lenggu Monastery"", ""Bagaya Monastery""]"
5a8b3de95542997f31a41cc3,linucb,5,1993,Tian Tan Buddha,0.0,0.0,0.0,0.0,752,5,0.00015439999999999999,"[""Po Lin Monastery"", ""Lenggu Monastery"", ""Bagaya Monastery"", ""Enchey Monastery"", ""Buddhism in Hong Kong""]"
5ab3bfd3554299233954ff99,linucb,2,Dirk Nowitzki,Dirk Werner Nowitzki,0.0,0.8,1.0,0.6666666666666666,806,8,0.0001676,"[""Nike Hoop Summit"", ""2010\u201311 Dallas Mavericks season""]"
5ab3bfd3554299233954ff99,linucb,3,Dirk Nowitzki,Dirk Werner Nowitzki,0.0,0.8,1.0,0.6666666666666666,973,8,0.000201,"[""Nike Hoop Summit"", ""2010\u201311 Dallas Mavericks season"", ""2011 NBA Finals""]"
5ab3bfd3554299233954ff99,linucb,5,Dirk Nowitzki,Dirk Werner Nowitzki,0.0,0.8,1.0,0.6666666666666666,1219,8,0.0002502,"[""Nike Hoop Summit"", ""2010\u201311 Dallas Mavericks season"", ""2011 NBA Finals"", ""1980 NBA Expansion Draft"", ""Seth Curry""]"
5ab9b7d555429970cfb8eb7a,linucb,2,Henry Lau,Henry Lau,1.0,1.0,1.0,1.0,322,11,7.32e-05,"[""Final Recipe"", ""Super Show""]"
5ab9b7d555429970cfb8eb7a,linucb,3,Henry Lau,Henry Lau,1.0,1.0,1.0,1.0,382,5,8.04e-05,"[""Final Recipe"", ""Super Show"", ""Lee Sung-min (singer)""]"
5ab6bf6d55429953192ad372,linucb,3,no,no,1.0,1.0,1.0,1.0,401,4,8.34e-05,"[""Phlebodium"", ""Pieris canidia"", ""Phlebodium aureum""]"
5ab6bf6d55429953192ad372,linucb,5,no,no,1.0,1.0,1.0,1.0,761,4,0.0001554,"[""Phlebodium"", ""Pieris canidia"", ""Phlebodium aureum"", ""Pieris floribunda"", ""Pieris (plant)""]"
5ae7cb9b5542994a481bbde2,linucb,2,Laʻanui,Kalokuokamaile,0.0,0.0,0.0,0.0,380,7,8.16e-05,"[""Franklin Seaver Pratt"", ""Ingerman, Count of Hesbaye""]"
5ae7cb9b5542994a481bbde2,linucb,3,noanswer,Kalokuokamaile,0.0,0.0,0.0,0.0,507,5,0.00010540000000000001,"[""Franklin Seaver Pratt"", ""Ingerman, Count of Hesbaye"", ""Thomas Howard, 2nd Duke of Norfolk""]"
5ae7cb9b5542994a481bbde2,linucb,5,Kalokuokamaile,Kalokuokamaile,1.0,1.0,1.0,1.0,776,8,0.0001616,"[""Franklin Seaver Pratt"", ""Ingerman, Count of Hesbaye"", ""Thomas Howard, 2nd Duke of Norfolk"", ""Death and state funeral of Gerald Ford"", ""Elizabeth Kekaaniau""]"
5ab1d6545542997061209588,linucb,2,12,Bocelli became completely blind at the age of 12,0.0,0.2222222222222222,1.0,0.125,323,10,7.260000000000002e-05,"[""Cieli di Toscana"", ""Giro di Toscana""]"
5ab1d6545542997061209588,linucb,3,noanswer,Bocelli became completely blind at the age of 12,0.0,0.0,0.0,0.0,392,5,8.240000000000001e-05,"[""Cieli di Toscana"", ""Giro di Toscana"", ""7th Infantry Division Lupi di Toscana""]"
5ab1d6545542997061209588,linucb,5,12,Bocelli became completely blind at the age of 12,0.0,0.2222222222222222,1.0,0.125,480,4,9.92e-05,"[""Cieli di Toscana"", ""Giro di Toscana"", ""7th Infantry Division Lupi di Toscana"", ""Tuscan Skies"", ""Andrea Bocelli""]"
5addcb215542997dc7907033,linucb,2,Naomi Campbell,Naomi Elaine Campbell,0.0,0.8,1.0,0.6666666666666666,703,6,0.0001454,"[""Nasty Girl (The Notorious B.I.G. song)"", ""Notorious (soundtrack)""]"
5addcb215542997dc7907033,linucb,3,Naomi Campbell,Naomi Elaine Campbell,0.0,0.8,1.0,0.6666666666666666,877,6,0.00018020000000000002,"[""Nasty Girl (The Notorious B.I.G. song)"", ""Notorious (soundtrack)"", ""Duets: The Final Chapter""]"
5addcb215542997dc7907033,linucb,5,Naomi Campbell,Naomi Elaine Campbell,0.0,0.8,1.0,0.6666666666666666,1226,6,0.00025,"[""Nasty Girl (The Notorious B.I.G. song)"", ""Notorious (soundtrack)"", ""Duets: The Final Chapter"", ""Victory (Puff Daddy song)"", ""Naomi Campbell""]"
5ae528ed5542993aec5ec16e,linucb,2,noanswer,Revengers Tragedy,0.0,0.0,0.0,0.0,268,11,6.24e-05,"[""Diana Quick"", ""The Honey Pot""]"
5ae528ed5542993aec5ec16e,linucb,3,noanswer,Revengers Tragedy,0.0,0.0,0.0,0.0,348,5,7.360000000000001e-05,"[""Diana Quick"", ""The Honey Pot"", ""King Lear (1916 film)""]"
5ae528ed5542993aec5ec16e,linucb,5,The Honey Pot,Revengers Tragedy,0.0,0.0,0.0,0.0,548,6,0.0001144,"[""Diana Quick"", ""The Honey Pot"", ""King Lear (1916 film)"", ""The Orchid House (TV serial)"", ""Where Sinners Meet""]"
5a8c7ced5542995e66a4761c,linucb,2,entertainment industry,entertainment,0.0,0.6666666666666666,0.5,1.0,267,7,5.9000000000000004e-05,"[""Josh Trank"", ""Mike Valerio""]"
5a8c7ced5542995e66a4761c,linucb,3,entertainment industry,entertainment,0.0,0.6666666666666666,0.5,1.0,346,7,7.48e-05,"[""Josh Trank"", ""Mike Valerio"", ""James Valerio""]"
5a8c7ced5542995e66a4761c,linucb,5,entertainment industry,entertainment,0.0,0.6666666666666666,0.5,1.0,651,7,0.00013580000000000002,"[""Josh Trank"", ""Mike Valerio"", ""James Valerio"", ""Valerio Spada"", ""Drake &amp; Josh""]"
5a72f74a55429901807daf59,linucb,2,Rosie O'Donnell,Rosie O'Donnell,1.0,1.0,1.0,1.0,385,8,8.340000000000001e-05,"[""Sleepless in Seattle"", ""List of Seattle Sounders FC 2 players""]"
5a72f74a55429901807daf59,linucb,3,Rosie O'Donnell,Rosie O'Donnell,1.0,1.0,1.0,1.0,424,8,9.120000000000002e-05,"[""Sleepless in Seattle"", ""List of Seattle Sounders FC 2 players"", ""Helen Atkinson-Wood""]"
5a72f74a55429901807daf59,linucb,5,Rosie O'Donnell,Rosie O'Donnell,1.0,1.0,1.0,1.0,553,8,0.00011700000000000001,"[""Sleepless in Seattle"", ""List of Seattle Sounders FC 2 players"", ""Helen Atkinson-Wood"", ""Shaheed Woods"", ""Tim Bedore""]"
5ae1d4e8554299234fd04312,linucb,2,Rob Sitch,"Robert Ian ""Rob"" Sitch",0.0,0.6666666666666666,1.0,0.5,223,6,4.94e-05,"[""Any Questions for Ben?"", ""Rob Sitch""]"
5ae1d4e8554299234fd04312,linucb,3,Rob Sitch,"Robert Ian ""Rob"" Sitch",0.0,0.6666666666666666,1.0,0.5,312,6,6.720000000000001e-05,"[""Any Questions for Ben?"", ""Rob Sitch"", ""Inside Film Awards""]"
5ae1d4e8554299234fd04312,linucb,5,Rob Sitch,"Robert Ian ""Rob"" Sitch",0.0,0.6666666666666666,1.0,0.5,544,6,0.00011360000000000001,"[""Any Questions for Ben?"", ""Rob Sitch"", ""Inside Film Awards"", ""Bad Dreems"", ""Herbert Finlay""]"
5a80aeef5542992097ad301a,linucb,2,The Shins,The Shins,1.0,1.0,1.0,1.0,321,6,6.9e-05,"[""Jon Sortland"", ""Jesse Sandoval""]"
5a80aeef5542992097ad301a,linucb,3,The Shins,The Shins,1.0,1.0,1.0,1.0,408,6,8.64e-05,"[""Jon Sortland"", ""Jesse Sandoval"", ""The Shins""]"
5a80aeef5542992097ad301a,linucb,5,The Shins,The Shins,1.0,1.0,1.0,1.0,597,6,0.0001242,"[""Jon Sortland"", ""Jesse Sandoval"", ""The Shins"", ""Radio Rats"", ""Wye Oak (band)""]"
5a7f66f155429969796c1a33,linucb,2,"Norway, Sweden, Denmark",Denmark–Norway–Sweden,0.0,0.0,0.0,0.0,450,9,9.72e-05,"[""Braathens"", ""Legal name""]"
5a7f66f155429969796c1a33,linucb,3,"Norwegian, Scandinavian, Airlines",Denmark–Norway–Sweden,0.0,0.0,0.0,0.0,661,15,0.0001442,"[""Braathens"", ""Legal name"", ""History of Braathens (1994\u20132004)""]"
5a7f66f155429969796c1a33,linucb,5,Scandinavian Airlines Norway,Denmark–Norway–Sweden,0.0,0.0,0.0,0.0,956,8,0.0001976,"[""Braathens"", ""Legal name"", ""History of Braathens (1994\u20132004)"", ""SAS Braathens"", ""Braathens Helikopter""]"
5abbda84554299642a094b5b,linucb,2,Mach 2,2,0.0,0.6666666666666666,0.5,1.0,368,12,8.320000000000002e-05,"[""Saab JAS 39 Gripen"", ""Saab 38""]"
5abbda84554299642a094b5b,linucb,3,Mach 2,2,0.0,0.6666666666666666,0.5,1.0,517,6,0.0001082,"[""Saab JAS 39 Gripen"", ""Saab 38"", ""Industrigruppen JAS""]"
5abbda84554299642a094b5b,linucb,5,Mach 2,2,0.0,0.6666666666666666,0.5,1.0,760,6,0.00015680000000000002,"[""Saab JAS 39 Gripen"", ""Saab 38"", ""Industrigruppen JAS"", ""A-Darter"", ""PS-05/A""]"
5abe3dc65542993f32c2a0c4,linucb,2,KULR,8,0.0,0.0,0.0,0.0,307,6,6.62e-05,"[""SWX Right Now"", ""KRSQ""]"
5abe3dc65542993f32c2a0c4,linucb,3,KULR,8,0.0,0.0,0.0,0.0,383,6,8.14e-05,"[""SWX Right Now"", ""KRSQ"", ""KCTR-FM""]"
5abe3dc65542993f32c2a0c4,linucb,5,8,8,1.0,1.0,1.0,1.0,551,4,0.0001134,"[""SWX Right Now"", ""KRSQ"", ""KCTR-FM"", ""KULR-TV"", ""KKBR""]"
5ae489ab5542995ad6573d62,linucb,2,Mookie Blaylock,Mookie Blaylock,1.0,1.0,1.0,1.0,587,8,0.0001238,"[""1995\u201396 Atlanta Hawks season"", ""Field goal percentage""]"
5ae489ab5542995ad6573d62,linucb,3,Mookie Blaylock,Mookie Blaylock,1.0,1.0,1.0,1.0,790,8,0.00016439999999999998,"[""1995\u201396 Atlanta Hawks season"", ""Field goal percentage"", ""1990\u201391 Houston Rockets season""]"
5ae489ab5542995ad6573d62,linucb,5,Mookie Blaylock,Mookie Blaylock,1.0,1.0,1.0,1.0,1056,8,0.0002176,"[""1995\u201396 Atlanta Hawks season"", ""Field goal percentage"", ""1990\u201391 Houston Rockets season"", ""1996\u201397 Orlando Magic season"", ""Mookie Blaylock""]"
5a7e1b7155429965cec5ea6c,linucb,2,Chrysler,Fiat Chrysler Automobiles N.V.,0.0,0.4,1.0,0.25,313,6,6.74e-05,"[""Saltillo Engine Plant"", ""Ramos Arizpe""]"
5a7e1b7155429965cec5ea6c,linucb,3,Chrysler,Fiat Chrysler Automobiles N.V.,0.0,0.4,1.0,0.25,369,6,7.859999999999999e-05,"[""Saltillo Engine Plant"", ""Ramos Arizpe"", ""Ramos Arizpe Municipality""]"
5a7e1b7155429965cec5ea6c,linucb,5,Chrysler,Fiat Chrysler Automobiles N.V.,0.0,0.4,1.0,0.25,523,6,0.0001094,"[""Saltillo Engine Plant"", ""Ramos Arizpe"", ""Ramos Arizpe Municipality"", ""Miguel Ramos Arizpe"", ""Ramos Arizpe Assembly""]"
5a8fae205542997ba9cb32ec,linucb,2,Open Heart,American-Canadian mystery-drama,0.0,0.0,0.0,0.0,366,5,7.72e-05,"[""Dylan Everett"", ""Everett Greenbaum""]"
5a8fae205542997ba9cb32ec,linucb,3,Open Heart,American-Canadian mystery-drama,0.0,0.0,0.0,0.0,491,5,0.0001022,"[""Dylan Everett"", ""Everett Greenbaum"", ""Karaoke Star Jr.""]"
5a8fae205542997ba9cb32ec,linucb,5,Open Heart,American-Canadian mystery-drama,0.0,0.0,0.0,0.0,747,5,0.0001534,"[""Dylan Everett"", ""Everett Greenbaum"", ""Karaoke Star Jr."", ""JKT48's Finding Star"", ""Open Heart (TV series)""]"
5ae588cb55429960a22e0300,linucb,2,Chaerophyllum,Chaerophyllum,1.0,1.0,1.0,1.0,286,7,6.280000000000001e-05,"[""Chaerophyllum"", ""Cryptanthus""]"
5ae588cb55429960a22e0300,linucb,3,Chaerophyllum,Chaerophyllum,1.0,1.0,1.0,1.0,327,7,7.1e-05,"[""Chaerophyllum"", ""Cryptanthus"", ""Chaerophyllum elegans""]"
5ae588cb55429960a22e0300,linucb,5,Chaerophyllum,Chaerophyllum,1.0,1.0,1.0,1.0,916,7,0.0001888,"[""Chaerophyllum"", ""Cryptanthus"", ""Chaerophyllum elegans"", ""Quakers in Europe"", ""Hindu Jarrals in Jammu""]"
5a75e62f5542992d0ec06013,linucb,2,Tropicana Hotel,Tropicana Casino & Resort,0.0,0.4,0.5,0.3333333333333333,484,7,0.00010240000000000001,"[""Johnny Mathis: Wonderful, Wonderful!"", ""Wonderful Wonderful (Johnny Mathis album)""]"
5a75e62f5542992d0ec06013,linucb,3,Tropicana Casino & Resort Atlantic City,Tropicana Casino & Resort,0.0,0.7499999999999999,0.6,1.0,585,11,0.0001258,"[""Johnny Mathis: Wonderful, Wonderful!"", ""Wonderful Wonderful (Johnny Mathis album)"", ""Tropicana Casino &amp; Resort Atlantic City""]"
5a75e62f5542992d0ec06013,linucb,5,Tropicana Casino & Resort Atlantic City,Tropicana Casino & Resort,0.0,0.7499999999999999,0.6,1.0,851,11,0.00017900000000000001,"[""Johnny Mathis: Wonderful, Wonderful!"", ""Wonderful Wonderful (Johnny Mathis album)"", ""Tropicana Casino &amp; Resort Atlantic City"", ""TEN Atlantic City"", ""Caesars Atlantic City""]"
5ac113e2554299294b21909a,linucb,2,Frank Wildhorn,"Wildhorn, Bricusse and Cuden",0.0,0.3333333333333333,0.5,0.25,247,6,5.420000000000001e-05,"[""Linda Eder"", ""Inside America""]"
5ac113e2554299294b21909a,linucb,3,Frank Wildhorn,"Wildhorn, Bricusse and Cuden",0.0,0.3333333333333333,0.5,0.25,312,6,6.720000000000001e-05,"[""Linda Eder"", ""Inside America"", ""Cobb Energy Performing Arts Centre""]"
5ac113e2554299294b21909a,linucb,5,"Frank Wildhorn, Leslie Bricusse and Steve Cuden","Wildhorn, Bricusse and Cuden",0.0,0.7272727272727273,0.5714285714285714,1.0,481,15,0.0001082,"[""Linda Eder"", ""Inside America"", ""Cobb Energy Performing Arts Centre"", ""Bill Grainer"", ""In His Eyes""]"
5a82fe5055429966c78a6ad3,linucb,2,The Church of the Nazarene,evangelical Christian,0.0,0.0,0.0,0.0,341,9,7.54e-05,"[""Diana Pavlac Glyer"", ""The Company They Keep""]"
5a82fe5055429966c78a6ad3,linucb,3,"Wesleyan-Arminian
",evangelical Christian,0.0,0.0,0.0,0.0,469,11,0.00010260000000000001,"[""Diana Pavlac Glyer"", ""The Company They Keep"", ""Azusa Pacific University""]"
5a82fe5055429966c78a6ad3,linucb,5,evangelical Christian,evangelical Christian,1.0,1.0,1.0,1.0,819,7,0.00016940000000000002,"[""Diana Pavlac Glyer"", ""The Company They Keep"", ""Azusa Pacific University"", ""Time and Eternity (philosophy book)"", ""Diana L. Eck""]"
5a7e05ba5542995f4f402392,linucb,2,The Late Late Show,The Late Late Show,1.0,1.0,1.0,1.0,345,7,7.46e-05,"[""One Night Only (TV series)"", ""For One Night Only (Irish TV series)""]"
5a7e05ba5542995f4f402392,linucb,3,Blankety Blank,The Late Late Show,0.0,0.0,0.0,0.0,450,6,9.48e-05,"[""One Night Only (TV series)"", ""For One Night Only (Irish TV series)"", ""One Night in One City""]"
5a7e05ba5542995f4f402392,linucb,5,Coronation Street,The Late Late Show,0.0,0.0,0.0,0.0,795,6,0.0001638,"[""One Night Only (TV series)"", ""For One Night Only (Irish TV series)"", ""One Night in One City"", ""Elton John One Night Only \u2013 The Greatest Hits"", ""WWE One Night Stand""]"
5a7264ed5542990c210a411a,linucb,2,Lebensraum,Blood and soil,0.0,0.0,0.0,0.0,333,6,7.14e-05,"[""Lebensraum"", ""Nazi Party of Costa Rica""]"
5a7264ed5542990c210a411a,linucb,3,Lebensraum,Blood and soil,0.0,0.0,0.0,0.0,522,6,0.0001092,"[""Lebensraum"", ""Nazi Party of Costa Rica"", ""Nazi Germany""]"
5a7264ed5542990c210a411a,linucb,5,Lebensraum,Blood and soil,0.0,0.0,0.0,0.0,724,6,0.00014960000000000003,"[""Lebensraum"", ""Nazi Party of Costa Rica"", ""Nazi Germany"", ""Betriebsobmann"", ""Otto Strasser""]"
5a8ed10b5542995085b374a0,linucb,2,The Visit,The Visit,1.0,1.0,1.0,1.0,254,5,5.4800000000000004e-05,"[""Olivia DeJonge"", ""Hawa (film)""]"
5a8ed10b5542995085b374a0,linucb,3,The Visit,The Visit,1.0,1.0,1.0,1.0,418,5,8.760000000000002e-05,"[""Olivia DeJonge"", ""Hawa (film)"", ""Signs (film)""]"
5a8ed10b5542995085b374a0,linucb,5,The Visit,The Visit,1.0,1.0,1.0,1.0,595,5,0.000123,"[""Olivia DeJonge"", ""Hawa (film)"", ""Signs (film)"", ""The Visit (2015 American film)"", ""The Village (2004 film)""]"
5add8f055542990dbb2f7e6d,linucb,2,IG Farben,Rudolf Höss,0.0,0.0,0.0,0.0,313,5,6.66e-05,"[""Auschwitz concentration camp"", ""SS command of Auschwitz concentration camp""]"
5add8f055542990dbb2f7e6d,linucb,3,Obergruppenführer Glücks,Rudolf Höss,0.0,0.0,0.0,0.0,428,9,9.28e-05,"[""Auschwitz concentration camp"", ""SS command of Auschwitz concentration camp"", ""Jasenovac concentration camp""]"
5add8f055542990dbb2f7e6d,linucb,5,Rudolf Höss,Rudolf Höss,1.0,1.0,1.0,1.0,887,8,0.0001838,"[""Auschwitz concentration camp"", ""SS command of Auschwitz concentration camp"", ""Jasenovac concentration camp"", ""Monowitz concentration camp"", ""Majdanek concentration camp""]"
5a86ab7755429960ec39b6bf,linucb,2,adventure novel,an adventure novel,1.0,1.0,1.0,1.0,265,6,5.78e-05,"[""The Crab Cooker"", ""Treasure Island""]"
5a86ab7755429960ec39b6bf,linucb,3,adventure novel,an adventure novel,1.0,1.0,1.0,1.0,335,6,7.18e-05,"[""The Crab Cooker"", ""Treasure Island"", ""Good Times Burgers &amp; Frozen Custard""]"
5a86ab7755429960ec39b6bf,linucb,5,adventure novel,an adventure novel,1.0,1.0,1.0,1.0,500,6,0.0001048,"[""The Crab Cooker"", ""Treasure Island"", ""Good Times Burgers &amp; Frozen Custard"", ""Nordsee"", ""List of oyster bars""]"
5a7a112a5542990783324e2b,linucb,2,drummers,drummer,0.0,0.0,0.0,0.0,399,5,8.380000000000002e-05,"[""Jan Axel Blomberg"", ""Mark Gaudet""]"
5a7a112a5542990783324e2b,linucb,3,metal drummers,drummer,0.0,0.0,0.0,0.0,464,6,9.76e-05,"[""Jan Axel Blomberg"", ""Mark Gaudet"", ""Axel von Blomberg""]"
5a7a112a5542990783324e2b,linucb,5,metal musicians,drummer,0.0,0.0,0.0,0.0,556,5,0.00011520000000000001,"[""Jan Axel Blomberg"", ""Mark Gaudet"", ""Axel von Blomberg"", ""Erik Blomberg (writer)"", ""Darkness \u2192 Light""]"
5ab870ee5542990e739ec8f6,linucb,2,Madeleine L'Engle,Madeleine L'Engle,1.0,1.0,1.0,1.0,248,9,5.68e-05,"[""A Wind in the Door"", ""Close the Last Door""]"
5ab870ee5542990e739ec8f6,linucb,3,Madeleine L'Engle,Madeleine L'Engle,1.0,1.0,1.0,1.0,391,9,8.54e-05,"[""A Wind in the Door"", ""Close the Last Door"", ""The Four Winds of Love""]"
5ab870ee5542990e739ec8f6,linucb,5,Madeleine L'Engle,Madeleine L'Engle,1.0,1.0,1.0,1.0,608,9,0.00012880000000000001,"[""A Wind in the Door"", ""Close the Last Door"", ""The Four Winds of Love"", ""Door to Door (Modern Family)"", ""Codename: Kids Next Door""]"
5a8810485542997e5c09a590,linucb,2,over 1.6 million passengers,1.6 million passengers,0.0,0.8571428571428571,0.75,1.0,365,10,8.1e-05,"[""Rotterdam The Hague Airport"", ""Boise Airport""]"
5a8810485542997e5c09a590,linucb,3,1.6 million passengers,1.6 million passengers,1.0,1.0,1.0,1.0,544,8,0.00011520000000000002,"[""Rotterdam The Hague Airport"", ""Boise Airport"", ""Sofia Airport""]"
5a8810485542997e5c09a590,linucb,5,over 1.6 million passengers,1.6 million passengers,0.0,0.8571428571428571,0.75,1.0,743,10,0.0001566,"[""Rotterdam The Hague Airport"", ""Boise Airport"", ""Sofia Airport"", ""Exeter Airport"", ""A13 motorway (Netherlands)""]"
5a8208ee5542990a1d231f1e,linucb,2,the silhouette of a large green dinosaur,dinosaur,0.0,0.33333333333333337,0.2,1.0,278,10,6.36e-05,"[""Sinclair, West Virginia"", ""Sinclair Oil Corporation""]"
5a8208ee5542990a1d231f1e,linucb,3,silhouette of a large green dinosaur,dinosaur,0.0,0.33333333333333337,0.2,1.0,320,10,7.2e-05,"[""Sinclair, West Virginia"", ""Sinclair Oil Corporation"", ""Eurasia Drilling Company Limited""]"
5a8208ee5542990a1d231f1e,linucb,5,a large green dinosaur,dinosaur,0.0,0.5,0.3333333333333333,1.0,492,7,0.00010400000000000001,"[""Sinclair, West Virginia"", ""Sinclair Oil Corporation"", ""Eurasia Drilling Company Limited"", ""National Iranian Drilling Company"", ""Harry Ford Sinclair""]"
5a86399e5542994775f60733,linucb,2,Norwegian,Punjabi/Pashtun,0.0,0.0,0.0,0.0,323,5,6.860000000000001e-05,"[""Jihad: A Story of the Others"", ""A Jihad for Love""]"
5a86399e5542994775f60733,linucb,3,Norwegian,Punjabi/Pashtun,0.0,0.0,0.0,0.0,423,5,8.860000000000001e-05,"[""Jihad: A Story of the Others"", ""A Jihad for Love"", ""A Sinner in Mecca""]"
5a86399e5542994775f60733,linucb,5,Punjabi/Pashtun descent,Punjabi/Pashtun,0.0,0.6666666666666666,0.5,1.0,561,10,0.00012020000000000001,"[""Jihad: A Story of the Others"", ""A Jihad for Love"", ""A Sinner in Mecca"", ""Deeyah Khan"", ""Sandi Simcha DuBowski""]"
5a78e9a2554299148911f995,linucb,2,Drillers Stadium,Drillers Stadium,1.0,1.0,1.0,1.0,444,6,9.360000000000001e-05,"[""Athletics Stadium"", ""Rowdy (Dallas Cowboys)""]"
5a78e9a2554299148911f995,linucb,3,Drillers Stadium,Drillers Stadium,1.0,1.0,1.0,1.0,603,6,0.0001254,"[""Athletics Stadium"", ""Rowdy (Dallas Cowboys)"", ""Newark Bears (International League)""]"
5a78e9a2554299148911f995,linucb,5,Drillers Stadium,Drillers Stadium,1.0,1.0,1.0,1.0,798,6,0.00016440000000000004,"[""Athletics Stadium"", ""Rowdy (Dallas Cowboys)"", ""Newark Bears (International League)"", ""Bedlam Series"", ""MiLBY Awards""]"
5a84995d5542997b5ce3fee4,linucb,2,Alachua County,Alachua,0.0,0.6666666666666666,0.5,1.0,394,7,8.440000000000002e-05,"[""Cooperative Living Organization"", ""List of counties in Florida""]"
5a84995d5542997b5ce3fee4,linucb,3,Alachua County,Alachua,0.0,0.6666666666666666,0.5,1.0,507,7,0.00010700000000000001,"[""Cooperative Living Organization"", ""List of counties in Florida"", ""Gainesville, Florida""]"
5a84995d5542997b5ce3fee4,linucb,5,Alachua County,Alachua,0.0,0.6666666666666666,0.5,1.0,792,7,0.000164,"[""Cooperative Living Organization"", ""List of counties in Florida"", ""Gainesville, Florida"", ""Ellicott City, Maryland"", ""Florida's 16th congressional district""]"
5ab941c2554299743d22ea88,linucb,2,C. J. Cherryh,"Carolyn Janice Cherry (born September 1, 1942), better known by the pen name C. J. Cherryh,",0.0,0.33333333333333337,1.0,0.2,423,9,9.180000000000001e-05,"[""The Fortress Series"", ""Pen name""]"
5ab941c2554299743d22ea88,linucb,3,C. J. Cherryh,"Carolyn Janice Cherry (born September 1, 1942), better known by the pen name C. J. Cherryh,",0.0,0.33333333333333337,1.0,0.2,461,9,9.94e-05,"[""The Fortress Series"", ""Pen name"", ""Carolyn Zane""]"
5ab941c2554299743d22ea88,linucb,5,C. J. Cherryh,"Carolyn Janice Cherry (born September 1, 1942), better known by the pen name C. J. Cherryh,",0.0,0.33333333333333337,1.0,0.2,574,9,0.00012200000000000001,"[""The Fortress Series"", ""Pen name"", ""Carolyn Zane"", ""The Story of the Weasel"", ""Sweeping Up Glass""]"
5a8e5f1f5542995a26add4d6,linucb,2,Sapsali,Sapsali,1.0,1.0,1.0,1.0,307,6,6.62e-05,"[""Sapsali"", ""Segugio Italiano""]"
5a8e5f1f5542995a26add4d6,linucb,3,Sapsali,Sapsali,1.0,1.0,1.0,1.0,563,6,0.00011740000000000001,"[""Sapsali"", ""Segugio Italiano"", ""Ghosts in Bengali culture""]"
5a8e5f1f5542995a26add4d6,linucb,5,Sapsali,Sapsali,1.0,1.0,1.0,1.0,793,6,0.00016340000000000004,"[""Sapsali"", ""Segugio Italiano"", ""Ghosts in Bengali culture"", ""Ugly Way"", ""Shisa""]"
5abf1ad15542997ec76fd3c2,linucb,2,Lafayette,Marquis de Lafayette,0.0,0.5,1.0,0.3333333333333333,352,6,7.52e-05,"[""Halifax, North Carolina"", ""Enfield, North Carolina""]"
5abf1ad15542997ec76fd3c2,linucb,3,Marquis de Lafayette,Marquis de Lafayette,1.0,1.0,1.0,1.0,467,7,9.900000000000001e-05,"[""Halifax, North Carolina"", ""Enfield, North Carolina"", ""The Cellar (Enfield, North Carolina)""]"
5abf1ad15542997ec76fd3c2,linucb,5,Marquis de Lafayette,Marquis de Lafayette,1.0,1.0,1.0,1.0,761,7,0.00015780000000000001,"[""Halifax, North Carolina"", ""Enfield, North Carolina"", ""The Cellar (Enfield, North Carolina)"", ""Halifax Historic District"", ""Halifax County Home and Tubercular Hospital""]"
5ae5cf625542996de7b71a22,linucb,2,Texas Longhorns football team,University of Texas Longhorns,0.0,0.5,0.5,0.5,282,9,6.360000000000001e-05,"[""Case McCoy"", ""Colt McCoy""]"
5ae5cf625542996de7b71a22,linucb,3,University of Texas Longhorns football team,University of Texas Longhorns,0.0,0.8,0.6666666666666666,1.0,385,11,8.58e-05,"[""Case McCoy"", ""Colt McCoy"", ""Sports team""]"
5ae5cf625542996de7b71a22,linucb,5,University of Texas Longhorns football team,University of Texas Longhorns,0.0,0.8,0.6666666666666666,1.0,651,11,0.00013900000000000002,"[""Case McCoy"", ""Colt McCoy"", ""Sports team"", ""Colt clan incest case"", ""Sobaeksu Sports Club""]"
5a7c8ae855429935c91b5207,linucb,2,Alexander Borodin,Alexander Porfiryevich Borodin,0.0,0.8,1.0,0.6666666666666666,293,6,6.34e-05,"[""Russian School Hurghada"", ""Russian School of Private Law""]"
5a7c8ae855429935c91b5207,linucb,3,Alexander Borodin,Alexander Porfiryevich Borodin,0.0,0.8,1.0,0.6666666666666666,363,6,7.74e-05,"[""Russian School Hurghada"", ""Russian School of Private Law"", ""Novgorod School""]"
5a7c8ae855429935c91b5207,linucb,5,Alexey Nikolayevich Kuryanov,Alexander Porfiryevich Borodin,0.0,0.0,0.0,0.0,594,13,0.00012920000000000002,"[""Russian School Hurghada"", ""Russian School of Private Law"", ""Novgorod School"", ""Eduant Private Russian School"", ""Russian School Defense Staff""]"
5a87106555429960ec39b71f,linucb,2,Rob Reiner,Rob Reiner,1.0,1.0,1.0,1.0,317,6,6.82e-05,"[""Ghosts of Mississippi"", ""Susanna Thompson""]"
5a87106555429960ec39b71f,linucb,3,Rob Reiner,Rob Reiner,1.0,1.0,1.0,1.0,426,6,8.999999999999999e-05,"[""Ghosts of Mississippi"", ""Susanna Thompson"", ""The Lawyer (film)""]"
5a87106555429960ec39b71f,linucb,5,Rob Reiner,Rob Reiner,1.0,1.0,1.0,1.0,638,6,0.00013240000000000002,"[""Ghosts of Mississippi"", ""Susanna Thompson"", ""The Lawyer (film)"", ""The Attorney"", ""The Ballad of Jack and Rose""]"
5a7f296f55429934daa2fd10,linucb,2,1948,1974,0.0,0.0,0.0,0.0,294,5,6.280000000000001e-05,"[""Live Wire Radio"", ""Live Wire (album)""]"
5a7f296f55429934daa2fd10,linucb,3,1953,1974,0.0,0.0,0.0,0.0,424,5,8.880000000000002e-05,"[""Live Wire Radio"", ""Live Wire (album)"", ""The Live Wire: Woody Guthrie in Performance 1949""]"
5a7f296f55429934daa2fd10,linucb,5,1975,1974,0.0,0.0,0.0,0.0,741,5,0.0001522,"[""Live Wire Radio"", ""Live Wire (album)"", ""The Live Wire: Woody Guthrie in Performance 1949"", ""Live Wire (Martha and the Vandellas song)"", ""Too Beautiful to Live""]"
5ae14b5c55429920d52343aa,linucb,2,Chris Weidman,Anderson Silva,0.0,0.0,0.0,0.0,506,7,0.00010680000000000001,"[""Luke Rockhold"", ""KHK MMA""]"
5ae14b5c55429920d52343aa,linucb,3,Chris Weidman,Anderson Silva,0.0,0.0,0.0,0.0,624,7,0.00013040000000000003,"[""Luke Rockhold"", ""KHK MMA"", ""Skip Hall (MMA)""]"
5ae14b5c55429920d52343aa,linucb,5,Chris Weidman,Anderson Silva,0.0,0.0,0.0,0.0,885,7,0.0001826,"[""Luke Rockhold"", ""KHK MMA"", ""Skip Hall (MMA)"", ""Demetrious Johnson (fighter)"", ""Jamill Kelly""]"
5a88b3b4554299206df2b336,linucb,2,opera,music,0.0,0.0,0.0,0.0,214,4,4.600000000000001e-05,"[""The Consul"", ""Consul fabius""]"
5a88b3b4554299206df2b336,linucb,3,opera,music,0.0,0.0,0.0,0.0,332,4,6.96e-05,"[""The Consul"", ""Consul fabius"", ""Arlecchino (opera)""]"
5a88b3b4554299206df2b336,linucb,5,opera,music,0.0,0.0,0.0,0.0,604,4,0.000124,"[""The Consul"", ""Consul fabius"", ""Arlecchino (opera)"", ""Street art"", ""Trial of Trebonius""]"
5add67705542992ae4cec54f,linucb,2,Rafael dos Anjos,Rafael Souza dos Anjos,0.0,0.8571428571428571,1.0,0.75,451,8,9.66e-05,"[""Namsaknoi Yudthagarngamtorn"", ""Rafael dos Anjos""]"
5add67705542992ae4cec54f,linucb,3,Rafael dos Anjos,Rafael Souza dos Anjos,0.0,0.8571428571428571,1.0,0.75,550,8,0.00011640000000000001,"[""Namsaknoi Yudthagarngamtorn"", ""Rafael dos Anjos"", ""Wallid Ismail""]"
5add67705542992ae4cec54f,linucb,5,Rafael dos Anjos,Rafael Souza dos Anjos,0.0,0.8571428571428571,1.0,0.75,774,8,0.00016120000000000002,"[""Namsaknoi Yudthagarngamtorn"", ""Rafael dos Anjos"", ""Wallid Ismail"", ""M\u00e1rio Neto"", ""Anderson Silva""]"
5a875fee5542996e4f3087ab,linucb,2,Lysiloma,Lysiloma,1.0,1.0,1.0,1.0,239,7,5.3400000000000004e-05,"[""Lysiloma"", ""Hydrocotyle umbellata""]"
5a875fee5542996e4f3087ab,linucb,3,Lysiloma,Lysiloma,1.0,1.0,1.0,1.0,311,7,6.780000000000001e-05,"[""Lysiloma"", ""Hydrocotyle umbellata"", ""Lysiloma latisiliquum""]"
5a875fee5542996e4f3087ab,linucb,5,Lysiloma,Lysiloma,1.0,1.0,1.0,1.0,536,7,0.0001128,"[""Lysiloma"", ""Hydrocotyle umbellata"", ""Lysiloma latisiliquum"", ""Elaeagnus umbellata"", ""Hydrocotyle ranunculoides""]"
5ab2b630554299545a2cfa17,linucb,2,yes,yes,1.0,1.0,1.0,1.0,384,4,8e-05,"[""Gasland"", ""Pumping Iron""]"
5ab2b630554299545a2cfa17,linucb,3,yes,yes,1.0,1.0,1.0,1.0,432,4,8.96e-05,"[""Gasland"", ""Pumping Iron"", ""Pumping Iron II: The Women""]"
5ab2b630554299545a2cfa17,linucb,5,yes,yes,1.0,1.0,1.0,1.0,869,4,0.00017700000000000002,"[""Gasland"", ""Pumping Iron"", ""Pumping Iron II: The Women"", ""Pumping Iron &amp; Sweating Steel"", ""Bodybuilders (On the Inside)""]"
5a851ba95542997175ce1f81,linucb,2,Dallas,Dallas,1.0,1.0,1.0,1.0,311,4,6.54e-05,"[""Rosemary Willis"", ""John F. Kennedy Eternal Flame""]"
5a851ba95542997175ce1f81,linucb,3,Dallas,Dallas,1.0,1.0,1.0,1.0,512,4,0.0001056,"[""Rosemary Willis"", ""John F. Kennedy Eternal Flame"", ""Assassination of John F. Kennedy""]"
5a851ba95542997175ce1f81,linucb,5,Dallas,Dallas,1.0,1.0,1.0,1.0,727,4,0.0001486,"[""Rosemary Willis"", ""John F. Kennedy Eternal Flame"", ""Assassination of John F. Kennedy"", ""Timeline of the presidency of John F. Kennedy"", ""Rosemary Willis (Miss Virginia)""]"
5ae1d0e8554299234fd0430a,linucb,2,Ceolwulf of Northumbria,Guthred or Guthfrith,0.0,0.0,0.0,0.0,426,11,9.4e-05,"[""Ceolwulf of Northumbria"", ""S\u00e6berht of Essex""]"
5ae1d0e8554299234fd0430a,linucb,3,Guthred,Guthred or Guthfrith,0.0,0.5,1.0,0.3333333333333333,472,6,9.92e-05,"[""Ceolwulf of Northumbria"", ""S\u00e6berht of Essex"", ""Guthred""]"
5ae1d0e8554299234fd0430a,linucb,5,Ceolwulf of Northumbria,Guthred or Guthfrith,0.0,0.0,0.0,0.0,754,11,0.0001596,"[""Ceolwulf of Northumbria"", ""S\u00e6berht of Essex"", ""Guthred"", ""Kr\u00f6pcke"", ""Northman""]"
5ae1ebf95542997283cd22f2,linucb,2,Interstate 22,Interstate 22,1.0,1.0,1.0,1.0,294,7,6.440000000000001e-05,"[""Mooreville, Mississippi"", ""Mississippi Highway 23""]"
5ae1ebf95542997283cd22f2,linucb,3,Interstate 22,Interstate 22,1.0,1.0,1.0,1.0,386,7,8.280000000000001e-05,"[""Mooreville, Mississippi"", ""Mississippi Highway 23"", ""New Hampshire Route 78""]"
5ae1ebf95542997283cd22f2,linucb,5,Interstate 22,Interstate 22,1.0,1.0,1.0,1.0,716,7,0.0001488,"[""Mooreville, Mississippi"", ""Mississippi Highway 23"", ""New Hampshire Route 78"", ""Interstate 22"", ""Interstate 990""]"
5a81d0515542990a1d231ed4,linucb,2,Flamingo Las Vegas,"Las Vegas Strip in Paradise, Nevada",0.0,0.4444444444444444,0.6666666666666666,0.3333333333333333,302,8,6.680000000000001e-05,"[""Summer Nights (residency show)"", ""Challenge Casino de Charlevoix""]"
5a81d0515542990a1d231ed4,linucb,3,Flamingo Las Vegas,"Las Vegas Strip in Paradise, Nevada",0.0,0.4444444444444444,0.6666666666666666,0.3333333333333333,353,8,7.700000000000001e-05,"[""Summer Nights (residency show)"", ""Challenge Casino de Charlevoix"", ""Flamingo Las Vegas""]"
5a81d0515542990a1d231ed4,linucb,5,Flamingo Las Vegas,"Las Vegas Strip in Paradise, Nevada",0.0,0.4444444444444444,0.6666666666666666,0.3333333333333333,573,8,0.00012100000000000001,"[""Summer Nights (residency show)"", ""Challenge Casino de Charlevoix"", ""Flamingo Las Vegas"", ""Bedikas Chametz"", ""Shakori Hills Grassroots Festival""]"
5ae35e8c5542990afbd1e120,linucb,2,Jeff Meldrum,"Don Jeffrey ""Jeff"" Meldrum (born May 24, 1958) is a Professor of Anatomy and Anthropology",0.0,0.25,1.0,0.14285714285714285,335,6,7.18e-05,"[""Paul Freeman (cryptozoologist)"", ""Museum of Plaster Casts (Thessaloniki)""]"
5ae35e8c5542990afbd1e120,linucb,3,Jeff Meldrum,"Don Jeffrey ""Jeff"" Meldrum (born May 24, 1958) is a Professor of Anatomy and Anthropology",0.0,0.25,1.0,0.14285714285714285,385,6,8.18e-05,"[""Paul Freeman (cryptozoologist)"", ""Museum of Plaster Casts (Thessaloniki)"", ""Plaster Caster""]"
5ae35e8c5542990afbd1e120,linucb,5,Jeff Meldrum,"Don Jeffrey ""Jeff"" Meldrum (born May 24, 1958) is a Professor of Anatomy and Anthropology",0.0,0.25,1.0,0.14285714285714285,511,6,0.000107,"[""Paul Freeman (cryptozoologist)"", ""Museum of Plaster Casts (Thessaloniki)"", ""Plaster Caster"", ""Cynthia Plaster Caster"", ""Comparison of orthotics""]"
5a87ed5b5542994846c1cdfc,linucb,2,Open-source license,GNU GPLv3,0.0,0.0,0.0,0.0,453,6,9.54e-05,"[""Open-source license"", ""BitTorrent Open Source License""]"
5a87ed5b5542994846c1cdfc,linucb,3,BitTorrent Open Source Licence,GNU GPLv3,0.0,0.0,0.0,0.0,557,8,0.00011780000000000002,"[""Open-source license"", ""BitTorrent Open Source License"", ""DRL (video game)""]"
5a87ed5b5542994846c1cdfc,linucb,5,GNU GPLv3,GNU GPLv3,1.0,1.0,1.0,1.0,852,7,0.000176,"[""Open-source license"", ""BitTorrent Open Source License"", ""DRL (video game)"", ""The Binding of Isaac (video game)"", ""Tales of Maj'Eyal""]"
5abc41315542993a06baf8bb,linucb,2,Julie Taymor,Julie Taymor,1.0,1.0,1.0,1.0,232,6,5.1200000000000004e-05,"[""M\u00eda Maestro"", ""The Speed of Thought""]"
5abc41315542993a06baf8bb,linucb,3,Julie Taymor,Julie Taymor,1.0,1.0,1.0,1.0,309,6,6.659999999999999e-05,"[""M\u00eda Maestro"", ""The Speed of Thought"", ""The Dance (Faithless album)""]"
5abc41315542993a06baf8bb,linucb,5,Julie Taymor,Julie Taymor,1.0,1.0,1.0,1.0,409,6,8.66e-05,"[""M\u00eda Maestro"", ""The Speed of Thought"", ""The Dance (Faithless album)"", ""Nadia Santos"", ""Tango (1998 film)""]"
5a7be1ab5542997c3ec972a9,linucb,2,Fortean subjects,Fortean,0.0,0.6666666666666666,0.5,1.0,259,7,5.7400000000000006e-05,"[""UFO Magazine"", ""Charles Fort""]"
5a7be1ab5542997c3ec972a9,linucb,3,Fortean subjects,Fortean,0.0,0.6666666666666666,0.5,1.0,314,7,6.840000000000001e-05,"[""UFO Magazine"", ""Charles Fort"", ""Ernest Charles Hoy""]"
5a7be1ab5542997c3ec972a9,linucb,5,Fortean subjects,Fortean,0.0,0.6666666666666666,0.5,1.0,450,7,9.56e-05,"[""UFO Magazine"", ""Charles Fort"", ""Ernest Charles Hoy"", ""UFO Magazine (UK)"", ""Josef Raesch""]"
5a840e395542992ef85e239d,linucb,2,no,no,1.0,1.0,1.0,1.0,411,4,8.54e-05,"[""The Straight Story"", ""Alvin Straight""]"
5a840e395542992ef85e239d,linucb,3,no,no,1.0,1.0,1.0,1.0,442,4,9.16e-05,"[""The Straight Story"", ""Alvin Straight"", ""The Future of Oil: A Straight Story of the Canadian Oil Sands""]"
5a840e395542992ef85e239d,linucb,5,no,no,1.0,1.0,1.0,1.0,625,4,0.0001282,"[""The Straight Story"", ""Alvin Straight"", ""The Future of Oil: A Straight Story of the Canadian Oil Sands"", ""Frozen (2013 film)"", ""Clermont, Iowa""]"
5ae8167b55429952e35eaa06,linucb,2,Battle of the Rosebud,Battle of the Rosebud,1.0,1.0,1.0,1.0,433,8,9.300000000000001e-05,"[""The Other Magpie"", ""Battle of the Rosebud""]"
5ae8167b55429952e35eaa06,linucb,3,Battle of the Rosebud,Battle of the Rosebud,1.0,1.0,1.0,1.0,504,8,0.00010720000000000002,"[""The Other Magpie"", ""Battle of the Rosebud"", ""Battle of Olongapo""]"
5ae8167b55429952e35eaa06,linucb,5,Battle of the Rosebud,Battle of the Rosebud,1.0,1.0,1.0,1.0,700,8,0.00014639999999999998,"[""The Other Magpie"", ""Battle of the Rosebud"", ""Battle of Olongapo"", ""Second Battle of Caloocan"", ""Battle of Ezra Church""]"
5a776a805542993735360269,linucb,2,The Jungle Book,Double Agent,0.0,0.0,0.0,0.0,441,6,9.3e-05,"[""John D. Minton Jr."", ""Histeria (wrestler)""]"
5a776a805542993735360269,linucb,3,yes,Double Agent,0.0,0.0,0.0,0.0,520,4,0.00010719999999999999,"[""John D. Minton Jr."", ""Histeria (wrestler)"", ""Big John Studd""]"
5a776a805542993735360269,linucb,5,Double Agent,Double Agent,1.0,1.0,1.0,1.0,746,5,0.0001532,"[""John D. Minton Jr."", ""Histeria (wrestler)"", ""Big John Studd"", ""The Go-Katz"", ""Double Agent (1987 film)""]"
5ab4b9f75542990594ba9ca4,linucb,2,People!,People! and The Carnabeats,0.0,0.5,1.0,0.3333333333333333,317,5,6.740000000000001e-05,"[""I Love You (The Zombies song)"", ""Love Stinks (song)""]"
5ab4b9f75542990594ba9ca4,linucb,3,People!,People! and The Carnabeats,0.0,0.5,1.0,0.3333333333333333,472,5,9.84e-05,"[""I Love You (The Zombies song)"", ""Love Stinks (song)"", ""I Saw the Light (Hank Williams song)""]"
5ab4b9f75542990594ba9ca4,linucb,5,People!,People! and The Carnabeats,0.0,0.5,1.0,0.3333333333333333,699,5,0.0001438,"[""I Love You (The Zombies song)"", ""Love Stinks (song)"", ""I Saw the Light (Hank Williams song)"", ""She Is Love (Parachute song)"", ""Chris White (musician)""]"
5a78e3b955429974737f78f1,linucb,2,Sherwood Stewart,Sherwood Stewart,1.0,1.0,1.0,1.0,240,6,5.28e-05,"[""Javier Frana"", ""Sherwood Stewart""]"
5a78e3b955429974737f78f1,linucb,3,Sherwood Stewart,Sherwood Stewart,1.0,1.0,1.0,1.0,275,6,5.9800000000000003e-05,"[""Javier Frana"", ""Sherwood Stewart"", ""1995 Nottingham Open \u2013 Singles""]"
5a78e3b955429974737f78f1,linucb,5,Sherwood Stewart,Sherwood Stewart,1.0,1.0,1.0,1.0,342,6,7.32e-05,"[""Javier Frana"", ""Sherwood Stewart"", ""1995 Nottingham Open \u2013 Singles"", ""1996 IPB Czech Indoor \u2013 Doubles"", ""1996 Nottingham Open \u2013 Singles""]"
5a851b0d5542997175ce1f7f,linucb,2,yes,yes,1.0,1.0,1.0,1.0,217,4,4.660000000000001e-05,"[""Dogo Cubano"", ""Dutch Shepherd""]"
5a851b0d5542997175ce1f7f,linucb,3,yes,yes,1.0,1.0,1.0,1.0,288,4,6.080000000000001e-05,"[""Dogo Cubano"", ""Dutch Shepherd"", ""Romanian Raven Shepherd Dog""]"
5a851b0d5542997175ce1f7f,linucb,5,yes,yes,1.0,1.0,1.0,1.0,491,4,0.0001014,"[""Dogo Cubano"", ""Dutch Shepherd"", ""Romanian Raven Shepherd Dog"", ""Belgian Shepherd"", ""Dogo Argentino""]"
5a78b5f7554299148911f95b,linucb,2,Todd McFarlane,Todd McFarlane,1.0,1.0,1.0,1.0,351,8,7.66e-05,"[""Mustafa Shakir"", ""Spawn (comics)""]"
5a78b5f7554299148911f95b,linucb,3,Todd McFarlane,Todd McFarlane,1.0,1.0,1.0,1.0,414,8,8.920000000000001e-05,"[""Mustafa Shakir"", ""Spawn (comics)"", ""Wuthering Heights (1953 film)""]"
5a78b5f7554299148911f95b,linucb,5,Todd McFarlane,Todd McFarlane,1.0,1.0,1.0,1.0,701,8,0.0001466,"[""Mustafa Shakir"", ""Spawn (comics)"", ""Wuthering Heights (1953 film)"", ""Fantastic Contraption (2008 video game)"", ""Malebolgia""]"
5ab4304a55429942dd415ec5,linucb,2,Argentina,South America,0.0,0.0,0.0,0.0,265,4,5.6200000000000004e-05,"[""After the Truth"", ""Real Life (webcomic)""]"
5ab4304a55429942dd415ec5,linucb,3,Argentina,South America,0.0,0.0,0.0,0.0,429,4,8.900000000000001e-05,"[""After the Truth"", ""Real Life (webcomic)"", ""Real Life with Jane Pauley""]"
5ab4304a55429942dd415ec5,linucb,5,Argentina,South America,0.0,0.0,0.0,0.0,600,4,0.0001232,"[""After the Truth"", ""Real Life (webcomic)"", ""Real Life with Jane Pauley"", ""Music Box (film)"", ""Rirura Riruha""]"
5a72dcb45542992359bc31af,linucb,2,Forever Living Products,Aloe Vera of America,0.0,0.0,0.0,0.0,263,6,5.7400000000000006e-05,"[""Rex Maughan"", ""Rex-Acme""]"
5a72dcb45542992359bc31af,linucb,3,Forever Living Products,Aloe Vera of America,0.0,0.0,0.0,0.0,359,6,7.659999999999999e-05,"[""Rex Maughan"", ""Rex-Acme"", ""Rex Records (1933)""]"
5a72dcb45542992359bc31af,linucb,5,Forever Living Products,Aloe Vera of America,0.0,0.0,0.0,0.0,610,6,0.0001268,"[""Rex Maughan"", ""Rex-Acme"", ""Rex Records (1933)"", ""Rex Records (1912)"", ""World Publishing Company""]"
5a7e0ed25542991319bc9424,linucb,2,"May 20, 2001","November 1, 2000",0.0,0.0,0.0,0.0,384,16,8.960000000000001e-05,"[""The Simpsons 138th Episode Spectacular"", ""The Simpsons (season 12)""]"
5a7e0ed25542991319bc9424,linucb,3,"November 1, 2000","November 1, 2000",1.0,1.0,1.0,1.0,466,16,0.000106,"[""The Simpsons 138th Episode Spectacular"", ""The Simpsons (season 12)"", ""249th Airlift Squadron""]"
5a7e0ed25542991319bc9424,linucb,5,"November 1, 2000","November 1, 2000",1.0,1.0,1.0,1.0,700,10,0.000148,"[""The Simpsons 138th Episode Spectacular"", ""The Simpsons (season 12)"", ""249th Airlift Squadron"", ""Treehouse of Horror XI"", ""249th (Saskatchewan) Battalion, CEF""]"
5ab9e477554299232ef4a25d,linucb,2,Woolworth Building,Woolworth Building,1.0,1.0,1.0,1.0,358,7,7.72e-05,"[""1 New York Plaza"", ""Woolworth Building""]"
5ab9e477554299232ef4a25d,linucb,3,Woolworth Building,Woolworth Building,1.0,1.0,1.0,1.0,433,7,9.22e-05,"[""1 New York Plaza"", ""Woolworth Building"", ""F. W. Woolworth Building (Watertown, New York)""]"
5ab9e477554299232ef4a25d,linucb,5,Woolworth Building,Woolworth Building,1.0,1.0,1.0,1.0,790,7,0.0001636,"[""1 New York Plaza"", ""Woolworth Building"", ""F. W. Woolworth Building (Watertown, New York)"", ""Transportation Building"", ""Petroleum Building (Midland)""]"
5ab900045542991b5579f0c0,linucb,2,Ankara,"Midtown Manhattan in New York City,",0.0,0.0,0.0,0.0,402,5,8.44e-05,"[""Libu\u0161e (opera)"", ""IF Performance Hall""]"
5ab900045542991b5579f0c0,linucb,3,Carnegie Hall,"Midtown Manhattan in New York City,",0.0,0.0,0.0,0.0,539,7,0.0001134,"[""Libu\u0161e (opera)"", ""IF Performance Hall"", ""The Westcott Theater""]"
5ab900045542991b5579f0c0,linucb,5,New York City,"Midtown Manhattan in New York City,",0.0,0.6666666666666666,1.0,0.5,705,6,0.00014580000000000002,"[""Libu\u0161e (opera)"", ""IF Performance Hall"", ""The Westcott Theater"", ""G\u00fcrzenich Orchestra Cologne"", ""Carnegie Hall""]"
5ab6e848554299710c8d1faa,linucb,2,1968,"August 19, 1968",0.0,0.5,1.0,0.3333333333333333,388,5,8.16e-05,"[""Alpher\u2013Bethe\u2013Gamow paper"", ""George Gamow""]"
5ab6e848554299710c8d1faa,linucb,3,"August 19, 1968","August 19, 1968",1.0,1.0,1.0,1.0,471,10,0.0001022,"[""Alpher\u2013Bethe\u2013Gamow paper"", ""George Gamow"", ""Bethe\u2013Salpeter equation""]"
5ab6e848554299710c8d1faa,linucb,5,1968,"August 19, 1968",0.0,0.5,1.0,0.3333333333333333,832,5,0.0001704,"[""Alpher\u2013Bethe\u2013Gamow paper"", ""George Gamow"", ""Bethe\u2013Salpeter equation"", ""Gilman Paper Company"", ""Ylem""]"
5a7dc2495542997cc2c4749a,linucb,2,Los Angeles Olympics,1984 South Asian Games,0.0,0.0,0.0,0.0,389,6,8.26e-05,"[""Julian Bolling"", ""Mr. Nepal""]"
5a7dc2495542997cc2c4749a,linucb,3,Los Angeles Olympics,1984 South Asian Games,0.0,0.0,0.0,0.0,513,6,0.00010740000000000001,"[""Julian Bolling"", ""Mr. Nepal"", ""Miss Nepal 2012""]"
5a7dc2495542997cc2c4749a,linucb,5,Los Angeles Olympic Games,1984 South Asian Games,0.0,0.25,0.25,0.25,756,7,0.00015680000000000002,"[""Julian Bolling"", ""Mr. Nepal"", ""Miss Nepal 2012"", ""Miss Nepal 2014"", ""Miss Nepal 2013""]"
5a84e9d35542994c784dda84,linucb,2,Belgium,the Switzerland national team,0.0,0.0,0.0,0.0,295,5,6.3e-05,"[""Nike Mercurial Vapor"", ""Stoke City F.C.""]"
5a84e9d35542994c784dda84,linucb,3,Belgium,the Switzerland national team,0.0,0.0,0.0,0.0,402,5,8.44e-05,"[""Nike Mercurial Vapor"", ""Stoke City F.C."", ""Stoke City F.C. in European football""]"
5a84e9d35542994c784dda84,linucb,5,Switzerland national team,the Switzerland national team,1.0,1.0,1.0,1.0,534,7,0.00011240000000000001,"[""Nike Mercurial Vapor"", ""Stoke City F.C."", ""Stoke City F.C. in European football"", ""Stoke City F.C. Under-23s and Academy"", ""Xherdan Shaqiri""]"
5a7cfea2554299452d57babe,linucb,2,Werner Herzog Eats His Shoe,Werner Herzog Eats His Shoe,1.0,1.0,1.0,1.0,341,9,7.54e-05,"[""Werner Herzog Eats His Shoe"", ""Life After People""]"
5a7cfea2554299452d57babe,linucb,3,Werner Herzog Eats His Shoe,Werner Herzog Eats His Shoe,1.0,1.0,1.0,1.0,385,9,8.42e-05,"[""Werner Herzog Eats His Shoe"", ""Life After People"", ""Portrait Werner Herzog""]"
5a7cfea2554299452d57babe,linucb,5,Werner Herzog Eats His Shoe,Werner Herzog Eats His Shoe,1.0,1.0,1.0,1.0,562,9,0.00011960000000000001,"[""Werner Herzog Eats His Shoe"", ""Life After People"", ""Portrait Werner Herzog"", ""Happy People: A Year in the Taiga"", ""Bells from the Deep""]"
5ae497f15542995ad6573db8,linucb,2,Distillery,Distillery,1.0,1.0,1.0,1.0,227,5,4.940000000000001e-05,"[""NIFL Premier Intermediate League"", ""Sean Connor""]"
5ae497f15542995ad6573db8,linucb,3,Distillery,Distillery,1.0,1.0,1.0,1.0,294,5,6.280000000000001e-05,"[""NIFL Premier Intermediate League"", ""Sean Connor"", ""Northern Ireland Intermediate League""]"
5ae497f15542995ad6573db8,linucb,5,Donegal Celtic,Distillery,0.0,0.0,0.0,0.0,438,6,9.240000000000001e-05,"[""NIFL Premier Intermediate League"", ""Sean Connor"", ""Northern Ireland Intermediate League"", ""Northern Ireland Football League"", ""Donegal Celtic F.C.""]"
5ae2133e554299495565d9e3,linucb,2,noanswer,Kristine Leahy,0.0,0.0,0.0,0.0,370,11,8.28e-05,"[""American Ninja Warrior"", ""American Ninja Challenge""]"
5ae2133e554299495565d9e3,linucb,3,Jenn Brown,Kristine Leahy,0.0,0.0,0.0,0.0,452,5,9.44e-05,"[""American Ninja Warrior"", ""American Ninja Challenge"", ""American Ninja Warrior (season 6)""]"
5ae2133e554299495565d9e3,linucb,5,Jenn Brown,Kristine Leahy,0.0,0.0,0.0,0.0,685,5,0.00014099999999999998,"[""American Ninja Warrior"", ""American Ninja Challenge"", ""American Ninja Warrior (season 6)"", ""American Ninja Warrior (season 2)"", ""American Ninja Warrior (season 7)""]"
5abfe1115542997d64295909,linucb,2,paranormal phenomena,Native American,0.0,0.0,0.0,0.0,304,7,6.640000000000001e-05,"[""Bridgewater Triangle"", ""Bennington Triangle""]"
5abfe1115542997d64295909,linucb,3,paranormal phenomena,Native American,0.0,0.0,0.0,0.0,337,7,7.300000000000001e-05,"[""Bridgewater Triangle"", ""Bennington Triangle"", ""Diffraction in time""]"
5abfe1115542997d64295909,linucb,5,paranormal phenomena,Native American,0.0,0.0,0.0,0.0,503,7,0.0001062,"[""Bridgewater Triangle"", ""Bennington Triangle"", ""Diffraction in time"", ""Separation (statistics)"", ""Patagonia picnic table effect""]"
5a8ce55f554299441c6b9f62,linucb,2,Tulsa,Tulsa,1.0,1.0,1.0,1.0,438,5,9.160000000000002e-05,"[""Tinted Windows (album)"", ""Tinted Windows (band)""]"
5a8ce55f554299441c6b9f62,linucb,3,"Tulsa, Oklahoma",Tulsa,0.0,0.6666666666666666,0.5,1.0,588,7,0.0001232,"[""Tinted Windows (album)"", ""Tinted Windows (band)"", ""The Red Telephone (band)""]"
5a8ce55f554299441c6b9f62,linucb,5,"Tulsa, Oklahoma",Tulsa,0.0,0.6666666666666666,0.5,1.0,902,7,0.000186,"[""Tinted Windows (album)"", ""Tinted Windows (band)"", ""The Red Telephone (band)"", ""Drive By (album)"", ""Grace's Debut""]"
5a7c47c35542990527d55481,linucb,2,Henderson Group,Army & Navy Stores,0.0,0.0,0.0,0.0,281,13,6.66e-05,"[""Donald Swain Lewis"", ""Hyundai Department Store Group""]"
5a7c47c35542990527d55481,linucb,3,Hyde Park Holdings,Army & Navy Stores,0.0,0.0,0.0,0.0,568,13,0.000124,"[""Donald Swain Lewis"", ""Hyundai Department Store Group"", ""The Diamond (department store)""]"
5a7c47c35542990527d55481,linucb,5,noanswer,Army & Navy Stores,0.0,0.0,0.0,0.0,710,5,0.000146,"[""Donald Swain Lewis"", ""Hyundai Department Store Group"", ""The Diamond (department store)"", ""Donald Field"", ""Beatties of London""]"
5ab4107a554299753aec5a2f,linucb,2,1961,1961,1.0,1.0,1.0,1.0,254,5,5.4800000000000004e-05,"[""Dogwoman"", ""Magda Szubanski""]"
5ab4107a554299753aec5a2f,linucb,3,1961,1961,1.0,1.0,1.0,1.0,319,5,6.780000000000001e-05,"[""Dogwoman"", ""Magda Szubanski"", ""Izara Aishah""]"
5ab4107a554299753aec5a2f,linucb,5,1961,1961,1.0,1.0,1.0,1.0,522,5,0.0001084,"[""Dogwoman"", ""Magda Szubanski"", ""Izara Aishah"", ""Jennifer Jayne"", ""Mariko Shiga""]"
5a774e415542994aec3b7280,linucb,2,Ginger Zee,Kait Parker,0.0,0.0,0.0,0.0,291,6,6.3e-05,"[""Ginger Zee"", ""Zee Variasi""]"
5a774e415542994aec3b7280,linucb,3,Bob Ryan,Kait Parker,0.0,0.0,0.0,0.0,422,11,9.32e-05,"[""Ginger Zee"", ""Zee Variasi"", ""Bob Ryan (meteorologist)""]"
5a774e415542994aec3b7280,linucb,5,Rob Marciano,Kait Parker,0.0,0.0,0.0,0.0,605,6,0.0001258,"[""Ginger Zee"", ""Zee Variasi"", ""Bob Ryan (meteorologist)"", ""Rob Marciano"", ""Gurdeep Kohli""]"
5abdf06355429976d4830a2d,linucb,2,"heart
",against the feather of truth,0.0,0.0,0.0,0.0,514,5,0.00010680000000000001,"[""Ancient Egyptian religion"", ""Damnation""]"
5abdf06355429976d4830a2d,linucb,3,feather of truth,against the feather of truth,0.0,0.8571428571428571,1.0,0.75,644,7,0.00013440000000000001,"[""Ancient Egyptian religion"", ""Damnation"", ""Ancient Egyptian deities""]"
5abdf06355429976d4830a2d,linucb,5,heart was weighed against the feather of truth,against the feather of truth,0.0,0.7272727272727273,0.5714285714285714,1.0,905,11,0.0001898,"[""Ancient Egyptian religion"", ""Damnation"", ""Ancient Egyptian deities"", ""Ancient Egyptian offering formula"", ""Traditional Berber religion""]"
5a8ac4dd5542992d82986f76,linucb,2,Bentham,Barnoldswick,0.0,0.0,0.0,0.0,273,11,6.34e-05,"[""Great Stone of Fourstones"", ""Whernside""]"
5a8ac4dd5542992d82986f76,linucb,3,noanswer,Barnoldswick,0.0,0.0,0.0,0.0,380,5,8e-05,"[""Great Stone of Fourstones"", ""Whernside"", ""Tosside""]"
5a8ac4dd5542992d82986f76,linucb,5,Barnoldswick,Barnoldswick,1.0,1.0,1.0,1.0,613,6,0.0001274,"[""Great Stone of Fourstones"", ""Whernside"", ""Tosside"", ""Bancroft Shed"", ""Kirk Deighton""]"
5a8f503c5542992414482a34,linucb,2,British,English,0.0,0.0,0.0,0.0,254,4,5.4000000000000005e-05,"[""The Prodigal Daughter"", ""The Prodigal Judge""]"
5a8f503c5542992414482a34,linucb,3,British,English,0.0,0.0,0.0,0.0,584,4,0.00012,"[""The Prodigal Daughter"", ""The Prodigal Judge"", ""The History of Rock""]"
5a8f503c5542992414482a34,linucb,5,British,English,0.0,0.0,0.0,0.0,794,4,0.000162,"[""The Prodigal Daughter"", ""The Prodigal Judge"", ""The History of Rock"", ""What's So Amazing About Grace?"", ""Prodigal Daughter (Star Trek: Deep Space Nine)""]"
5a8ec55f5542995a26add50c,linucb,2,Black Mountain,4145 ft,0.0,0.0,0.0,0.0,275,5,5.9000000000000004e-05,"[""Maine State Route 160"", ""Virginia State Route 160""]"
5a8ec55f5542995a26add50c,linucb,3,Black Mountain,4145 ft,0.0,0.0,0.0,0.0,380,11,8.48e-05,"[""Maine State Route 160"", ""Virginia State Route 160"", ""Washington State Route 160""]"
5a8ec55f5542995a26add50c,linucb,5,on top of Black Mountain,4145 ft,0.0,0.0,0.0,0.0,678,8,0.00014199999999999998,"[""Maine State Route 160"", ""Virginia State Route 160"", ""Washington State Route 160"", ""Alabama State Route 160"", ""Ohio State Route 160""]"
5ae1338d55429901ffe4ade1,linucb,2,caffeinated alcoholic beverage,the green fairy,0.0,0.0,0.0,0.0,281,14,6.740000000000001e-05,"[""Quintessentially Unreal"", ""Caffeinated alcoholic drink""]"
5ae1338d55429901ffe4ade1,linucb,3,arak,the green fairy,0.0,0.0,0.0,0.0,440,4,9.12e-05,"[""Quintessentially Unreal"", ""Caffeinated alcoholic drink"", ""Arak (drink)""]"
5ae1338d55429901ffe4ade1,linucb,5,araq,the green fairy,0.0,0.0,0.0,0.0,665,4,0.0001362,"[""Quintessentially Unreal"", ""Caffeinated alcoholic drink"", ""Arak (drink)"", ""List of alcoholic drinks"", ""Zurracapote""]"
5a7bea3d5542996dd594b847,linucb,2,Sean Maguire,Sean Maguire,1.0,1.0,1.0,1.0,390,6,8.28e-05,"[""Robin Hood (Once Upon a Time)"", ""Alyas Robin Hood""]"
5a7bea3d5542996dd594b847,linucb,3,Sean Maguire,Sean Maguire,1.0,1.0,1.0,1.0,494,6,0.00010360000000000001,"[""Robin Hood (Once Upon a Time)"", ""Alyas Robin Hood"", ""List of Alyas Robin Hood episodes""]"
5a7bea3d5542996dd594b847,linucb,5,Sean Maguire,Sean Maguire,1.0,1.0,1.0,1.0,741,6,0.00015300000000000003,"[""Robin Hood (Once Upon a Time)"", ""Alyas Robin Hood"", ""List of Alyas Robin Hood episodes"", ""List of Alyas Robin Hood characters"", ""Tom Ellis (actor)""]"
5a7f567e5542992097ad2f22,linucb,2,2001,2001,1.0,1.0,1.0,1.0,429,5,8.980000000000001e-05,"[""Honda K engine"", ""Honda H Engine""]"
5a7f567e5542992097ad2f22,linucb,3,2001,2001,1.0,1.0,1.0,1.0,537,5,0.00011140000000000001,"[""Honda K engine"", ""Honda H Engine"", ""Honda B20A engine""]"
5a7f567e5542992097ad2f22,linucb,5,2001,2001,1.0,1.0,1.0,1.0,877,5,0.0001794,"[""Honda K engine"", ""Honda H Engine"", ""Honda B20A engine"", ""Honda B engine"", ""Honda CLR""]"
5ac26ac15542992f1f2b38bc,linucb,2,noanswer,Sam Phillips,0.0,0.0,0.0,0.0,300,5,6.4e-05,"[""MTV Films"", ""Paramount Vantage""]"
5ac26ac15542992f1f2b38bc,linucb,3,Patrick Marber,Sam Phillips,0.0,0.0,0.0,0.0,388,6,8.24e-05,"[""MTV Films"", ""Paramount Vantage"", ""Asylum (2005 film)""]"
5ac26ac15542992f1f2b38bc,linucb,5,Patrick McGrath,Sam Phillips,0.0,0.0,0.0,0.0,561,7,0.0001178,"[""MTV Films"", ""Paramount Vantage"", ""Asylum (2005 film)"", ""Paramount Famous Productions"", ""Jackass: The Movie""]"
5adbcc085542996e6852523c,linucb,2,crackers or vegetables,"poi, Kalua pig, poke, lomi salmon, opihi, haupia",0.0,0.0,0.0,0.0,405,7,8.66e-05,"[""Hawaiian Cottage"", ""Pub cheese""]"
5adbcc085542996e6852523c,linucb,3,"poi, Kalua pig, poke, lomi salmon, opihi, haupia and beer","poi, Kalua pig, poke, lomi salmon, opihi, haupia",0.0,0.888888888888889,0.8,1.0,511,22,0.00011980000000000001,"[""Hawaiian Cottage"", ""Pub cheese"", ""Luau""]"
5adbcc085542996e6852523c,linucb,5,pizza,"poi, Kalua pig, poke, lomi salmon, opihi, haupia",0.0,0.0,0.0,0.0,747,4,0.0001526,"[""Hawaiian Cottage"", ""Pub cheese"", ""Luau"", ""Elio Leoni Sceti"", ""A-ration""]"
5ae531695542990ba0bbb1fb,linucb,2,1945,1945,1.0,1.0,1.0,1.0,313,5,6.66e-05,"[""2007 South Carolina Gamecocks football team"", ""2006 South Carolina Gamecocks football team""]"
5ae531695542990ba0bbb1fb,linucb,3,1945,1945,1.0,1.0,1.0,1.0,394,5,8.280000000000002e-05,"[""2007 South Carolina Gamecocks football team"", ""2006 South Carolina Gamecocks football team"", ""2005 South Carolina Gamecocks football team""]"
5ae531695542990ba0bbb1fb,linucb,5,1945,1945,1.0,1.0,1.0,1.0,612,5,0.00012639999999999998,"[""2007 South Carolina Gamecocks football team"", ""2006 South Carolina Gamecocks football team"", ""2005 South Carolina Gamecocks football team"", ""1989 South Carolina Gamecocks football team"", ""1998 South Carolina Gamecocks football team""]"
5ac2cb09554299657fa29066,linucb,2,Texas Longhorns,Texas Longhorns men's basketball team,0.0,0.5714285714285715,1.0,0.4,363,7,7.82e-05,"[""Travis Mays"", ""Big 12 Conference football""]"
5ac2cb09554299657fa29066,linucb,3,Longhorns,Texas Longhorns men's basketball team,0.0,0.33333333333333337,1.0,0.2,509,6,0.0001066,"[""Travis Mays"", ""Big 12 Conference football"", ""Big 12 Conference Softball Tournament""]"
5ac2cb09554299657fa29066,linucb,5,Texas Longhorns,Texas Longhorns men's basketball team,0.0,0.5714285714285715,1.0,0.4,721,7,0.0001498,"[""Travis Mays"", ""Big 12 Conference football"", ""Big 12 Conference Softball Tournament"", ""2016 Big 12 Conference football season"", ""Big 12 Conference men's basketball""]"
5a82817555429954d2e2eb5a,linucb,2,Naked Killer,"""Naked Killer""",1.0,1.0,1.0,1.0,228,6,5.0400000000000005e-05,"[""Naked Weapon"", ""Naked Soldier""]"
5a82817555429954d2e2eb5a,linucb,3,Naked Killer,"""Naked Killer""",1.0,1.0,1.0,1.0,335,6,7.18e-05,"[""Naked Weapon"", ""Naked Soldier"", ""Naked City (TV series)""]"
5a82817555429954d2e2eb5a,linucb,5,Naked Killer,"""Naked Killer""",1.0,1.0,1.0,1.0,600,6,0.0001248,"[""Naked Weapon"", ""Naked Soldier"", ""Naked City (TV series)"", ""Naked Gun 33\u2153: The Final Insult"", ""American Pie Presents: The Naked Mile""]"
5ae34b275542992e3233c371,linucb,2,Drama Desk Award for Outstanding Lighting Design,Outstanding Lighting Design,0.0,0.6,0.42857142857142855,1.0,278,10,6.36e-05,"[""Equus (play)"", ""David Hersey""]"
5ae34b275542992e3233c371,linucb,3,Drama Desk Award for Outstanding Lighting Design,Outstanding Lighting Design,0.0,0.6,0.42857142857142855,1.0,375,10,8.3e-05,"[""Equus (play)"", ""David Hersey"", ""Equus (film)""]"
5ae34b275542992e3233c371,linucb,5,Drama Desk Award for Outstanding Lighting Design,Outstanding Lighting Design,0.0,0.6,0.42857142857142855,1.0,447,10,9.740000000000001e-05,"[""Equus (play)"", ""David Hersey"", ""Equus (film)"", ""Amadeus (disambiguation)"", ""The Pad and How to Use It""]"
5a74f5155542993748c89750,linucb,2,Colomac Mine,The Colomac Mine,1.0,1.0,1.0,1.0,477,6,0.0001002,"[""Kemess Mine"", ""Colomac Mine""]"
5a74f5155542993748c89750,linucb,3,Colomac Mine,The Colomac Mine,1.0,1.0,1.0,1.0,542,6,0.0001132,"[""Kemess Mine"", ""Colomac Mine"", ""Royal Oak Neighborhood Schools""]"
5a74f5155542993748c89750,linucb,5,Colomac Mine,The Colomac Mine,1.0,1.0,1.0,1.0,880,6,0.0001808,"[""Kemess Mine"", ""Colomac Mine"", ""Royal Oak Neighborhood Schools"", ""Colomac Airport"", ""P3 Mk2 mine""]"
5add0f635542994ed6169c56,linucb,2,yes,yes,1.0,1.0,1.0,1.0,239,4,5.1000000000000006e-05,"[""The Man from Snowy River II"", ""Snowy River""]"
5add0f635542994ed6169c56,linucb,3,yes,yes,1.0,1.0,1.0,1.0,310,4,6.52e-05,"[""The Man from Snowy River II"", ""Snowy River"", ""Miracle of the White Stallions""]"
5add0f635542994ed6169c56,linucb,5,yes,yes,1.0,1.0,1.0,1.0,533,4,0.0001098,"[""The Man from Snowy River II"", ""Snowy River"", ""Miracle of the White Stallions"", ""The Man from Snowy River (poem)"", ""The Man from Snowy River and Other Verses""]"
5ab4428c5542990594ba9bda,linucb,2,yes,yes,1.0,1.0,1.0,1.0,350,4,7.319999999999999e-05,"[""Lush (band)"", ""P.O.D.""]"
5ab4428c5542990594ba9bda,linucb,3,yes,yes,1.0,1.0,1.0,1.0,537,4,0.0001106,"[""Lush (band)"", ""P.O.D."", ""The Beatles: Rock Band""]"
5ab4428c5542990594ba9bda,linucb,5,yes,yes,1.0,1.0,1.0,1.0,839,4,0.000171,"[""Lush (band)"", ""P.O.D."", ""The Beatles: Rock Band"", ""The Chemistry Set (American band)"", ""List of songs recorded by Nickelback""]"
5a721a7655429971e9dc9271,linucb,2,Christopher Rich,Christopher Rich,1.0,1.0,1.0,1.0,378,11,8.44e-05,"[""Johnny Brown (actor)"", ""Christopher Rich (actor)""]"
5a721a7655429971e9dc9271,linucb,3,Christopher Rich,Christopher Rich,1.0,1.0,1.0,1.0,522,5,0.0001084,"[""Johnny Brown (actor)"", ""Christopher Rich (actor)"", ""The Middle (TV series)""]"
5a721a7655429971e9dc9271,linucb,5,Christopher Rich,Christopher Rich,1.0,1.0,1.0,1.0,811,11,0.000171,"[""Johnny Brown (actor)"", ""Christopher Rich (actor)"", ""The Middle (TV series)"", ""The Oldest Man (character)"", ""Grizz Chapman""]"
5ae532365542992663a4f150,linucb,2,2015,2015,1.0,1.0,1.0,1.0,383,5,8.060000000000001e-05,"[""Playford B Power Station"", ""Playford A Power Station""]"
5ae532365542992663a4f150,linucb,3,2015,2015,1.0,1.0,1.0,1.0,484,5,0.00010080000000000001,"[""Playford B Power Station"", ""Playford A Power Station"", ""Pembroke Power Station""]"
5ae532365542992663a4f150,linucb,5,2015,2015,1.0,1.0,1.0,1.0,907,5,0.0001854,"[""Playford B Power Station"", ""Playford A Power Station"", ""Pembroke Power Station"", ""Blyth Power Station"", ""Dunston Power Station""]"
5a72f1cf5542994cef4bc414,linucb,2,Gary Oldman,Gary Oldman,1.0,1.0,1.0,1.0,294,6,6.36e-05,"[""The Scarlet Letter (1995 film)"", ""The Scarlet Letter (1922 film)""]"
5a72f1cf5542994cef4bc414,linucb,3,Gary Oldman,Gary Oldman,1.0,1.0,1.0,1.0,604,6,0.00012560000000000002,"[""The Scarlet Letter (1995 film)"", ""The Scarlet Letter (1922 film)"", ""Robert Duvall filmography""]"
5a72f1cf5542994cef4bc414,linucb,5,Gary Oldman,Gary Oldman,1.0,1.0,1.0,1.0,765,6,0.00015780000000000001,"[""The Scarlet Letter (1995 film)"", ""The Scarlet Letter (1922 film)"", ""Robert Duvall filmography"", ""Phenomenon (film)"", ""Streak (film)""]"
5a749e1855429979e28829c3,linucb,2,Emilio Sánchez,Emilio Ángel Sánchez Vicario,0.0,0.6666666666666666,1.0,0.5,271,6,5.9000000000000004e-05,"[""Andrei Olhovskiy"", ""Emilio S\u00e1nchez""]"
5a749e1855429979e28829c3,linucb,3,Emilio Sánchez,Emilio Ángel Sánchez Vicario,0.0,0.6666666666666666,1.0,0.5,325,6,6.979999999999999e-05,"[""Andrei Olhovskiy"", ""Emilio S\u00e1nchez"", ""Andrei Pavel""]"
5a749e1855429979e28829c3,linucb,5,Emilio Sánchez,Emilio Ángel Sánchez Vicario,0.0,0.6666666666666666,1.0,0.5,482,6,0.00010120000000000001,"[""Andrei Olhovskiy"", ""Emilio S\u00e1nchez"", ""Andrei Pavel"", ""Orlando S\u00e1nchez (basketball)"", ""1986 Swedish Open""]"
5a8b051255429971feec460e,linucb,2,McCarran,U.S. Senator Pat McCarran,0.0,0.4,1.0,0.25,359,6,7.659999999999999e-05,"[""Henderson Executive Airport"", ""Toledo Executive Airport""]"
5a8b051255429971feec460e,linucb,3,McCarran,U.S. Senator Pat McCarran,0.0,0.4,1.0,0.25,452,6,9.52e-05,"[""Henderson Executive Airport"", ""Toledo Executive Airport"", ""Hayward Executive Airport""]"
5a8b051255429971feec460e,linucb,5,McCarran,U.S. Senator Pat McCarran,0.0,0.4,1.0,0.25,672,6,0.00013920000000000002,"[""Henderson Executive Airport"", ""Toledo Executive Airport"", ""Hayward Executive Airport"", ""Indianapolis Executive Airport"", ""Dallas Executive Airport""]"
5a7616755542992d0ec06028,linucb,2,Henderson,"Gulfport, Biloxi",0.0,0.0,0.0,0.0,255,6,5.58e-05,"[""Henderson Point, Mississippi"", ""Henderson County, Kentucky""]"
5a7616755542992d0ec06028,linucb,3,Gulfport,"Gulfport, Biloxi",0.0,0.6666666666666666,1.0,0.5,317,6,6.82e-05,"[""Henderson Point, Mississippi"", ""Henderson County, Kentucky"", ""Henderson, Texas""]"
5a7616755542992d0ec06028,linucb,5,Biloxi,"Gulfport, Biloxi",0.0,0.6666666666666666,1.0,0.5,504,5,0.00010480000000000001,"[""Henderson Point, Mississippi"", ""Henderson County, Kentucky"", ""Henderson, Texas"", ""Biloxi, Mississippi"", ""Paulding, Mississippi""]"
5ac0fd56554299012d1db679,linucb,2,noanswer,Missouri,0.0,0.0,0.0,0.0,375,5,7.9e-05,"[""Carrie Coon"", ""In Love and War (1958 film)""]"
5ac0fd56554299012d1db679,linucb,3,noanswer,Missouri,0.0,0.0,0.0,0.0,463,5,9.660000000000002e-05,"[""Carrie Coon"", ""In Love and War (1958 film)"", ""Ralph A. Vaughn""]"
5ac0fd56554299012d1db679,linucb,5,Missouri,Missouri,1.0,1.0,1.0,1.0,611,5,0.0001262,"[""Carrie Coon"", ""In Love and War (1958 film)"", ""Ralph A. Vaughn"", ""Gone Girl (film)"", ""The Keeping Hours""]"
5adde73f5542992200553b94,linucb,2,"Spider-Man
",comic,0.0,0.0,0.0,0.0,282,6,6.120000000000001e-05,"[""Spider-Man in film"", ""Spider-Man (pinball)""]"
5adde73f5542992200553b94,linucb,3,"Spider-Man
",comic,0.0,0.0,0.0,0.0,406,6,8.6e-05,"[""Spider-Man in film"", ""Spider-Man (pinball)"", ""Spider-Man 2""]"
5adde73f5542992200553b94,linucb,5,Spider-Man,comic,0.0,0.0,0.0,0.0,765,5,0.000157,"[""Spider-Man in film"", ""Spider-Man (pinball)"", ""Spider-Man 2"", ""Lego Spider-Man"", ""Spider-Man: Homecoming""]"
5ab506a05542990594ba9cd6,linucb,2,Sonerila,Sonerila,1.0,1.0,1.0,1.0,221,6,4.9000000000000005e-05,"[""Sonerila"", ""List of Scaevola species""]"
5ab506a05542990594ba9cd6,linucb,3,Sonerila,Sonerila,1.0,1.0,1.0,1.0,268,6,5.84e-05,"[""Sonerila"", ""List of Scaevola species"", ""Sonerila janakiana""]"
5ab506a05542990594ba9cd6,linucb,5,Scaevola,Sonerila,0.0,0.0,0.0,0.0,368,7,7.920000000000001e-05,"[""Sonerila"", ""List of Scaevola species"", ""Sonerila janakiana"", ""Scaevola coriacea"", ""Scaevola (plant)""]"
5a7f57a45542992097ad2f29,linucb,2,Venstre,"Liberal ""Venstre"" party",0.0,0.5,1.0,0.3333333333333333,256,5,5.520000000000001e-05,"[""Johan Henrik Deuntzer"", ""Radical Left (France)""]"
5a7f57a45542992097ad2f29,linucb,3,Venstre,"Liberal ""Venstre"" party",0.0,0.5,1.0,0.3333333333333333,363,5,7.66e-05,"[""Johan Henrik Deuntzer"", ""Radical Left (France)"", ""Cabinet of Deuntzer""]"
5a7f57a45542992097ad2f29,linucb,5,Venstre,"Liberal ""Venstre"" party",0.0,0.5,1.0,0.3333333333333333,566,5,0.0001172,"[""Johan Henrik Deuntzer"", ""Radical Left (France)"", ""Cabinet of Deuntzer"", ""Committee for a Radical Left Rally"", ""Danish Social Liberal Party""]"
5a8dee2455429917b4a5bce1,linucb,2,127 Hours,Pineapple Express,0.0,0.0,0.0,0.0,398,5,8.360000000000001e-05,"[""127 Hours"", ""List of accolades received by 127 Hours""]"
5a8dee2455429917b4a5bce1,linucb,3,The Artist,Pineapple Express,0.0,0.0,0.0,0.0,732,5,0.0001504,"[""127 Hours"", ""List of accolades received by 127 Hours"", ""Factories Act 1847""]"
5a8dee2455429917b4a5bce1,linucb,5,Treehouse of Horror XXII,Pineapple Express,0.0,0.0,0.0,0.0,967,9,0.00020060000000000002,"[""127 Hours"", ""List of accolades received by 127 Hours"", ""Factories Act 1847"", ""Treehouse of Horror XXII"", ""Coal Mines Regulation Act 1908""]"
5a7cd7f055429909bec7683e,linucb,2,Marlboro High School,Juilliard School,0.0,0.4,0.3333333333333333,0.5,326,14,7.64e-05,"[""The Steppe (novella)"", ""Three Sisters (play)""]"
5a7cd7f055429909bec7683e,linucb,3,Northwestern University,Juilliard School,0.0,0.0,0.0,0.0,517,12,0.00011300000000000001,"[""The Steppe (novella)"", ""Three Sisters (play)"", ""The Cherry Orchard""]"
5a7cd7f055429909bec7683e,linucb,5,Juilliard School,Juilliard School,1.0,1.0,1.0,1.0,800,7,0.00016560000000000001,"[""The Steppe (novella)"", ""Three Sisters (play)"", ""The Cherry Orchard"", ""Jessica Chastain on screen and stage"", ""Maria Chekhova""]"
5a7cb8bc554299452d57b9be,linucb,2,"27,000","27,000",1.0,1.0,1.0,1.0,297,6,6.42e-05,"[""Lahore Eagles"", ""Lahore Lions""]"
5a7cb8bc554299452d57b9be,linucb,3,"27,000 spectators","27,000",0.0,0.6666666666666666,0.5,1.0,443,7,9.420000000000001e-05,"[""Lahore Eagles"", ""Lahore Lions"", ""Gaddafi Stadium""]"
5a7cb8bc554299452d57b9be,linucb,5,27000,"27,000",1.0,1.0,1.0,1.0,546,5,0.0001132,"[""Lahore Eagles"", ""Lahore Lions"", ""Gaddafi Stadium"", ""Aamer Iqbal (cricketer, born 1990)"", ""Khurram Shehzad""]"
5ab9547755429970cfb8ea6c,linucb,2,87,87,1.0,1.0,1.0,1.0,234,4,5.000000000000001e-05,"[""St Dionis Backchurch"", ""St Dionis Vicarage""]"
5ab9547755429970cfb8ea6c,linucb,3,51,87,0.0,0.0,0.0,0.0,270,4,5.72e-05,"[""St Dionis Backchurch"", ""St Dionis Vicarage"", ""St Dionis Mission Hall""]"
5ab9547755429970cfb8ea6c,linucb,5,89,87,0.0,0.0,0.0,0.0,644,4,0.000132,"[""St Dionis Backchurch"", ""St Dionis Vicarage"", ""St Dionis Mission Hall"", ""Archdeaconry of St Andrews"", ""St Mary's Church, Acton""]"
5a8cfa2e554299585d9e378b,linucb,2,glass cutter,professional footballer,0.0,0.0,0.0,0.0,305,5,6.5e-05,"[""Lock, Stock and Two Smoking Barrels"", ""Lock, Stock...""]"
5a8cfa2e554299585d9e378b,linucb,3,noanswer,professional footballer,0.0,0.0,0.0,0.0,368,5,7.760000000000002e-05,"[""Lock, Stock and Two Smoking Barrels"", ""Lock, Stock..."", ""Alan Ford (actor)""]"
5a8cfa2e554299585d9e378b,linucb,5,professional footballer,professional footballer,1.0,1.0,1.0,1.0,475,6,9.98e-05,"[""Lock, Stock and Two Smoking Barrels"", ""Lock, Stock..."", ""Alan Ford (actor)"", ""Stephen Marcus"", ""Vinnie Jones""]"
5ab67bd355429954757d32f2,linucb,2,New York Giants,New York Giants,1.0,1.0,1.0,1.0,493,6,0.0001034,"[""Curt Menefee"", ""Michael Strahan""]"
5ab67bd355429954757d32f2,linucb,3,New York Giants,New York Giants,1.0,1.0,1.0,1.0,575,6,0.0001198,"[""Curt Menefee"", ""Michael Strahan"", ""Michael Hj\u00e4lm""]"
5ab67bd355429954757d32f2,linucb,5,New York Giants,New York Giants,1.0,1.0,1.0,1.0,752,6,0.0001552,"[""Curt Menefee"", ""Michael Strahan"", ""Michael Hj\u00e4lm"", ""Fiona Forbes"", ""Ray Nitschke""]"
5abecdf45542997719eab5d4,linucb,2,Polk County,Polk,0.0,0.6666666666666666,0.5,1.0,392,6,8.32e-05,"[""Lake Wales Ridge National Wildlife Refuge"", ""Medicine Lake National Wildlife Refuge""]"
5abecdf45542997719eab5d4,linucb,3,Polk County,Polk,0.0,0.6666666666666666,0.5,1.0,522,6,0.0001092,"[""Lake Wales Ridge National Wildlife Refuge"", ""Medicine Lake National Wildlife Refuge"", ""Audubon National Wildlife Refuge""]"
5abecdf45542997719eab5d4,linucb,5,Polk County,Polk,0.0,0.6666666666666666,0.5,1.0,799,6,0.00016460000000000002,"[""Lake Wales Ridge National Wildlife Refuge"", ""Medicine Lake National Wildlife Refuge"", ""Audubon National Wildlife Refuge"", ""Pahranagat National Wildlife Refuge"", ""Desert National Wildlife Refuge""]"
5a7e37095542995ed0d166d5,linucb,2,Sinclair Hill,Sinclair Hill,1.0,1.0,1.0,1.0,226,6,5e-05,"[""Robert Z. Leonard"", ""Sinclair Hill""]"
5a7e37095542995ed0d166d5,linucb,3,Robert Z. Leonard,Sinclair Hill,0.0,0.0,0.0,0.0,282,7,6.200000000000002e-05,"[""Robert Z. Leonard"", ""Sinclair Hill"", ""Fascination (1922 film)""]"
5a7e37095542995ed0d166d5,linucb,5,Robert Z. Leonard,Sinclair Hill,0.0,0.0,0.0,0.0,444,7,9.440000000000002e-05,"[""Robert Z. Leonard"", ""Sinclair Hill"", ""Fascination (1922 film)"", ""Broadway Rose (film)"", ""The Truants (film)""]"
5a8f18d555429918e830d189,linucb,2,Lincoln,Caistor is a town,0.0,0.0,0.0,0.0,258,4,5.4800000000000004e-05,"[""Normanby le Wold"", ""Welton Le Wold""]"
5a8f18d555429918e830d189,linucb,3,Caistor,Caistor is a town,0.0,0.5,1.0,0.3333333333333333,348,5,7.360000000000001e-05,"[""Normanby le Wold"", ""Welton Le Wold"", ""Gayton le Wold""]"
5a8f18d555429918e830d189,linucb,5,Caistor,Caistor is a town,0.0,0.5,1.0,0.3333333333333333,489,5,0.00010180000000000001,"[""Normanby le Wold"", ""Welton Le Wold"", ""Gayton le Wold"", ""Grimblethorpe"", ""Hallington""]"
5a7b85ac5542997c3ec971ef,linucb,2,Mr. Holmes,Robot Overlords,0.0,0.0,0.0,0.0,218,6,4.8400000000000004e-05,"[""Milo Parker"", ""Milo Parker Jewett""]"
5a7b85ac5542997c3ec971ef,linucb,3,Mr. Holmes,Robot Overlords,0.0,0.0,0.0,0.0,275,6,5.9800000000000003e-05,"[""Milo Parker"", ""Milo Parker Jewett"", ""Veerasamy""]"
5a7b85ac5542997c3ec971ef,linucb,5,Robot Overlords,Robot Overlords,1.0,1.0,1.0,1.0,412,6,8.72e-05,"[""Milo Parker"", ""Milo Parker Jewett"", ""Veerasamy"", ""Francesca Fowler"", ""Robot Overlords""]"
5ae617285542996de7b71b4c,linucb,2,Canadian-born,South African-born,0.0,0.0,0.0,0.0,278,5,5.9600000000000005e-05,"[""The Lady Craved Excitement"", ""Evan Thomas (actor)""]"
5ae617285542996de7b71b4c,linucb,3,South African-born,South African-born,1.0,1.0,1.0,1.0,318,6,6.84e-05,"[""The Lady Craved Excitement"", ""Evan Thomas (actor)"", ""Sid James""]"
5ae617285542996de7b71b4c,linucb,5,South African-born,South African-born,1.0,1.0,1.0,1.0,402,6,8.52e-05,"[""The Lady Craved Excitement"", ""Evan Thomas (actor)"", ""Sid James"", ""Basil Moss"", ""Campbell Singer""]"
5ae7247b5542992ae0d163c1,linucb,2,"September 3, 2017","November 10, 2017",0.0,0.3333333333333333,0.3333333333333333,0.3333333333333333,397,10,8.740000000000001e-05,"[""...Ready for It?"", ""Taylor Swift (album)""]"
5ae7247b5542992ae0d163c1,linucb,3,"November 10, 2017","November 10, 2017",1.0,1.0,1.0,1.0,445,10,9.7e-05,"[""...Ready for It?"", ""Taylor Swift (album)"", ""Reputation (Taylor Swift album)""]"
5ae7247b5542992ae0d163c1,linucb,5,"November 10, 2017","November 10, 2017",1.0,1.0,1.0,1.0,750,10,0.000158,"[""...Ready for It?"", ""Taylor Swift (album)"", ""Reputation (Taylor Swift album)"", ""Fearless (Taylor Swift album)"", ""Our Song (Taylor Swift song)""]"
5ae0ae4555429945ae959419,linucb,2,Mermaid,A mermaid,1.0,1.0,1.0,1.0,284,5,6.080000000000001e-05,"[""Another Language (album)"", ""Jal Pari (album)""]"
5ae0ae4555429945ae959419,linucb,3,Mermaid,A mermaid,1.0,1.0,1.0,1.0,336,5,7.120000000000001e-05,"[""Another Language (album)"", ""Jal Pari (album)"", ""Tom Peterson and Another Language""]"
5ae0ae4555429945ae959419,linucb,5,mermaid,A mermaid,1.0,1.0,1.0,1.0,522,5,0.0001084,"[""Another Language (album)"", ""Jal Pari (album)"", ""Tom Peterson and Another Language"", ""JAL (compiler)"", ""Jal Pari (TV series)""]"
5ae306115542992decbdcdc4,linucb,2,Spamarama,Hormel Foods Corporation,0.0,0.0,0.0,0.0,370,6,7.879999999999999e-05,"[""Puin (brand)"", ""Spamarama""]"
5ae306115542992decbdcdc4,linucb,3,Spamarama,Hormel Foods Corporation,0.0,0.0,0.0,0.0,463,6,9.740000000000001e-05,"[""Puin (brand)"", ""Spamarama"", ""Luck's Incorporated""]"
5ae306115542992decbdcdc4,linucb,5,Spam,Hormel Foods Corporation,0.0,0.0,0.0,0.0,659,4,0.000135,"[""Puin (brand)"", ""Spamarama"", ""Luck's Incorporated"", ""GFS Canada"", ""Spam (food)""]"
5ade4fcc5542997c77adeded,linucb,2,Pim Fortuyn,"Wilhelmus Simon Petrus Fortuijn, known as Pim Fortuyn",0.0,0.4,1.0,0.25,465,8,9.94e-05,"[""Multiculturalism in the Netherlands"", ""Antisemitism in the Soviet Union""]"
5ade4fcc5542997c77adeded,linucb,3,Pim Fortuyn,"Wilhelmus Simon Petrus Fortuijn, known as Pim Fortuyn",0.0,0.4,1.0,0.25,554,8,0.00011720000000000002,"[""Multiculturalism in the Netherlands"", ""Antisemitism in the Soviet Union"", ""Culture of the Song dynasty""]"
5ade4fcc5542997c77adeded,linucb,5,Pim Fortuyn,"Wilhelmus Simon Petrus Fortuijn, known as Pim Fortuyn",0.0,0.4,1.0,0.25,722,8,0.0001508,"[""Multiculturalism in the Netherlands"", ""Antisemitism in the Soviet Union"", ""Culture of the Song dynasty"", ""Pim Fortuyn"", ""Arthur Docters van Leeuwen""]"
5abdd08d5542991f6610604c,linucb,2,Guardians of the Galaxy Vol. 2,Guardians of the Galaxy Vol. 2,1.0,1.0,1.0,1.0,355,12,8.060000000000001e-05,"[""Ego the Living Planet"", ""James Gunn""]"
5abdd08d5542991f6610604c,linucb,3,Guardians of the Galaxy Vol. 2,Guardians of the Galaxy Vol. 2,1.0,1.0,1.0,1.0,573,12,0.0001242,"[""Ego the Living Planet"", ""James Gunn"", ""Ego Leonard""]"
5abdd08d5542991f6610604c,linucb,5,Guardians of the Galaxy Vol. 2,Guardians of the Galaxy Vol. 2,1.0,1.0,1.0,1.0,727,12,0.000155,"[""Ego the Living Planet"", ""James Gunn"", ""Ego Leonard"", ""Charles Gunn (Angel)"", ""Ranx the Sentient City""]"
5a72abb95542992359bc3162,linucb,2,Smith!,Smith!,1.0,1.0,1.0,1.0,303,11,6.94e-05,"[""Smith!"", ""Cars 3""]"
5a72abb95542992359bc3162,linucb,3,Smith!,Smith!,1.0,1.0,1.0,1.0,360,5,7.6e-05,"[""Smith!"", ""Cars 3"", ""Cars 3 (2009 film)""]"
5a72abb95542992359bc3162,linucb,5,Smith!,Smith!,1.0,1.0,1.0,1.0,675,5,0.000139,"[""Smith!"", ""Cars 3"", ""Cars 3 (2009 film)"", ""Mater (Cars)"", ""Cars 3: Driven to Win""]"
5a7f54665542992097ad2f1a,linucb,2,Bow and Elbow rivers,Bow River and the Elbow River,0.0,0.6666666666666665,0.75,0.6,257,14,6.26e-05,"[""Chinese Taipei at the 2006 Winter Olympics"", ""Chinese Taipei at the 1988 Winter Olympics""]"
5a7f54665542992097ad2f1a,linucb,3,"Po
",Bow River and the Elbow River,0.0,0.0,0.0,0.0,342,5,7.240000000000001e-05,"[""Chinese Taipei at the 2006 Winter Olympics"", ""Chinese Taipei at the 1988 Winter Olympics"", ""Chinese Taipei at the 2008 Summer Olympics""]"
5a7f54665542992097ad2f1a,linucb,5,Dora Riparia and Sangone,Bow River and the Elbow River,0.0,0.22222222222222224,0.25,0.2,639,10,0.00013580000000000002,"[""Chinese Taipei at the 2006 Winter Olympics"", ""Chinese Taipei at the 1988 Winter Olympics"", ""Chinese Taipei at the 2008 Summer Olympics"", ""Chinese Taipei at the 2010 Winter Olympics"", ""Chinese Taipei at the 1984 Summer Olympics""]"
5ae0bc185542993d6555ec29,linucb,2,Noel Fisher,Ben Savage,0.0,0.0,0.0,0.0,275,6,5.9800000000000003e-05,"[""Penny Bae Bridges"", ""Jimmy Bridges (actor)""]"
5ae0bc185542993d6555ec29,linucb,3,Mona's young version?,Ben Savage,0.0,0.0,0.0,0.0,343,9,7.580000000000001e-05,"[""Penny Bae Bridges"", ""Jimmy Bridges (actor)"", ""Penny Framstad""]"
5ae0bc185542993d6555ec29,linucb,5,"Damon Wayans, Jr.",Ben Savage,0.0,0.0,0.0,0.0,557,10,0.00011940000000000002,"[""Penny Bae Bridges"", ""Jimmy Bridges (actor)"", ""Penny Framstad"", ""Shashank Bali"", ""List of Happy Endings episodes""]"
5a864d9e5542994775f6073d,linucb,2,no,no,1.0,1.0,1.0,1.0,200,4,4.3200000000000007e-05,"[""Ulrich Walter"", ""L\u00e9opold Eyharts""]"
5a864d9e5542994775f6073d,linucb,3,no,no,1.0,1.0,1.0,1.0,293,4,6.18e-05,"[""Ulrich Walter"", ""L\u00e9opold Eyharts"", ""Ulrich Diesing""]"
5a864d9e5542994775f6073d,linucb,5,no,no,1.0,1.0,1.0,1.0,776,4,0.0001584,"[""Ulrich Walter"", ""L\u00e9opold Eyharts"", ""Ulrich Diesing"", ""Ulrich S. Schubert"", ""Basilica of SS. Ulrich and Afra, Augsburg""]"
5ae5b25d5542990ba0bbb2bb,linucb,2,Christopher Guest,Christopher Haden-Guest,0.0,0.5,0.5,0.5,369,5,7.78e-05,"[""Roman Karmen"", ""Christopher Guest""]"
5ae5b25d5542990ba0bbb2bb,linucb,3,Christopher Guest,Christopher Haden-Guest,0.0,0.5,0.5,0.5,666,5,0.0001372,"[""Roman Karmen"", ""Christopher Guest"", ""Gerold, Prefect of Bavaria""]"
5ae5b25d5542990ba0bbb2bb,linucb,5,Christopher Guest,Christopher Haden-Guest,0.0,0.5,0.5,0.5,785,5,0.00016099999999999998,"[""Roman Karmen"", ""Christopher Guest"", ""Gerold, Prefect of Bavaria"", ""Nuremberg Trials (film)"", ""Slavery in Libya""]"
5ae5e62455429929b0807a07,linucb,2,Italian,Italian,1.0,1.0,1.0,1.0,309,4,6.5e-05,"[""Giovanna d'Arco"", ""Giovanna d'Arco al rogo""]"
5ae5e62455429929b0807a07,linucb,3,Italian,Italian,1.0,1.0,1.0,1.0,438,4,9.080000000000001e-05,"[""Giovanna d'Arco"", ""Giovanna d'Arco al rogo"", ""Giovanna Gray""]"
5ae5e62455429929b0807a07,linucb,5,Italian,Italian,1.0,1.0,1.0,1.0,646,4,0.00013240000000000002,"[""Giovanna d'Arco"", ""Giovanna d'Arco al rogo"", ""Giovanna Gray"", ""American Opera Society"", ""Giuseppe Verdi""]"
5ae0120155429925eb1afbfb,linucb,2,Spies in the Attic,"My Boss, My Hero",0.0,0.0,0.0,0.0,223,15,5.66e-05,"[""Kim Dong-won"", ""Kim Dong-won (filmmaker, born 1955)""]"
5ae0120155429925eb1afbfb,linucb,3,"My Boss, My Teacher 2","My Boss, My Hero",0.0,0.6666666666666665,0.6,0.75,299,10,6.780000000000001e-05,"[""Kim Dong-won"", ""Kim Dong-won (filmmaker, born 1955)"", ""Kim Dong-won (director, born 1962)""]"
5ae0120155429925eb1afbfb,linucb,5,Top Gun,"My Boss, My Hero",0.0,0.0,0.0,0.0,624,5,0.00012880000000000001,"[""Kim Dong-won"", ""Kim Dong-won (filmmaker, born 1955)"", ""Kim Dong-won (director, born 1962)"", ""R2B: Return to Base"", ""Muffin Top: A Love Story""]"
5abe87cb5542993f32c2a156,linucb,2,National Lottery,state-franchised,0.0,0.0,0.0,0.0,299,5,6.38e-05,"[""Collard greens"", ""Millennium Green""]"
5abe87cb5542993f32c2a156,linucb,3,National Lottery,state-franchised,0.0,0.0,0.0,0.0,443,5,9.260000000000001e-05,"[""Collard greens"", ""Millennium Green"", ""Doorstep Greens""]"
5abe87cb5542993f32c2a156,linucb,5,National Lottery,state-franchised,0.0,0.0,0.0,0.0,675,5,0.000139,"[""Collard greens"", ""Millennium Green"", ""Doorstep Greens"", ""Global Greens Charter"", ""List of golf courses in The Villages""]"
5ae2b770554299495565db0f,linucb,2,October,March and April,0.0,0.0,0.0,0.0,304,10,6.88e-05,"[""British Journal"", ""Chagrin Documentary Film Festival""]"
5ae2b770554299495565db0f,linucb,3,October,March and April,0.0,0.0,0.0,0.0,437,4,9.06e-05,"[""British Journal"", ""Chagrin Documentary Film Festival"", ""British Journal of Social Psychology""]"
5ae2b770554299495565db0f,linucb,5,March and April,March and April,1.0,1.0,1.0,1.0,673,12,0.00014419999999999998,"[""British Journal"", ""Chagrin Documentary Film Festival"", ""British Journal of Social Psychology"", ""New Haven Documentary Film Festival"", ""London International Documentary Festival""]"
5a7af2a455429931da12c998,linucb,2,West Palm Beach,Miami,0.0,0.0,0.0,0.0,368,6,7.840000000000001e-05,"[""Palm Beach County, Florida"", ""Palm Springs, Florida""]"
5a7af2a455429931da12c998,linucb,3,West Palm Beach,Miami,0.0,0.0,0.0,0.0,500,6,0.0001048,"[""Palm Beach County, Florida"", ""Palm Springs, Florida"", ""Palm Beach County Glades Airport""]"
5a7af2a455429931da12c998,linucb,5,West Palm Beach,Miami,0.0,0.0,0.0,0.0,825,6,0.0001698,"[""Palm Beach County, Florida"", ""Palm Springs, Florida"", ""Palm Beach County Glades Airport"", ""Palm Tran"", ""Literacy Coalition of Palm Beach County""]"
5a7af23a55429931da12c994,linucb,2,The Suite Life of Zack & Cody,The Suite Life of Zack & Cody,1.0,1.0,1.0,1.0,282,10,6.440000000000001e-05,"[""Candace Flynn"", ""Sara Poulsen""]"
5a7af23a55429931da12c994,linucb,3,Riptide,The Suite Life of Zack & Cody,0.0,0.0,0.0,0.0,380,6,8.08e-05,"[""Candace Flynn"", ""Sara Poulsen"", ""Emma Stevens""]"
5a7af23a55429931da12c994,linucb,5,Riptide,The Suite Life of Zack & Cody,0.0,0.0,0.0,0.0,641,6,0.00013300000000000003,"[""Candace Flynn"", ""Sara Poulsen"", ""Emma Stevens"", ""Phineas and Ferb (season 1)"", ""Phineas and Ferb (season 3)""]"
5ab8634e5542990e739ec8de,linucb,2,John C. Bogle,The Vanguard Group,0.0,0.0,0.0,0.0,322,8,7.080000000000001e-05,"[""Value premium"", ""Forward premium anomaly""]"
5ab8634e5542990e739ec8de,linucb,3,period dependent,The Vanguard Group,0.0,0.0,0.0,0.0,501,5,0.0001042,"[""Value premium"", ""Forward premium anomaly"", ""Option time value""]"
5ab8634e5542990e739ec8de,linucb,5,John C. Bogle,The Vanguard Group,0.0,0.0,0.0,0.0,646,8,0.00013560000000000002,"[""Value premium"", ""Forward premium anomaly"", ""Option time value"", ""John C. Bogle"", ""Tesco Venture Brands""]"
5a8836445542997e5c09a5a5,linucb,2,private,public,0.0,0.0,0.0,0.0,415,4,8.62e-05,"[""Southern Cross University"", ""City University, Malaysia""]"
5a8836445542997e5c09a5a5,linucb,3,private,public,0.0,0.0,0.0,0.0,529,4,0.000109,"[""Southern Cross University"", ""City University, Malaysia"", ""Paolo Leon""]"
5a8836445542997e5c09a5a5,linucb,5,private,public,0.0,0.0,0.0,0.0,801,4,0.00016340000000000001,"[""Southern Cross University"", ""City University, Malaysia"", ""Paolo Leon"", ""Zhang Kangzhi"", ""Michael Osterholm""]"
5ae127c9554299422ee99612,linucb,2,noanswer,Nelson County,0.0,0.0,0.0,0.0,192,5,4.240000000000001e-05,"[""Fighting cock (disambiguation)"", ""Fighting Cock (bourbon)""]"
5ae127c9554299422ee99612,linucb,3,"Bardstown, Kentucky",Nelson County,0.0,0.0,0.0,0.0,248,8,5.6e-05,"[""Fighting cock (disambiguation)"", ""Fighting Cock (bourbon)"", ""The Fighting Cock""]"
5ae127c9554299422ee99612,linucb,5,Boyle County,Nelson County,0.0,0.5,0.5,0.5,464,6,9.76e-05,"[""Fighting cock (disambiguation)"", ""Fighting Cock (bourbon)"", ""The Fighting Cock"", ""Kentucky County, Virginia"", ""Casey County, Kentucky""]"
5ac194db55429964131be23a,linucb,2,Lutheranism,Protestantism,0.0,0.0,0.0,0.0,259,13,6.220000000000001e-05,"[""Dorothea of Denmark, Duchess of Prussia"", ""State religion""]"
5ac194db55429964131be23a,linucb,3,Lutheranism,Protestantism,0.0,0.0,0.0,0.0,401,7,8.58e-05,"[""Dorothea of Denmark, Duchess of Prussia"", ""State religion"", ""Albert, Duke of Prussia""]"
5ac194db55429964131be23a,linucb,5,Lutheranism,Protestantism,0.0,0.0,0.0,0.0,1151,7,0.0002358,"[""Dorothea of Denmark, Duchess of Prussia"", ""State religion"", ""Albert, Duke of Prussia"", ""List of monarchs of Prussia"", ""Freedom of religion in Iran""]"
5ab8eabb5542991b5579f03d,linucb,2,The Home Depot,Chrysler,0.0,0.0,0.0,0.0,241,6,5.300000000000001e-05,"[""Frank Blake"", ""Frank Blake (American football)""]"
5ab8eabb5542991b5579f03d,linucb,3,The Home Depot,Chrysler,0.0,0.0,0.0,0.0,316,6,6.8e-05,"[""Frank Blake"", ""Frank Blake (American football)"", ""Home Depot Landscape Supply""]"
5ab8eabb5542991b5579f03d,linucb,5,The Home Depot,Chrysler,0.0,0.0,0.0,0.0,526,6,0.00011,"[""Frank Blake"", ""Frank Blake (American football)"", ""Home Depot Landscape Supply"", ""Powell v. Home Depot USA, Inc."", ""Douglas Conant""]"
5ab234c65542993be8fa98c6,linucb,2,Luca Guadagnino,Luca Guadagnino,1.0,1.0,1.0,1.0,384,8,8.320000000000002e-05,"[""Armie Hammer"", ""Call Me by Your Name (film)""]"
5ab234c65542993be8fa98c6,linucb,3,Luca Guadagnino,Luca Guadagnino,1.0,1.0,1.0,1.0,542,8,0.00011480000000000001,"[""Armie Hammer"", ""Call Me by Your Name (film)"", ""The Lone Ranger (2013 film)""]"
5ab234c65542993be8fa98c6,linucb,5,Luca Guadagnino,Luca Guadagnino,1.0,1.0,1.0,1.0,705,8,0.0001474,"[""Armie Hammer"", ""Call Me by Your Name (film)"", ""The Lone Ranger (2013 film)"", ""The Man from U.N.C.L.E. (film)"", ""On the Basis of Sex""]"
5ae524415542992663a4f121,linucb,2,Helsinki,"Helsinki, Finland",0.0,0.6666666666666666,1.0,0.5,399,12,8.940000000000002e-05,"[""2016 World Junior Ice Hockey Championships"", ""Mackenzie Blackwood""]"
5ae524415542992663a4f121,linucb,3,Helsinki,"Helsinki, Finland",0.0,0.6666666666666666,1.0,0.5,513,12,0.00011220000000000002,"[""2016 World Junior Ice Hockey Championships"", ""Mackenzie Blackwood"", ""Oscar Dansk""]"
5ae524415542992663a4f121,linucb,5,Oshawa,"Helsinki, Finland",0.0,0.0,0.0,0.0,782,6,0.00016120000000000002,"[""2016 World Junior Ice Hockey Championships"", ""Mackenzie Blackwood"", ""Oscar Dansk"", ""Matt Stajan"", ""Paul Bittner""]"
5a7e42df5542994959419954,linucb,2,Ghana,Ghanaian national team,0.0,0.0,0.0,0.0,419,5,8.780000000000002e-05,"[""Mariana Kovacevic"", ""Treatment of equine lameness""]"
5a7e42df5542994959419954,linucb,3,Ghanaian national team,Ghanaian national team,1.0,1.0,1.0,1.0,473,8,0.00010100000000000002,"[""Mariana Kovacevic"", ""Treatment of equine lameness"", ""Asamoah Gyan""]"
5a7e42df5542994959419954,linucb,5,Ghanaian national team,Ghanaian national team,1.0,1.0,1.0,1.0,642,8,0.0001348,"[""Mariana Kovacevic"", ""Treatment of equine lameness"", ""Asamoah Gyan"", ""Oleai Sports Complex"", ""Slinzega""]"
5abffc0d5542990832d3a1e2,linucb,2,Japanese Instrument of Surrender,nuclear weapons,0.0,0.0,0.0,0.0,314,14,7.400000000000001e-05,"[""Lamar, Missouri"", ""Japanese Instrument of Surrender""]"
5abffc0d5542990832d3a1e2,linucb,3,Japanese Instrument of Surrender,nuclear weapons,0.0,0.0,0.0,0.0,421,14,9.54e-05,"[""Lamar, Missouri"", ""Japanese Instrument of Surrender"", ""Appointment in Tokyo""]"
5abffc0d5542990832d3a1e2,linucb,5,Japanese Instrument of Surrender,nuclear weapons,0.0,0.0,0.0,0.0,801,8,0.0001666,"[""Lamar, Missouri"", ""Japanese Instrument of Surrender"", ""Appointment in Tokyo"", ""Pioneer Instrument Company"", ""Missouri Photo Workshop""]"
5ae6914755429908198fa627,linucb,2,noanswer,January 2001,0.0,0.0,0.0,0.0,249,5,5.380000000000001e-05,"[""Brian Olsen"", ""WEC 20""]"
5ae6914755429908198fa627,linucb,3,April,January 2001,0.0,0.0,0.0,0.0,446,4,9.24e-05,"[""Brian Olsen"", ""WEC 20"", ""MCW Heavyweight Championship""]"
5ae6914755429908198fa627,linucb,5,noanswer,January 2001,0.0,0.0,0.0,0.0,997,5,0.00020339999999999998,"[""Brian Olsen"", ""WEC 20"", ""MCW Heavyweight Championship"", ""WWC Universal Heavyweight Championship"", ""UCW-Zero Heavyweight Championship""]"
5ae78f3b554299540e5a5608,linucb,2,The CW,CBS,0.0,0.0,0.0,0.0,296,5,6.32e-05,"[""Mr. &amp; Mrs. Mxyzptlk"", ""Supergirl (TV series)""]"
5ae78f3b554299540e5a5608,linucb,3,CBS,CBS,1.0,1.0,1.0,1.0,427,4,8.86e-05,"[""Mr. &amp; Mrs. Mxyzptlk"", ""Supergirl (TV series)"", ""Warrior of Love Rainbowman""]"
5ae78f3b554299540e5a5608,linucb,5,The CW,CBS,0.0,0.0,0.0,0.0,606,5,0.0001252,"[""Mr. &amp; Mrs. Mxyzptlk"", ""Supergirl (TV series)"", ""Warrior of Love Rainbowman"", ""Automan"", ""Special Rescue Exceedraft""]"
5a8b46925542995d1e6f133c,linucb,2,1946,"August 11, 1946",0.0,0.5,1.0,0.3333333333333333,238,5,5.16e-05,"[""Miss Emily's Picture"", ""Emily Vanhoutte""]"
5a8b46925542995d1e6f133c,linucb,3,unknown,"August 11, 1946",0.0,0.0,0.0,0.0,310,4,6.52e-05,"[""Miss Emily's Picture"", ""Emily Vanhoutte"", ""Emily Morse""]"
5a8b46925542995d1e6f133c,linucb,5,noanswer,"August 11, 1946",0.0,0.0,0.0,0.0,598,5,0.0001236,"[""Miss Emily's Picture"", ""Emily Vanhoutte"", ""Emily Morse"", ""Emily Grierson"", ""Emily Parker Groom""]"
5ab4f7fc5542991779162d43,linucb,2,Volta Region,Volta,0.0,0.6666666666666666,0.5,1.0,299,6,6.46e-05,"[""Kete Krachi"", ""Krachi West District""]"
5ab4f7fc5542991779162d43,linucb,3,Volta Region,Volta,0.0,0.6666666666666666,0.5,1.0,336,6,7.2e-05,"[""Kete Krachi"", ""Krachi West District"", ""Dambai""]"
5ab4f7fc5542991779162d43,linucb,5,Volta Region,Volta,0.0,0.6666666666666666,0.5,1.0,438,6,9.240000000000001e-05,"[""Kete Krachi"", ""Krachi West District"", ""Dambai"", ""Kwadjokrom""]"
5abd13b655429924427fceea,linucb,2,Jack White,Jack White,1.0,1.0,1.0,1.0,280,5,6e-05,"[""Live at Third Man"", ""Fits (album)""]"
5abd13b655429924427fceea,linucb,3,Jack White,Jack White,1.0,1.0,1.0,1.0,378,5,7.960000000000001e-05,"[""Live at Third Man"", ""Fits (album)"", ""Stiff (album)""]"
5abd13b655429924427fceea,linucb,5,Jack White,Jack White,1.0,1.0,1.0,1.0,697,5,0.0001434,"[""Live at Third Man"", ""Fits (album)"", ""Stiff (album)"", ""Jack White"", ""Blunderbuss (album)""]"
5adf37a95542995ec70e8f97,linucb,2,1838,1838,1.0,1.0,1.0,1.0,441,5,9.22e-05,"[""Virginia Commonwealth University"", ""2011\u201312 VCU Rams men's basketball team""]"
5adf37a95542995ec70e8f97,linucb,3,1968,1838,0.0,0.0,0.0,0.0,538,5,0.00011160000000000002,"[""Virginia Commonwealth University"", ""2011\u201312 VCU Rams men's basketball team"", ""1995\u201396 VCU Rams men's basketball team""]"
5adf37a95542995ec70e8f97,linucb,5,1838,1838,1.0,1.0,1.0,1.0,766,5,0.0001572,"[""Virginia Commonwealth University"", ""2011\u201312 VCU Rams men's basketball team"", ""1995\u201396 VCU Rams men's basketball team"", ""2015\u201316 VCU Rams men's basketball team"", ""2009\u201310 VCU Rams men's basketball team""]"
5a78e86f55429974737f78fb,linucb,2,noanswer,the long history of Japan,0.0,0.0,0.0,0.0,377,5,7.94e-05,"[""Calendar date"", ""Calendar year""]"
5a78e86f55429974737f78fb,linucb,3,calendar date,the long history of Japan,0.0,0.0,0.0,0.0,497,5,0.0001034,"[""Calendar date"", ""Calendar year"", ""Borana calendar""]"
5a78e86f55429974737f78fb,linucb,5,lunar-stellar calendar system,the long history of Japan,0.0,0.0,0.0,0.0,752,9,0.0001576,"[""Calendar date"", ""Calendar year"", ""Borana calendar"", ""Emperor Jimmu"", ""Lunar calendar""]"
5a807ceb554299485f598616,linucb,2,Paul Morley,Stephen John Coogan,0.0,0.0,0.0,0.0,423,12,9.420000000000001e-05,"[""Splitting Image"", ""Evidently... John Cooper Clarke""]"
5a807ceb554299485f598616,linucb,3,John Cooper Clarke,Stephen John Coogan,0.0,0.3333333333333333,0.3333333333333333,0.3333333333333333,499,6,0.00010460000000000001,"[""Splitting Image"", ""Evidently... John Cooper Clarke"", ""Evidently Chickentown""]"
5a807ceb554299485f598616,linucb,5,Paul Morley,Stephen John Coogan,0.0,0.0,0.0,0.0,665,6,0.00013780000000000002,"[""Splitting Image"", ""Evidently... John Cooper Clarke"", ""Evidently Chickentown"", ""Disguise in Love"", ""Pauline Murray and The Invisible Girls (album)""]"
5a8c493e554299653c1aa020,linucb,2,noanswer,marker pen,0.0,0.0,0.0,0.0,266,5,5.720000000000001e-05,"[""Ruskin"", ""John Ruskin (painting)""]"
5a8c493e554299653c1aa020,linucb,3,helmet,marker pen,0.0,0.0,0.0,0.0,351,10,7.82e-05,"[""Ruskin"", ""John Ruskin (painting)"", ""The Passion of John Ruskin""]"
5a8c493e554299653c1aa020,linucb,5,oxford town hall,marker pen,0.0,0.0,0.0,0.0,544,7,0.00011440000000000002,"[""Ruskin"", ""John Ruskin (painting)"", ""The Passion of John Ruskin"", ""Ruskin College"", ""Ruskin Pottery""]"
5a75404a55429916b01642be,linucb,2,Syracuse University,Syracuse University,1.0,1.0,1.0,1.0,293,7,6.42e-05,"[""The Addams Family"", ""Hall of Languages, Syracuse University""]"
5a75404a55429916b01642be,linucb,3,Syracuse University,Syracuse University,1.0,1.0,1.0,1.0,499,7,0.00010540000000000001,"[""The Addams Family"", ""Hall of Languages, Syracuse University"", ""The Powerhouse (San Luis Obispo, California)""]"
5a75404a55429916b01642be,linucb,5,Syracuse University,Syracuse University,1.0,1.0,1.0,1.0,766,7,0.0001588,"[""The Addams Family"", ""Hall of Languages, Syracuse University"", ""The Powerhouse (San Luis Obispo, California)"", ""Le M\u00e9nagier de Paris"", ""Concealed shoes""]"
5a81108855429926c1cdace2,linucb,2,24th,world's 16th largest city,0.0,0.0,0.0,0.0,247,5,5.340000000000001e-05,"[""Daewoong Pharmaceutical Co., Ltd"", ""Taisho Pharmaceutical Co.""]"
5a81108855429926c1cdace2,linucb,3,10th,world's 16th largest city,0.0,0.0,0.0,0.0,347,5,7.340000000000001e-05,"[""Daewoong Pharmaceutical Co., Ltd"", ""Taisho Pharmaceutical Co."", ""Tianyin Pharmaceutical""]"
5a81108855429926c1cdace2,linucb,5,33rd,world's 16th largest city,0.0,0.0,0.0,0.0,549,5,0.00011380000000000001,"[""Daewoong Pharmaceutical Co., Ltd"", ""Taisho Pharmaceutical Co."", ""Tianyin Pharmaceutical"", ""Nanjing Ange Pharmaceutical"", ""Astellas Pharma""]"
5ae340a85542994393b9e668,linucb,2,Stoke Gabriel,Milan,0.0,0.0,0.0,0.0,227,6,5.020000000000001e-05,"[""Gabriel Barbosa"", ""Stoke Gabriel A.F.C.""]"
5ae340a85542994393b9e668,linucb,3,Cork,Milan,0.0,0.0,0.0,0.0,459,5,9.580000000000001e-05,"[""Gabriel Barbosa"", ""Stoke Gabriel A.F.C."", ""Cork City F.C.""]"
5ae340a85542994393b9e668,linucb,5,Benfica,Milan,0.0,0.0,0.0,0.0,817,5,0.0001674,"[""Gabriel Barbosa"", ""Stoke Gabriel A.F.C."", ""Cork City F.C."", ""Stoke City F.C. league record by opponent"", ""History of Birmingham City F.C. (1875\u20131965)""]"
5a8d0be85542994ba4e3dbb2,linucb,2,Prince George's County,Prince George's County,1.0,1.0,1.0,1.0,363,7,7.82e-05,"[""Maryland Jockey Club"", ""Bowie, Maryland""]"
5a8d0be85542994ba4e3dbb2,linucb,3,Prince George's County,Prince George's County,1.0,1.0,1.0,1.0,549,7,0.00011540000000000001,"[""Maryland Jockey Club"", ""Bowie, Maryland"", ""2007 Black-Eyed Susan Stakes""]"
5a8d0be85542994ba4e3dbb2,linucb,5,Prince George's County,Prince George's County,1.0,1.0,1.0,1.0,949,7,0.0001954,"[""Maryland Jockey Club"", ""Bowie, Maryland"", ""2007 Black-Eyed Susan Stakes"", ""2015 Black-Eyed Susan Stakes"", ""2017 Black-Eyed Susan Stakes""]"
5add43335542995b365faae1,linucb,2,main rivals,Mickey Mouse Cup,0.0,0.0,0.0,0.0,230,5,5e-05,"[""North-west Derby (Ireland)"", ""Bristol derby""]"
5add43335542995b365faae1,linucb,3,derby dogs,Mickey Mouse Cup,0.0,0.0,0.0,0.0,354,6,7.56e-05,"[""North-west Derby (Ireland)"", ""Bristol derby"", ""Western Derby""]"
5add43335542995b365faae1,linucb,5,Mickey Mouse Cup,Mickey Mouse Cup,1.0,1.0,1.0,1.0,546,7,0.0001148,"[""North-west Derby (Ireland)"", ""Bristol derby"", ""Western Derby"", ""Football derbies in France"", ""Mickey Mouse cup""]"
5ae4d8475542993aec5ec0e0,linucb,2,Giuseppe Verdi,Giuseppe Verdi,1.0,1.0,1.0,1.0,577,13,0.0001258,"[""Pl\u00e1cido Domingo"", ""Repertoire of Pl\u00e1cido Domingo""]"
5ae4d8475542993aec5ec0e0,linucb,3,Verdi,Giuseppe Verdi,0.0,0.6666666666666666,1.0,0.5,698,5,0.0001436,"[""Pl\u00e1cido Domingo"", ""Repertoire of Pl\u00e1cido Domingo"", ""Pl\u00e1cido Domingo Ferrer""]"
5ae4d8475542993aec5ec0e0,linucb,5,Giuseppe Verdi,Giuseppe Verdi,1.0,1.0,1.0,1.0,842,7,0.000174,"[""Pl\u00e1cido Domingo"", ""Repertoire of Pl\u00e1cido Domingo"", ""Pl\u00e1cido Domingo Ferrer"", ""Macbeth (opera)"", ""Songs (2012 Pl\u00e1cido Domingo album)""]"
5ab5c263554299488d4d9a18,linucb,2,Latvia,Belarus,0.0,0.0,0.0,0.0,252,5,5.440000000000001e-05,"[""1991 Baltic Cup"", ""1930 Baltic Cup""]"
5ab5c263554299488d4d9a18,linucb,3,Latvia,Belarus,0.0,0.0,0.0,0.0,297,5,6.340000000000001e-05,"[""1991 Baltic Cup"", ""1930 Baltic Cup"", ""1937 Baltic Cup""]"
5ab5c263554299488d4d9a18,linucb,5,Estonia,Belarus,0.0,0.0,0.0,0.0,445,5,9.3e-05,"[""1991 Baltic Cup"", ""1930 Baltic Cup"", ""1937 Baltic Cup"", ""1998 Baltic Cup"", ""1995 Baltic Cup""]"
5a74a26a55429979e28829d6,linucb,2,Béla Bartók,Béla Viktor János Bartók,0.0,0.6666666666666666,1.0,0.5,351,8,7.66e-05,"[""B\u00e9la Bart\u00f3k"", ""Paul Hindemith""]"
5a74a26a55429979e28829d6,linucb,3,Béla Bartók,Béla Viktor János Bartók,0.0,0.6666666666666666,1.0,0.5,436,8,9.360000000000001e-05,"[""B\u00e9la Bart\u00f3k"", ""Paul Hindemith"", ""B\u00e9la Bart\u00f3k Music High School""]"
5a74a26a55429979e28829d6,linucb,5,Béla Bartók,Béla Viktor János Bartók,0.0,0.6666666666666666,1.0,0.5,883,8,0.000183,"[""B\u00e9la Bart\u00f3k"", ""Paul Hindemith"", ""B\u00e9la Bart\u00f3k Music High School"", ""List of compositions by B\u00e9la Bart\u00f3k"", ""List of string quartets by B\u00e9la Bart\u00f3k""]"
5a8d841955429941ae14dfe6,linucb,2,Chloë Sevigny,Eve Hewson,0.0,0.0,0.0,0.0,394,8,8.520000000000002e-05,"[""The True Adventures of Wolfboy"", ""True Adventures""]"
5a8d841955429941ae14dfe6,linucb,3,Chloë Sevigny,Eve Hewson,0.0,0.0,0.0,0.0,527,8,0.00011180000000000001,"[""The True Adventures of Wolfboy"", ""True Adventures"", ""Further Adventures Of""]"
5a8d841955429941ae14dfe6,linucb,5,John Turturro,Eve Hewson,0.0,0.0,0.0,0.0,692,8,0.0001448,"[""The True Adventures of Wolfboy"", ""True Adventures"", ""Further Adventures Of"", ""The Mostly True Adventures of Homer P. Figg"", ""The Positively True Adventures of the Alleged Texas Cheerleader-Murdering Mom""]"
5a809e9f5542996402f6a5b1,linucb,2,1985,1991,0.0,0.0,0.0,0.0,327,5,6.94e-05,"[""Ricky Martin Live"", ""Apocryphon Tour""]"
5a809e9f5542996402f6a5b1,linucb,3,1998,1991,0.0,0.0,0.0,0.0,389,5,8.180000000000001e-05,"[""Ricky Martin Live"", ""Apocryphon Tour"", ""One Night Only with Ricky Martin""]"
5a809e9f5542996402f6a5b1,linucb,5,1991,1991,1.0,1.0,1.0,1.0,713,5,0.00014659999999999999,"[""Ricky Martin Live"", ""Apocryphon Tour"", ""One Night Only with Ricky Martin"", ""Machine Head (band)"", ""Canadian Tour (Motley Crue Tour)""]"
5ac2d85e55429921a00ab06b,linucb,2,"Washington, DC",Pennsylvania,0.0,0.0,0.0,0.0,350,6,7.479999999999999e-05,"[""Heather Penney"", ""The plane crash (Neighbours)""]"
5ac2d85e55429921a00ab06b,linucb,3,"Washington, DC",Pennsylvania,0.0,0.0,0.0,0.0,575,6,0.0001198,"[""Heather Penney"", ""The plane crash (Neighbours)"", ""Southern by the Grace of God""]"
5ac2d85e55429921a00ab06b,linucb,5,"Washington, DC",Pennsylvania,0.0,0.0,0.0,0.0,804,6,0.00016560000000000001,"[""Heather Penney"", ""The plane crash (Neighbours)"", ""Southern by the Grace of God"", ""Omar Rezaq"", ""Lynyrd Skynyrd Tribute Tour""]"
5a8319b255429940e5e1a960,linucb,2,Danny Elfman,Danny Elfman,1.0,1.0,1.0,1.0,566,6,0.000118,"[""The Simpsons Theme"", ""Disney's Adventures of the Gummi Bears""]"
5a8319b255429940e5e1a960,linucb,3,Danny Elfman,Danny Elfman,1.0,1.0,1.0,1.0,1078,6,0.00022040000000000002,"[""The Simpsons Theme"", ""Disney's Adventures of the Gummi Bears"", ""List of Beelzebub episodes""]"
5a8319b255429940e5e1a960,linucb,5,Danny Elfman,Danny Elfman,1.0,1.0,1.0,1.0,1391,6,0.000283,"[""The Simpsons Theme"", ""Disney's Adventures of the Gummi Bears"", ""List of Beelzebub episodes"", ""List of Meine Liebe episodes"", ""Alf Clausen""]"
5a7aa0a55542990198eaf165,linucb,2,Jacques Feyder,Jacques Feyder,1.0,1.0,1.0,1.0,352,7,7.6e-05,"[""Jacques Feyder"", ""Sathish Kalathil""]"
5a7aa0a55542990198eaf165,linucb,3,Jacques Feyder,Jacques Feyder,1.0,1.0,1.0,1.0,463,7,9.820000000000002e-05,"[""Jacques Feyder"", ""Sathish Kalathil"", ""People Who Travel (1938 German-language film)""]"
5a7aa0a55542990198eaf165,linucb,5,Jacques Feyder,Jacques Feyder,1.0,1.0,1.0,1.0,596,7,0.0001248,"[""Jacques Feyder"", ""Sathish Kalathil"", ""People Who Travel (1938 German-language film)"", ""L'Atlantide (1921 film)"", ""Jalachhayam""]"
5ab9ddef5542994dbf019875,linucb,2,yes,yes,1.0,1.0,1.0,1.0,416,4,8.64e-05,"[""Eve Beglarian"", ""Zach Bogosian""]"
5ab9ddef5542994dbf019875,linucb,3,yes,yes,1.0,1.0,1.0,1.0,474,4,9.800000000000001e-05,"[""Eve Beglarian"", ""Zach Bogosian"", ""Robert Beglarian""]"
5ab9ddef5542994dbf019875,linucb,5,yes,yes,1.0,1.0,1.0,1.0,541,4,0.0001114,"[""Eve Beglarian"", ""Zach Bogosian"", ""Robert Beglarian"", ""Tell the Birds"", ""Play Nice (album)""]"
5ae157ed5542990adbacf75d,linucb,2,noanswer,23 December 2014,0.0,0.0,0.0,0.0,343,5,7.260000000000002e-05,"[""Are You Being Served?"", ""David Croft (TV producer)""]"
5ae157ed5542990adbacf75d,linucb,3,2011,23 December 2014,0.0,0.0,0.0,0.0,410,5,8.6e-05,"[""Are You Being Served?"", ""David Croft (TV producer)"", ""Which Way to the War""]"
5ae157ed5542990adbacf75d,linucb,5,23 December 2014,23 December 2014,1.0,1.0,1.0,1.0,559,8,0.00011820000000000001,"[""Are You Being Served?"", ""David Croft (TV producer)"", ""Which Way to the War"", ""Jeremy Lloyd"", ""Grace &amp; Favour""]"
5a8555ea5542992a431d1b07,linucb,2,The Big Lebowski,The Big Lebowski,1.0,1.0,1.0,1.0,285,7,6.26e-05,"[""Jonathan Glazer"", ""Lujon""]"
5a8555ea5542992a431d1b07,linucb,3,The Big Lebowski,The Big Lebowski,1.0,1.0,1.0,1.0,616,7,0.00012880000000000001,"[""Jonathan Glazer"", ""Lujon"", ""Musical composition""]"
5a8555ea5542992a431d1b07,linucb,5,The Big Lebowski,The Big Lebowski,1.0,1.0,1.0,1.0,826,7,0.0001708,"[""Jonathan Glazer"", ""Lujon"", ""Musical composition"", ""Under the Skin (novel)"", ""Metamorphosis of Vivaldi's Four Seasons""]"
5ae141a65542997b2ef7d18a,linucb,2,boxing,close range combat,0.0,0.0,0.0,0.0,423,4,8.78e-05,"[""Pak Sao"", ""List of Sword Art Online episodes""]"
5ae141a65542997b2ef7d18a,linucb,3,close range combat,close range combat,1.0,1.0,1.0,1.0,457,6,9.62e-05,"[""Pak Sao"", ""List of Sword Art Online episodes"", ""Wing Chun""]"
5ae141a65542997b2ef7d18a,linucb,5,close range combat,close range combat,1.0,1.0,1.0,1.0,673,6,0.0001394,"[""Pak Sao"", ""List of Sword Art Online episodes"", ""Wing Chun"", ""Soo Bahk Do"", ""Hwa Rang Do""]"
5ae4a1ef55429970de88d9e7,linucb,2,1978,2 March 1972,0.0,0.0,0.0,0.0,422,5,8.840000000000001e-05,"[""2014\u201315 Southampton F.C. season"", ""Ronald Koeman""]"
5ae4a1ef55429970de88d9e7,linucb,3,1979,2 March 1972,0.0,0.0,0.0,0.0,531,5,0.00011020000000000001,"[""2014\u201315 Southampton F.C. season"", ""Ronald Koeman"", ""2010\u201311 Southampton F.C. season""]"
5ae4a1ef55429970de88d9e7,linucb,5,1972,2 March 1972,0.0,0.5,1.0,0.3333333333333333,818,5,0.0001676,"[""2014\u201315 Southampton F.C. season"", ""Ronald Koeman"", ""2010\u201311 Southampton F.C. season"", ""1946\u201347 Southampton F.C. season"", ""2013\u201314 Southampton F.C. season""]"
5ab90e9755429934fafe6e51,linucb,2,yes,yes,1.0,1.0,1.0,1.0,287,4,6.060000000000001e-05,"[""Tim Winton"", ""John le Carr\u00e9""]"
5ab90e9755429934fafe6e51,linucb,3,yes,yes,1.0,1.0,1.0,1.0,326,4,6.84e-05,"[""Tim Winton"", ""John le Carr\u00e9"", ""John le Carr\u00e9: The Biography""]"
5ab90e9755429934fafe6e51,linucb,5,yes,yes,1.0,1.0,1.0,1.0,429,4,8.900000000000001e-05,"[""Tim Winton"", ""John le Carr\u00e9"", ""John le Carr\u00e9: The Biography"", ""The Collected Shorter Novels of Tim Winton"", ""Bill Haydon""]"
5a8e3ea95542995a26add48d,linucb,2,New York City,"Greenwich Village, New York City",0.0,0.7499999999999999,1.0,0.6,638,6,0.00013240000000000002,"[""Big Stone Gap (film)"", ""New York Society of Model Engineers""]"
5a8e3ea95542995a26add48d,linucb,3,New York City,"Greenwich Village, New York City",0.0,0.7499999999999999,1.0,0.6,749,6,0.00015460000000000002,"[""Big Stone Gap (film)"", ""New York Society of Model Engineers"", ""Just Another Romantic Wrestling Comedy""]"
5a8e3ea95542995a26add48d,linucb,5,New York City,"Greenwich Village, New York City",0.0,0.7499999999999999,1.0,0.6,943,6,0.00019340000000000004,"[""Big Stone Gap (film)"", ""New York Society of Model Engineers"", ""Just Another Romantic Wrestling Comedy"", ""Hamish and Andy's Gap Year"", ""Clinton, Minnesota""]"
5ac2f34455429921a00ab0b6,linucb,2,New York University School of Law,New York University School of Law,1.0,1.0,1.0,1.0,340,9,7.52e-05,"[""Gary Bettman"", ""Bill Daly""]"
5ac2f34455429921a00ab0b6,linucb,3,New York University School of Law,New York University School of Law,1.0,1.0,1.0,1.0,388,9,8.48e-05,"[""Gary Bettman"", ""Bill Daly"", ""Bill Daly (footballer)""]"
5ac2f34455429921a00ab0b6,linucb,5,Cornell University,New York University School of Law,0.0,0.25,0.5,0.16666666666666666,497,6,0.0001042,"[""Gary Bettman"", ""Bill Daly"", ""Bill Daly (footballer)"", ""William Merrigan Daly"", ""Rick Howland""]"
5a7344e95542991f9a20c6ce,linucb,2,Rudebox,Rudebox,1.0,1.0,1.0,1.0,416,6,8.8e-05,"[""Galveston (song)"", ""Rudebox (song)""]"
5a7344e95542991f9a20c6ce,linucb,3,Galveston,Rudebox,0.0,0.0,0.0,0.0,627,6,0.00013020000000000002,"[""Galveston (song)"", ""Rudebox (song)"", ""FutureSex/LoveSound""]"
5a7344e95542991f9a20c6ce,linucb,5,Rudebox,Rudebox,1.0,1.0,1.0,1.0,913,6,0.00018740000000000003,"[""Galveston (song)"", ""Rudebox (song)"", ""FutureSex/LoveSound"", ""Daddy Don't You Walk So Fast"", ""I Want to Be Loved Like That""]"
5a7b1c6b55429931da12c9ca,linucb,2,Johnny Edwards,"John Douglas ""Johnny"" Edwards",0.0,0.6666666666666666,1.0,0.5,334,5,7.08e-05,"[""Ian Anderson"", ""Johnny Edwards (musician)""]"
5a7b1c6b55429931da12c9ca,linucb,3,Johnny Edwards,"John Douglas ""Johnny"" Edwards",0.0,0.6666666666666666,1.0,0.5,403,5,8.460000000000001e-05,"[""Ian Anderson"", ""Johnny Edwards (musician)"", ""Wild Horses (US rock band)""]"
5a7b1c6b55429931da12c9ca,linucb,5,Johnny Edwards,"John Douglas ""Johnny"" Edwards",0.0,0.6666666666666666,1.0,0.5,547,5,0.0001134,"[""Ian Anderson"", ""Johnny Edwards (musician)"", ""Wild Horses (US rock band)"", ""Afternoon Records"", ""Dead to Me""]"
5ab341f755429969a97a8114,linucb,2,1989,1989,1.0,1.0,1.0,1.0,359,5,7.58e-05,"[""Chim Chim Cher-ee"", ""Mary Poppins (song)""]"
5ab341f755429969a97a8114,linucb,3,1989,1989,1.0,1.0,1.0,1.0,530,5,0.00011,"[""Chim Chim Cher-ee"", ""Mary Poppins (song)"", ""Mary Poppins Returns""]"
5ab341f755429969a97a8114,linucb,5,1989,1989,1.0,1.0,1.0,1.0,766,5,0.0001572,"[""Chim Chim Cher-ee"", ""Mary Poppins (song)"", ""Mary Poppins Returns"", ""Mary Poppins (film)"", ""Mary Poppins Opens the Door""]"
5a8b50475542997f31a41cd4,linucb,2,Hong Kong Pacific Rim Championship,world wushu tournament,0.0,0.0,0.0,0.0,249,14,6.1000000000000005e-05,"[""Wing Chun (film)"", ""Ip Chun""]"
5a8b50475542997f31a41cd4,linucb,3,Hong Kong Martial Arts Tournament,world wushu tournament,0.0,0.25,0.2,0.3333333333333333,305,14,7.219999999999999e-05,"[""Wing Chun (film)"", ""Ip Chun"", ""Wan Kam Leung""]"
5a8b50475542997f31a41cd4,linucb,5,world wushu tournament,world wushu tournament,1.0,1.0,1.0,1.0,479,7,0.00010140000000000001,"[""Wing Chun (film)"", ""Ip Chun"", ""Wan Kam Leung"", ""Donnie Yen"", ""William Cheung""]"
5a8cddd1554299441c6b9f3a,linucb,2,Japan and Hong Kong,Japan and Hong Kong,1.0,1.0,1.0,1.0,397,7,8.5e-05,"[""A Bathing Ape"", ""X-Large""]"
5a8cddd1554299441c6b9f3a,linucb,3,Japan and Hong Kong,Japan and Hong Kong,1.0,1.0,1.0,1.0,418,7,8.920000000000001e-05,"[""A Bathing Ape"", ""X-Large"", ""BAPE""]"
5a8cddd1554299441c6b9f3a,linucb,5,Hong Kong and Japan,Japan and Hong Kong,0.0,1.0,1.0,1.0,535,7,0.0001126,"[""A Bathing Ape"", ""X-Large"", ""BAPE"", ""Exact Data"", ""R\u00edo Negro (Central America)""]"
5a88f7855542993b751ca8da,linucb,2,1988,1987,0.0,0.0,0.0,0.0,292,11,6.720000000000001e-05,"[""2012 in Cage Warriors"", ""Nicholas Mele""]"
5a88f7855542993b751ca8da,linucb,3,1988,1987,0.0,0.0,0.0,0.0,437,5,9.140000000000001e-05,"[""2012 in Cage Warriors"", ""Nicholas Mele"", ""Fayard Nicholas""]"
5a88f7855542993b751ca8da,linucb,5,1987,1987,1.0,1.0,1.0,1.0,749,5,0.0001538,"[""2012 in Cage Warriors"", ""Nicholas Mele"", ""Fayard Nicholas"", ""Nicolas Cage"", ""Cher filmography""]"
5ab90d2755429916710eb0f0,linucb,2,Matt Maiellaro and Dave Willis,Christopher McCulloch,0.0,0.0,0.0,0.0,454,10,9.880000000000002e-05,"[""Steven Rattazzi"", ""K9 (Doctor Who)""]"
5ab90d2755429916710eb0f0,linucb,3,Rebecca Sugar,Christopher McCulloch,0.0,0.0,0.0,0.0,652,5,0.0001344,"[""Steven Rattazzi"", ""K9 (Doctor Who)"", ""Steven Universe""]"
5ab90d2755429916710eb0f0,linucb,5,Christopher McCulloch,Christopher McCulloch,1.0,1.0,1.0,1.0,982,8,0.0002028,"[""Steven Rattazzi"", ""K9 (Doctor Who)"", ""Steven Universe"", ""River Song (Doctor Who)"", ""The Venture Bros.""]"
5a7300b85542994cef4bc41a,linucb,2,India's first dedicated multi-wavelength space observatory,India's first dedicated multi-wavelength space observatory.,1.0,1.0,1.0,1.0,198,13,5e-05,"[""Astrosat"", ""Director General of the European Space Agency""]"
5a7300b85542994cef4bc41a,linucb,3,India's first dedicated multi-wavelength space observatory,India's first dedicated multi-wavelength space observatory.,1.0,1.0,1.0,1.0,283,13,6.7e-05,"[""Astrosat"", ""Director General of the European Space Agency"", ""Austrian Space Agency""]"
5a7300b85542994cef4bc41a,linucb,5,India's first dedicated multi-wavelength space observatory,India's first dedicated multi-wavelength space observatory.,1.0,1.0,1.0,1.0,545,13,0.0001194,"[""Astrosat"", ""Director General of the European Space Agency"", ""Austrian Space Agency"", ""Herschel Space Observatory"", ""Gaia (spacecraft)""]"
5ae7f56e5542993210983fd1,linucb,2,J. K. Rowling,J. K. Rowling,1.0,1.0,1.0,1.0,424,8,9.120000000000002e-05,"[""Rupert Grint"", ""List of Black Books characters""]"
5ae7f56e5542993210983fd1,linucb,3,J. K. Rowling,J. K. Rowling,1.0,1.0,1.0,1.0,614,8,0.0001292,"[""Rupert Grint"", ""List of Black Books characters"", ""Harry Potter and the Chamber of Secrets (film)""]"
5ae7f56e5542993210983fd1,linucb,5,J. K. Rowling,J. K. Rowling,1.0,1.0,1.0,1.0,987,8,0.0002038,"[""Rupert Grint"", ""List of Black Books characters"", ""Harry Potter and the Chamber of Secrets (film)"", ""List of Harry Potter cast members"", ""Harry Potter and the Philosopher's Stone (film)""]"
5a7562045542992db947364f,linucb,2,Saint Louis University,Saint Louis University,1.0,1.0,1.0,1.0,413,6,8.74e-05,"[""University of California, Berkeley"", ""Saint Louis University""]"
5a7562045542992db947364f,linucb,3,Saint Louis University,Saint Louis University,1.0,1.0,1.0,1.0,515,6,0.00010779999999999999,"[""University of California, Berkeley"", ""Saint Louis University"", ""KSLU (Saint Louis University)""]"
5a7562045542992db947364f,linucb,5,Saint Louis University,Saint Louis University,1.0,1.0,1.0,1.0,767,6,0.00015820000000000002,"[""University of California, Berkeley"", ""Saint Louis University"", ""KSLU (Saint Louis University)"", ""Saint Louis University School of Medicine"", ""Saint Louis University School of Law""]"
5adda7585542997dc790700c,linucb,2,Nova Scotia,"Edmonton, Alberta",0.0,0.0,0.0,0.0,252,11,5.92e-05,"[""The Master Puppeteer"", ""The Great Gilly Hopkins""]"
5adda7585542997dc790700c,linucb,3,noanswer,"Edmonton, Alberta",0.0,0.0,0.0,0.0,359,5,7.58e-05,"[""The Master Puppeteer"", ""The Great Gilly Hopkins"", ""The Great Gilly Hopkins (film)""]"
5adda7585542997dc790700c,linucb,5,"Edmonton, Alberta","Edmonton, Alberta",1.0,1.0,1.0,1.0,555,7,0.0001166,"[""The Master Puppeteer"", ""The Great Gilly Hopkins"", ""The Great Gilly Hopkins (film)"", ""Rebels of the Heavenly Kingdom"", ""Bridge to Terabithia (1985 film)""]"
5ab4314955429942dd415ecd,linucb,2,1200 ft,4080,0.0,0.0,0.0,0.0,341,6,7.3e-05,"[""Profile Lake"", ""Old Man of the Mountain""]"
5ab4314955429942dd415ecd,linucb,3,1200 ft,4080,0.0,0.0,0.0,0.0,523,6,0.0001094,"[""Profile Lake"", ""Old Man of the Mountain"", ""Profile House""]"
5ab4314955429942dd415ecd,linucb,5,4080 feet,4080,0.0,0.6666666666666666,0.5,1.0,968,6,0.00019840000000000002,"[""Profile Lake"", ""Old Man of the Mountain"", ""Profile House"", ""Cannon Mountain (New Hampshire)"", ""Avalanche Lake (New York)""]"
5a81a2705542990a1d231e30,linucb,2,"Wynantskill, New York",Hannaford,0.0,0.0,0.0,0.0,365,10,8.1e-05,"[""Hannaford Brothers Company"", ""Wynantskill, New York""]"
5a81a2705542990a1d231e30,linucb,3,"Wynantskill, New York",Hannaford,0.0,0.0,0.0,0.0,539,10,0.00011580000000000001,"[""Hannaford Brothers Company"", ""Wynantskill, New York"", ""Southeast (Metro-North station)""]"
5a81a2705542990a1d231e30,linucb,5,"Wynantskill, New York",Hannaford,0.0,0.0,0.0,0.0,733,10,0.0001546,"[""Hannaford Brothers Company"", ""Wynantskill, New York"", ""Southeast (Metro-North station)"", ""Morningside Heights, Manhattan"", ""Victory Supermarkets""]"
5ae291bb5542996483e649f6,linucb,2,1983 to 2009,between 1987 and 2010,0.0,0.0,0.0,0.0,348,15,8.16e-05,"[""Hachette Filipacchi Media U.S."", ""April Bernard""]"
5ae291bb5542996483e649f6,linucb,3,Home Magazine,between 1987 and 2010,0.0,0.0,0.0,0.0,377,11,8.42e-05,"[""Hachette Filipacchi Media U.S."", ""April Bernard"", ""Home (magazine)""]"
5ae291bb5542996483e649f6,linucb,5,1987 to 2010,between 1987 and 2010,0.0,0.5714285714285715,0.6666666666666666,0.5,526,9,0.00011240000000000001,"[""Hachette Filipacchi Media U.S."", ""April Bernard"", ""Home (magazine)"", ""Premiere (magazine)"", ""George (magazine)""]"
5ab207f65542993be8fa98b8,linucb,2,Preston,Preston,1.0,1.0,1.0,1.0,203,5,4.460000000000001e-05,"[""Harris Museum"", ""Edmund Robert Harris""]"
5ab207f65542993be8fa98b8,linucb,3,Preston,Preston,1.0,1.0,1.0,1.0,279,5,5.9800000000000003e-05,"[""Harris Museum"", ""Edmund Robert Harris"", ""Edmund Bartley-Denniss""]"
5ab207f65542993be8fa98b8,linucb,5,Preston,Preston,1.0,1.0,1.0,1.0,576,5,0.00011920000000000001,"[""Harris Museum"", ""Edmund Robert Harris"", ""Edmund Bartley-Denniss"", ""Stele of Sulaiman"", ""Edmund de Unger""]"
5ae152a65542990adbacf74f,linucb,2,2010,"September 18, 2010",0.0,0.5,1.0,0.3333333333333333,324,5,6.88e-05,"[""The Maze Runner (series)"", ""The Maze Runner""]"
5ae152a65542990adbacf74f,linucb,3,The Scorch Trials,"September 18, 2010",0.0,0.0,0.0,0.0,548,7,0.00011520000000000001,"[""The Maze Runner (series)"", ""The Maze Runner"", ""The Maze Runner (film)""]"
5ae152a65542990adbacf74f,linucb,5,The Scorch Trials,"September 18, 2010",0.0,0.0,0.0,0.0,843,7,0.00017420000000000003,"[""The Maze Runner (series)"", ""The Maze Runner"", ""The Maze Runner (film)"", ""Maze Runner: The Death Cure"", ""Maze Runner: The Scorch Trials""]"
5a739ef955429978a71e904b,linucb,2,noanswer,OK Mozart,0.0,0.0,0.0,0.0,253,5,5.4600000000000006e-05,"[""Bartlesville, Oklahoma"", ""Kastav Film Festival""]"
5a739ef955429978a71e904b,linucb,3,noanswer,OK Mozart,0.0,0.0,0.0,0.0,338,5,7.16e-05,"[""Bartlesville, Oklahoma"", ""Kastav Film Festival"", ""Cabourg Film Festival""]"
5a739ef955429978a71e904b,linucb,5,OK Mozart Festival,OK Mozart,0.0,0.8,0.6666666666666666,1.0,528,6,0.0001104,"[""Bartlesville, Oklahoma"", ""Kastav Film Festival"", ""Cabourg Film Festival"", ""OK Mozart Festival"", ""Brooklyn Film Festival""]"
5ab2b61d5542991669774065,linucb,2,noanswer,Han Solo,0.0,0.0,0.0,0.0,344,5,7.28e-05,"[""Dead Heat on a Merry-Go-Round"", ""Star Wars MUSH""]"
5ab2b61d5542991669774065,linucb,3,Han Solo,Han Solo,1.0,1.0,1.0,1.0,482,5,0.00010040000000000001,"[""Dead Heat on a Merry-Go-Round"", ""Star Wars MUSH"", ""Star Wars: Thrawn""]"
5ab2b61d5542991669774065,linucb,5,Harrison Ford,Han Solo,0.0,0.0,0.0,0.0,829,12,0.0001754,"[""Dead Heat on a Merry-Go-Round"", ""Star Wars MUSH"", ""Star Wars: Thrawn"", ""Star Wars Trilogy Arcade"", ""Star Wars: Darth Plagueis""]"
5a88fc4255429938390d4019,linucb,2,"February 14, 2014","September 25, 2017",0.0,0.0,0.0,0.0,308,10,6.960000000000001e-05,"[""Date and Switch"", ""The Babymakers""]"
5a88fc4255429938390d4019,linucb,3,noanswer,"September 25, 2017",0.0,0.0,0.0,0.0,417,11,9.22e-05,"[""Date and Switch"", ""The Babymakers"", ""The Right Way (film)""]"
5a88fc4255429938390d4019,linucb,5,noanswer,"September 25, 2017",0.0,0.0,0.0,0.0,616,5,0.0001272,"[""Date and Switch"", ""The Babymakers"", ""The Right Way (film)"", ""Freak Dance (film)"", ""Nina Dobrev""]"
5ae2c416554299492dc91c67,linucb,2,Jaleel White,Jaleel Ahmad White,0.0,0.8,1.0,0.6666666666666666,372,7,8e-05,"[""Steve Urkel"", ""Family Matters""]"
5ae2c416554299492dc91c67,linucb,3,Jaleel White,Jaleel Ahmad White,0.0,0.8,1.0,0.6666666666666666,463,7,9.820000000000002e-05,"[""Steve Urkel"", ""Family Matters"", ""American Nerd""]"
5ae2c416554299492dc91c67,linucb,5,Jaleel White,Jaleel Ahmad White,0.0,0.8,1.0,0.6666666666666666,669,7,0.0001394,"[""Steve Urkel"", ""Family Matters"", ""American Nerd"", ""List of Family Matters characters"", ""Shawn Harrison (actor)""]"
5a7a51b95542990783324f0f,linucb,2,Liam Cunningham,Liam Cunningham,1.0,1.0,1.0,1.0,456,6,9.6e-05,"[""Liam Cunningham"", ""Michael Fassbender""]"
5a7a51b95542990783324f0f,linucb,3,Liam Cunningham,Liam Cunningham,1.0,1.0,1.0,1.0,583,6,0.00012140000000000001,"[""Liam Cunningham"", ""Michael Fassbender"", ""Liam Cunningham (politician)""]"
5a7a51b95542990783324f0f,linucb,5,Liam Cunningham,Liam Cunningham,1.0,1.0,1.0,1.0,1040,6,0.0002128,"[""Liam Cunningham"", ""Michael Fassbender"", ""Liam Cunningham (politician)"", ""Michael Fassbender filmography"", ""X-Men: First Class""]"
5ae3006c55429928c423959f,linucb,2,"Saint Michael Parish, Barbados","Saint Michael, Barbados",0.0,0.8571428571428571,0.75,1.0,478,8,0.00010200000000000001,"[""Pon de Replay"", ""Pon de Floor""]"
5ae3006c55429928c423959f,linucb,3,Barbados,"Saint Michael, Barbados",0.0,0.5,1.0,0.3333333333333333,562,6,0.0001172,"[""Pon de Replay"", ""Pon de Floor"", ""Robyn Hilton""]"
5ae3006c55429928c423959f,linucb,5,Barbados,"Saint Michael, Barbados",0.0,0.5,1.0,0.3333333333333333,867,6,0.00017820000000000002,"[""Pon de Replay"", ""Pon de Floor"", ""Robyn Hilton"", ""Music of the Sun"", ""Vada Nobles""]"
5a74122f55429929fddd83da,linucb,2,Love Drunk,Love Drunk,1.0,1.0,1.0,1.0,249,6,5.4600000000000006e-05,"[""Boys Like Girls (album)"", ""Love Drunk (Boys Like Girls song)""]"
5a74122f55429929fddd83da,linucb,3,Love Drunk,Love Drunk,1.0,1.0,1.0,1.0,342,6,7.32e-05,"[""Boys Like Girls (album)"", ""Love Drunk (Boys Like Girls song)"", ""Boys Like Girls""]"
5a74122f55429929fddd83da,linucb,5,Love Drunk,Love Drunk,1.0,1.0,1.0,1.0,508,6,0.0001064,"[""Boys Like Girls (album)"", ""Love Drunk (Boys Like Girls song)"", ""Boys Like Girls"", ""Love Drunk"", ""Love Drunk (disambiguation)""]"
5a81711455429938b614233e,linucb,2,yes,yes,1.0,1.0,1.0,1.0,277,4,5.860000000000001e-05,"[""Cooking Light"", ""Vibe (magazine)""]"
5a81711455429938b614233e,linucb,3,yes,yes,1.0,1.0,1.0,1.0,365,4,7.62e-05,"[""Cooking Light"", ""Vibe (magazine)"", ""Southern Progress Corporation""]"
5a81711455429938b614233e,linucb,5,yes,yes,1.0,1.0,1.0,1.0,560,4,0.0001152,"[""Cooking Light"", ""Vibe (magazine)"", ""Southern Progress Corporation"", ""Andrea Chesman"", ""Andrea Nguyen""]"
5ae1e4095542997283cd22bf,linucb,2,Ursus americanus,Ursus americanus,1.0,1.0,1.0,1.0,221,8,5.0600000000000003e-05,"[""Florida black bear"", ""American black bear""]"
5ae1e4095542997283cd22bf,linucb,3,Ursus americanus,Ursus americanus,1.0,1.0,1.0,1.0,280,8,6.24e-05,"[""Florida black bear"", ""American black bear"", ""Ussuri black bear""]"
5ae1e4095542997283cd22bf,linucb,5,Ursus americanus,Ursus americanus,1.0,1.0,1.0,1.0,454,8,9.720000000000002e-05,"[""Florida black bear"", ""American black bear"", ""Ussuri black bear"", ""Black Bear Creek"", ""Newfoundland black bear""]"
5a8c6d4e5542996e8ac88aa6,linucb,2,J. Searle Dawley,James Searle Dawley,0.0,0.6666666666666666,0.6666666666666666,0.6666666666666666,229,16,5.86e-05,"[""Lionel Ngakane"", ""J. Searle Dawley""]"
5a8c6d4e5542996e8ac88aa6,linucb,3,J. Searle Dawley,James Searle Dawley,0.0,0.6666666666666666,0.6666666666666666,0.6666666666666666,277,10,6.340000000000001e-05,"[""Lionel Ngakane"", ""J. Searle Dawley"", ""A Virgin Paradise""]"
5a8c6d4e5542996e8ac88aa6,linucb,5,J. Searle Dawley,James Searle Dawley,0.0,0.6666666666666666,0.6666666666666666,0.6666666666666666,398,10,8.760000000000002e-05,"[""Lionel Ngakane"", ""J. Searle Dawley"", ""A Virgin Paradise"", ""A Woman's Triumph"", ""The Death Dance (film)""]"
5abf11d45542997719eab660,linucb,2,Kuwait,Canada,0.0,0.0,0.0,0.0,302,6,6.52e-05,"[""Driven To Perform"", ""X-cite by Alghanim Electronics""]"
5abf11d45542997719eab660,linucb,3,Kuwait,Canada,0.0,0.0,0.0,0.0,369,6,7.859999999999999e-05,"[""Driven To Perform"", ""X-cite by Alghanim Electronics"", ""L&amp;F Jones""]"
5abf11d45542997719eab660,linucb,5,Canada,Canada,1.0,1.0,1.0,1.0,555,4,0.0001142,"[""Driven To Perform"", ""X-cite by Alghanim Electronics"", ""L&amp;F Jones"", ""Future Shop"", ""Times Square Stores""]"
5ac11201554299294b21908c,linucb,2,"Rochester Hills, Michigan",Oakland County,0.0,0.0,0.0,0.0,278,9,6.280000000000001e-05,"[""Ron Teachworth"", ""Ron Ehrenreich""]"
5ac11201554299294b21908c,linucb,3,"Rochester Hills, Michigan",Oakland County,0.0,0.0,0.0,0.0,374,9,8.2e-05,"[""Ron Teachworth"", ""Ron Ehrenreich"", ""Ron Stephens (Illinois politician)""]"
5ac11201554299294b21908c,linucb,5,"Rochester Hills, Michigan",Oakland County,0.0,0.0,0.0,0.0,927,9,0.00019260000000000002,"[""Ron Teachworth"", ""Ron Ehrenreich"", ""Ron Stephens (Illinois politician)"", ""Sequoyah County Sheriff's Office (Oklahoma)"", ""Jasper County Community Unit School District 1""]"
5ade063d5542995b365fabcd,linucb,2,Major League Soccer,Major League Soccer,1.0,1.0,1.0,1.0,296,6,6.4e-05,"[""Donnie Smith"", ""Kareem Smith""]"
5ade063d5542995b365fabcd,linucb,3,Major League Soccer,Major League Soccer,1.0,1.0,1.0,1.0,473,6,9.94e-05,"[""Donnie Smith"", ""Kareem Smith"", ""Major League Soccer""]"
5ade063d5542995b365fabcd,linucb,5,Major League Soccer,Major League Soccer,1.0,1.0,1.0,1.0,691,6,0.00014300000000000003,"[""Donnie Smith"", ""Kareem Smith"", ""Major League Soccer"", ""Sports in Boston"", ""Berks/Bucks &amp; Oxon 1""]"
5ab3a83d5542992ade7c6e08,linucb,2,The Daily Stormer,The Daily Stormer,1.0,1.0,1.0,1.0,337,7,7.300000000000001e-05,"[""Faith Goldy"", ""Fired Up (TV series)""]"
5ab3a83d5542992ade7c6e08,linucb,3,The Daily Stormer,The Daily Stormer,1.0,1.0,1.0,1.0,406,7,8.680000000000001e-05,"[""Faith Goldy"", ""Fired Up (TV series)"", ""The Daily Stormer""]"
5ab3a83d5542992ade7c6e08,linucb,5,The Daily Stormer,The Daily Stormer,1.0,1.0,1.0,1.0,615,7,0.0001286,"[""Faith Goldy"", ""Fired Up (TV series)"", ""The Daily Stormer"", ""Mars Nederland"", ""Follow-the-sun""]"
5a79b525554299029c4b5f67,linucb,2,traditional music of pre-Hispanic and contemporary music of the Andes,traditional music,0.0,0.3636363636363636,0.2222222222222222,1.0,433,16,9.94e-05,"[""Grupo Aymara"", ""Wind River Range""]"
5a79b525554299029c4b5f67,linucb,3,traditional music of the Andes,traditional music,0.0,0.6666666666666666,0.5,1.0,548,8,0.00011600000000000001,"[""Grupo Aymara"", ""Wind River Range"", ""Aquichua""]"
5a79b525554299029c4b5f67,linucb,5,traditional music of the Andes,traditional music,0.0,0.6666666666666666,0.5,1.0,786,8,0.00016360000000000002,"[""Grupo Aymara"", ""Wind River Range"", ""Aquichua"", ""Cajamarca Region"", ""Alcamarinayoc""]"
5a8b77705542995d1e6f13aa,linucb,2,Sirius XM,Sirius XM Holdings,0.0,0.8,1.0,0.6666666666666666,338,7,7.32e-05,"[""Emma Willmann"", ""The Big Bub's Comedy Show""]"
5a8b77705542995d1e6f13aa,linucb,3,The Late Show with Stephen Colbert,Sirius XM Holdings,0.0,0.0,0.0,0.0,471,10,0.0001022,"[""Emma Willmann"", ""The Big Bub's Comedy Show"", ""Gilliam v. American Broadcasting Companies, Inc.""]"
5a8b77705542995d1e6f13aa,linucb,5,Sirius XM,Sirius XM Holdings,0.0,0.8,1.0,0.6666666666666666,698,7,0.0001452,"[""Emma Willmann"", ""The Big Bub's Comedy Show"", ""Gilliam v. American Broadcasting Companies, Inc."", ""Author Meets the Critics"", ""The Clock (TV series)""]"
5a8aeadc55429950cd6afbe0,linucb,2,"January 14, 2010","January 14, 2010",1.0,1.0,1.0,1.0,234,10,5.4800000000000004e-05,"[""Kim Hyang-gi"", ""Wedding Dress (film)""]"
5a8aeadc55429950cd6afbe0,linucb,3,"January 14, 2010","January 14, 2010",1.0,1.0,1.0,1.0,317,10,7.140000000000001e-05,"[""Kim Hyang-gi"", ""Wedding Dress (film)"", ""Cherry Tomato (film)""]"
5a8aeadc55429950cd6afbe0,linucb,5,"January 14, 2010","January 14, 2010",1.0,1.0,1.0,1.0,448,10,9.760000000000001e-05,"[""Kim Hyang-gi"", ""Wedding Dress (film)"", ""Cherry Tomato (film)"", ""Le Grand Chef 2: Kimchi Battle"", ""Detective K: Secret of the Virtuous Widow""]"
5abd0296554299114383a1d1,linucb,2,1876,1876,1.0,1.0,1.0,1.0,475,5,9.900000000000001e-05,"[""Douglas D. Scott"", ""Steven Collins (archaeologist)""]"
5abd0296554299114383a1d1,linucb,3,1876,1876,1.0,1.0,1.0,1.0,580,5,0.00012,"[""Douglas D. Scott"", ""Steven Collins (archaeologist)"", ""Sword of God (novel)""]"
5abd0296554299114383a1d1,linucb,5,1876,1876,1.0,1.0,1.0,1.0,813,5,0.0001666,"[""Douglas D. Scott"", ""Steven Collins (archaeologist)"", ""Sword of God (novel)"", ""Waldo Rudolph Wedel"", ""David M. Pendergast""]"
5ae4d0ff55429913cc204511,linucb,2,Greek Fire,Greek Fire,1.0,1.0,1.0,1.0,423,5,8.860000000000001e-05,"[""Greek Fire (band)"", ""Billy Corgan""]"
5ae4d0ff55429913cc204511,linucb,3,Greek Fire,Greek Fire,1.0,1.0,1.0,1.0,567,5,0.00011740000000000001,"[""Greek Fire (band)"", ""Billy Corgan"", ""Zeitgeist (The Smashing Pumpkins album)""]"
5ae4d0ff55429913cc204511,linucb,5,Greek Fire,Greek Fire,1.0,1.0,1.0,1.0,848,5,0.00017360000000000002,"[""Greek Fire (band)"", ""Billy Corgan"", ""Zeitgeist (The Smashing Pumpkins album)"", ""List of the Smashing Pumpkins band members"", ""The Aeroplane Flies High""]"
5ac07fff554299294b219006,linucb,2,tennis,tennis,1.0,1.0,1.0,1.0,255,5,5.5e-05,"[""Thomaz Koch"", ""Simon Aspelin""]"
5ac07fff554299294b219006,linucb,3,tennis,tennis,1.0,1.0,1.0,1.0,290,5,6.2e-05,"[""Thomaz Koch"", ""Simon Aspelin"", ""2011 Dubai Tennis Championships \u2013 Men's Doubles""]"
5ac07fff554299294b219006,linucb,5,tennis,tennis,1.0,1.0,1.0,1.0,373,5,7.860000000000001e-05,"[""Thomaz Koch"", ""Simon Aspelin"", ""2011 Dubai Tennis Championships \u2013 Men's Doubles"", ""2008 Swedish Open \u2013 Doubles"", ""2008 Hypo Group Tennis International \u2013 Doubles""]"
5ab741005542992aa3b8c800,linucb,2,Bobby Hurley,Robert Matthew Hurley,0.0,0.4,0.5,0.3333333333333333,332,7,7.2e-05,"[""Dan Hurley"", ""Bobby Hurley""]"
5ab741005542992aa3b8c800,linucb,3,Bobby Hurley,Robert Matthew Hurley,0.0,0.4,0.5,0.3333333333333333,415,7,8.86e-05,"[""Dan Hurley"", ""Bobby Hurley"", ""Rhode Island Rams men's basketball""]"
5ab741005542992aa3b8c800,linucb,5,Bobby Hurley,Robert Matthew Hurley,0.0,0.4,0.5,0.3333333333333333,717,7,0.00014900000000000002,"[""Dan Hurley"", ""Bobby Hurley"", ""Rhode Island Rams men's basketball"", ""2011\u201312 Wagner Seahawks men's basketball team"", ""2012\u201313 Wagner Seahawks men's basketball team""]"
5abe4a365542993f32c2a0dc,linucb,2,120 countries,more than 120 countries,0.0,0.6666666666666666,1.0,0.5,316,5,6.720000000000001e-05,"[""Rosi Golan"", ""Chicco""]"
5abe4a365542993f32c2a0dc,linucb,3,120 countries,more than 120 countries,0.0,0.6666666666666666,1.0,0.5,387,5,8.140000000000001e-05,"[""Rosi Golan"", ""Chicco"", ""Visa Debit""]"
5abe4a365542993f32c2a0dc,linucb,5,120 countries,more than 120 countries,0.0,0.6666666666666666,1.0,0.5,603,5,0.0001246,"[""Rosi Golan"", ""Chicco"", ""Visa Debit"", ""Damien Lewis"", ""Lynn Goldsmith""]"
5ab6cebd55429954757d3378,linucb,2,whaling,hunt,0.0,0.0,0.0,0.0,444,5,9.280000000000002e-05,"[""Whaling in Australia"", ""Right whale""]"
5ab6cebd55429954757d3378,linucb,3,whaling,hunt,0.0,0.0,0.0,0.0,536,5,0.0001112,"[""Whaling in Australia"", ""Right whale"", ""Right Whale Bay""]"
5ab6cebd55429954757d3378,linucb,5,whaling,hunt,0.0,0.0,0.0,0.0,813,5,0.0001666,"[""Whaling in Australia"", ""Right whale"", ""Right Whale Bay"", ""Pygmy right whale"", ""Right whale dolphin""]"
5abc219655429959677d6a1d,linucb,2,noanswer,"the Vertigo series ""Preacher""",0.0,0.0,0.0,0.0,447,5,9.340000000000001e-05,"[""Comic book"", ""Comic book convention""]"
5abc219655429959677d6a1d,linucb,3,Crossed: Family Values,"the Vertigo series ""Preacher""",0.0,0.0,0.0,0.0,587,8,0.0001238,"[""Comic book"", ""Comic book convention"", ""Crossed (comics)""]"
5abc219655429959677d6a1d,linucb,5,Star Crossed,"the Vertigo series ""Preacher""",0.0,0.0,0.0,0.0,800,6,0.00016480000000000002,"[""Comic book"", ""Comic book convention"", ""Crossed (comics)"", ""Star Crossed (comics)"", ""Comics artist""]"
5ac546975542993e66e8229a,linucb,2,1861,1844,0.0,0.0,0.0,0.0,408,5,8.560000000000001e-05,"[""The Co-operative Group"", ""Moulton Co-operative Society""]"
5ac546975542993e66e8229a,linucb,3,1861,1844,0.0,0.0,0.0,0.0,488,5,0.00010160000000000002,"[""The Co-operative Group"", ""Moulton Co-operative Society"", ""Penrith Co-operative Society""]"
5ac546975542993e66e8229a,linucb,5,1844,1844,1.0,1.0,1.0,1.0,704,5,0.0001448,"[""The Co-operative Group"", ""Moulton Co-operative Society"", ""Penrith Co-operative Society"", ""The Phone Co-op"", ""Anglia Regional Co-operative Society""]"
5adf4da15542995534e8c780,linucb,2,democratic,Democratic,1.0,1.0,1.0,1.0,258,5,5.56e-05,"[""Julian Castro"", ""Philip Cortez""]"
5adf4da15542995534e8c780,linucb,3,democratic,Democratic,1.0,1.0,1.0,1.0,324,5,6.88e-05,"[""Julian Castro"", ""Philip Cortez"", ""Page Cortez""]"
5adf4da15542995534e8c780,linucb,5,democratic,Democratic,1.0,1.0,1.0,1.0,479,5,9.980000000000001e-05,"[""Julian Castro"", ""Philip Cortez"", ""Page Cortez"", ""San Antonio mayoral election, 2009"", ""San Antonio mayoral election, 2013""]"
5a7f1d3c5542993067513639,linucb,2,Glencore,Mercuria Energy Group Ltd,0.0,0.0,0.0,0.0,620,6,0.00012880000000000001,"[""J. P. Morgan Jr."", ""2000s commodities boom""]"
5a7f1d3c5542993067513639,linucb,3,TotalEnergies,Mercuria Energy Group Ltd,0.0,0.0,0.0,0.0,708,6,0.0001464,"[""J. P. Morgan Jr."", ""2000s commodities boom"", ""Founder Group""]"
5a7f1d3c5542993067513639,linucb,5,Mercuria Energy Group,Mercuria Energy Group Ltd,0.0,0.8571428571428571,1.0,0.75,861,7,0.0001778,"[""J. P. Morgan Jr."", ""2000s commodities boom"", ""Founder Group"", ""Esso Australia"", ""Mercuria Energy Group""]"
5ae3c71f5542991a06ce9a22,linucb,2,Argentine Mesopotamia,Mesopotamia,0.0,0.6666666666666666,0.5,1.0,402,8,8.680000000000001e-05,"[""Predelta National Park"", ""Republic of Entre R\u00edos""]"
5ae3c71f5542991a06ce9a22,linucb,3,Argentine Mesopotamia,Mesopotamia,0.0,0.6666666666666666,0.5,1.0,456,8,9.760000000000001e-05,"[""Predelta National Park"", ""Republic of Entre R\u00edos"", ""National Route 12 (Argentina)""]"
5ae3c71f5542991a06ce9a22,linucb,5,"Mesopotamia, Argentina",Mesopotamia,0.0,0.6666666666666666,0.5,1.0,604,8,0.0001272,"[""Predelta National Park"", ""Republic of Entre R\u00edos"", ""National Route 12 (Argentina)"", ""Mesopotamia, Argentina"", ""Battle of Caaguaz\u00fa""]"
5a7e32905542991319bc943b,linucb,2,curling,Curling,1.0,1.0,1.0,1.0,466,5,9.72e-05,"[""Canada at the 2010 Winter Olympics"", ""Sochi bid for the 2014 Winter Olympics""]"
5a7e32905542991319bc943b,linucb,3,curling,Curling,1.0,1.0,1.0,1.0,651,5,0.0001342,"[""Canada at the 2010 Winter Olympics"", ""Sochi bid for the 2014 Winter Olympics"", ""Jennifer Jones (curler)""]"
5a7e32905542991319bc943b,linucb,5,curling,Curling,1.0,1.0,1.0,1.0,1013,5,0.0002066,"[""Canada at the 2010 Winter Olympics"", ""Sochi bid for the 2014 Winter Olympics"", ""Jennifer Jones (curler)"", ""2014 Winter Olympics"", ""2014 Winter Olympics torch relay""]"
5a75462d5542996c70cfaed3,linucb,2,Edison Chen,Edison Koon-hei Chen,0.0,0.8,1.0,0.6666666666666666,242,6,5.3200000000000006e-05,"[""Edison Chen"", ""Kwok Kin Pong""]"
5a75462d5542996c70cfaed3,linucb,3,Edison Chen,Edison Koon-hei Chen,0.0,0.8,1.0,0.6666666666666666,282,6,6.120000000000001e-05,"[""Edison Chen"", ""Kwok Kin Pong"", ""Edison Chen (EP)""]"
5a75462d5542996c70cfaed3,linucb,5,Edison Chen,Edison Koon-hei Chen,0.0,0.8,1.0,0.6666666666666666,527,6,0.0001102,"[""Edison Chen"", ""Kwok Kin Pong"", ""Edison Chen (EP)"", ""Lau Kwok Kin"", ""Kwok Kin Poon""]"
5a8effb55542997ba9cb317f,linucb,2,Matt Lucas,Matt Lucas,1.0,1.0,1.0,1.0,268,5,5.7600000000000004e-05,"[""Wall of Fame (game show)"", ""David Walliams""]"
5a8effb55542997ba9cb317f,linucb,3,Matt Lucas,Matt Lucas,1.0,1.0,1.0,1.0,382,5,8.04e-05,"[""Wall of Fame (game show)"", ""David Walliams"", ""Fremont High School (Oakland, California)""]"
5a8effb55542997ba9cb317f,linucb,5,Matt Lucas,Matt Lucas,1.0,1.0,1.0,1.0,698,5,0.0001436,"[""Wall of Fame (game show)"", ""David Walliams"", ""Fremont High School (Oakland, California)"", ""Ray Stevens"", ""Vampirovibrio chlorellavorus""]"
5abec66b5542997ec76fd360,linucb,2,German aviators,A veteran World War I fighter pilot ace,0.0,0.0,0.0,0.0,282,6,6.120000000000001e-05,"[""Josef Veltjens"", ""Werner Goering""]"
5abec66b5542997ec76fd360,linucb,3,Pour le Mérite,A veteran World War I fighter pilot ace,0.0,0.0,0.0,0.0,400,7,8.560000000000001e-05,"[""Josef Veltjens"", ""Werner Goering"", ""Hermann G\u00f6ring""]"
5abec66b5542997ec76fd360,linucb,5,Pour le Mérite,A veteran World War I fighter pilot ace,0.0,0.0,0.0,0.0,592,7,0.000124,"[""Josef Veltjens"", ""Werner Goering"", ""Hermann G\u00f6ring"", ""Hermann von Kuhl"", ""Edda G\u00f6ring""]"
5a9030ef5542995651fb50e4,linucb,2,baseball,American football,0.0,0.0,0.0,0.0,416,5,8.72e-05,"[""Show Her"", ""Statue of a Fool""]"
5a9030ef5542995651fb50e4,linucb,3,baseball,American football,0.0,0.0,0.0,0.0,515,5,0.000107,"[""Show Her"", ""Statue of a Fool"", ""The Heart (song)""]"
5a9030ef5542995651fb50e4,linucb,5,football,American football,0.0,0.6666666666666666,1.0,0.5,756,4,0.0001544,"[""Show Her"", ""Statue of a Fool"", ""The Heart (song)"", ""A Bad Goodbye"", ""Making Memories of Us""]"
5a762cf0554299109176e6a4,linucb,2,Bertalan Farkas,Bertalan Farkas,1.0,1.0,1.0,1.0,251,9,5.74e-05,"[""Hans Schlegel"", ""Bertalan Farkas""]"
5a762cf0554299109176e6a4,linucb,3,Bertalan Farkas,Bertalan Farkas,1.0,1.0,1.0,1.0,421,9,9.14e-05,"[""Hans Schlegel"", ""Bertalan Farkas"", ""Hans Aschenborn""]"
5a762cf0554299109176e6a4,linucb,5,Bertalan Farkas,Bertalan Farkas,1.0,1.0,1.0,1.0,723,9,0.0001518,"[""Hans Schlegel"", ""Bertalan Farkas"", ""Hans Aschenborn"", ""Hans von Hentig"", ""Karl Wilhelm Friedrich Schlegel""]"
5ade1c9e55429939a52fe822,linucb,2,Haiti,Saint-Domingue,0.0,0.0,0.0,0.0,430,5,9e-05,"[""Henri Christophe"", ""State of Haiti""]"
5ade1c9e55429939a52fe822,linucb,3,Haiti,Saint-Domingue,0.0,0.0,0.0,0.0,572,6,0.0001192,"[""Henri Christophe"", ""State of Haiti"", ""Henri Christophe: A Chronicle in Seven Scenes""]"
5ade1c9e55429939a52fe822,linucb,5,Haiti,Saint-Domingue,0.0,0.0,0.0,0.0,806,5,0.0001652,"[""Henri Christophe"", ""State of Haiti"", ""Henri Christophe: A Chronicle in Seven Scenes"", ""Fran\u00e7ois-Ferdinand Christophe"", ""Kingdom of Haiti""]"
5abb1e1b5542992ccd8e7f19,linucb,2,Nobel Prize,Nobel Prize in Literature,0.0,0.6666666666666666,1.0,0.5,346,6,7.4e-05,"[""Ivo Andri\u0107"", ""Jos\u00e9 Saramago""]"
5abb1e1b5542992ccd8e7f19,linucb,3,Nobel Prize,Nobel Prize in Literature,0.0,0.6666666666666666,1.0,0.5,412,6,8.72e-05,"[""Ivo Andri\u0107"", ""Jos\u00e9 Saramago"", ""Museum of Ivo Andri\u0107""]"
5abb1e1b5542992ccd8e7f19,linucb,5,Nobel Prize,Nobel Prize in Literature,0.0,0.6666666666666666,1.0,0.5,590,6,0.0001228,"[""Ivo Andri\u0107"", ""Jos\u00e9 Saramago"", ""Museum of Ivo Andri\u0107"", ""Jos\u00e9 Saramago Foundation"", ""Andri\u0107grad""]"
5a791ce955429974737f798e,linucb,2,Queensland,Queensland,1.0,1.0,1.0,1.0,324,5,6.88e-05,"[""2001 Goodwill Games"", ""Brett McClure""]"
5a791ce955429974737f798e,linucb,3,Queensland,Queensland,1.0,1.0,1.0,1.0,386,5,8.120000000000001e-05,"[""2001 Goodwill Games"", ""Brett McClure"", ""Masayoshi Yamamoto""]"
5a791ce955429974737f798e,linucb,5,Queensland,Queensland,1.0,1.0,1.0,1.0,629,5,0.0001298,"[""2001 Goodwill Games"", ""Brett McClure"", ""Masayoshi Yamamoto"", ""Luke Stannard"", ""Alexander Artemev""]"
5ae67dba55429908198fa5f0,linucb,2,"26,245","48,982",0.0,0.0,0.0,0.0,272,6,5.920000000000001e-05,"[""Memphis Hustle"", ""West Memphis, Arkansas""]"
5ae67dba55429908198fa5f0,linucb,3,646889,"48,982",0.0,0.0,0.0,0.0,449,5,9.380000000000002e-05,"[""Memphis Hustle"", ""West Memphis, Arkansas"", ""Memphis metropolitan area""]"
5ae67dba55429908198fa5f0,linucb,5,"662,897","48,982",0.0,0.0,0.0,0.0,567,6,0.0001182,"[""Memphis Hustle"", ""West Memphis, Arkansas"", ""Memphis metropolitan area"", ""Lakeland, Tennessee"", ""Marion, Arkansas""]"
5a7ef6b35542994959419a94,linucb,2,Bologna,Emilia-Romagna Region,0.0,0.0,0.0,0.0,196,5,4.3200000000000007e-05,"[""Giorgio Pini"", ""Carolina Pini""]"
5a7ef6b35542994959419a94,linucb,3,Bologna,Emilia-Romagna Region,0.0,0.0,0.0,0.0,380,5,8e-05,"[""Giorgio Pini"", ""Carolina Pini"", ""Giorgio Giunchi""]"
5a7ef6b35542994959419a94,linucb,5,Bologna,Emilia-Romagna Region,0.0,0.0,0.0,0.0,504,5,0.00010480000000000001,"[""Giorgio Pini"", ""Carolina Pini"", ""Giorgio Giunchi"", ""San Giorgio, Brescia"", ""San Giorgio di Nogaro railway station""]"
5ae5e8dc554299546bf82fbe,linucb,2,Black Panther Party,Hakim Abdullah Jamal,0.0,0.0,0.0,0.0,392,6,8.32e-05,"[""Black Power movement"", ""Black Power Revolution""]"
5ae5e8dc554299546bf82fbe,linucb,3,Black Power movement,Hakim Abdullah Jamal,0.0,0.0,0.0,0.0,487,6,0.0001022,"[""Black Power movement"", ""Black Power Revolution"", ""Black Arts Movement""]"
5ae5e8dc554299546bf82fbe,linucb,5,Kwame Ture,Hakim Abdullah Jamal,0.0,0.0,0.0,0.0,887,13,0.0001878,"[""Black Power movement"", ""Black Power Revolution"", ""Black Arts Movement"", ""Black Power: The Politics of Liberation"", ""African-American bookstores""]"
5a89bbb05542992e4fca83a3,linucb,2,The Camel,Nick Offerman,0.0,0.0,0.0,0.0,330,5,7.000000000000001e-05,"[""The Camel (Parks and Recreation)"", ""End of the World (Parks and Recreation)""]"
5a89bbb05542992e4fca83a3,linucb,3,Nick Offerman,Nick Offerman,1.0,1.0,1.0,1.0,418,6,8.840000000000001e-05,"[""The Camel (Parks and Recreation)"", ""End of the World (Parks and Recreation)"", ""November (2004 film)""]"
5a89bbb05542992e4fca83a3,linucb,5,Nick Offerman,Nick Offerman,1.0,1.0,1.0,1.0,587,6,0.00012220000000000002,"[""The Camel (Parks and Recreation)"", ""End of the World (Parks and Recreation)"", ""November (2004 film)"", ""Donna Meagle"", ""Billy Eichner""]"
5adcf8155542990d50227d6a,linucb,2,noanswer,Maria Brink,0.0,0.0,0.0,0.0,456,5,9.520000000000001e-05,"[""Midi Music Awards"", ""APRA Music Awards of 2010""]"
5adcf8155542990d50227d6a,linucb,3,Maria Brink,Maria Brink,1.0,1.0,1.0,1.0,528,5,0.00010960000000000001,"[""Midi Music Awards"", ""APRA Music Awards of 2010"", ""The Dream (In This Moment album)""]"
5adcf8155542990d50227d6a,linucb,5,Maria Brink,Maria Brink,1.0,1.0,1.0,1.0,785,5,0.00016099999999999998,"[""Midi Music Awards"", ""APRA Music Awards of 2010"", ""The Dream (In This Moment album)"", ""List of Good Charlotte awards and nominations"", ""Maria Brink""]"
5a74feb75542996c70cfae6d,linucb,2,Ali Qushji,Ali Qushji,1.0,1.0,1.0,1.0,485,7,0.0001026,"[""Ibn Tufail"", ""Ali Qushji""]"
5a74feb75542996c70cfae6d,linucb,3,Ali Qushji,Ali Qushji,1.0,1.0,1.0,1.0,641,7,0.00013380000000000003,"[""Ibn Tufail"", ""Ali Qushji"", ""History of physics""]"
5a74feb75542996c70cfae6d,linucb,5,Ali Qushji,Ali Qushji,1.0,1.0,1.0,1.0,982,7,0.000202,"[""Ibn Tufail"", ""Ali Qushji"", ""History of physics"", ""Ibn Zuhr"", ""Hayy ibn Yaqdhan""]"
5ae32e125542991a06ce9946,linucb,2,124.4 million,"35,124",0.0,0.0,0.0,0.0,336,13,7.76e-05,"[""Kirton End"", ""2001 Bangladesh census""]"
5ae32e125542991a06ce9946,linucb,3,273,"35,124",0.0,0.0,0.0,0.0,395,4,8.219999999999999e-05,"[""Kirton End"", ""2001 Bangladesh census"", ""Kirton, Nottinghamshire""]"
5ae32e125542991a06ce9946,linucb,5,273,"35,124",0.0,0.0,0.0,0.0,708,4,0.0001448,"[""Kirton End"", ""2001 Bangladesh census"", ""Kirton, Nottinghamshire"", ""Kirton, Suffolk"", ""Urbanisation in India""]"
5a8242c155429940e5e1a81d,linucb,2,Germany,Germany,1.0,1.0,1.0,1.0,252,4,5.360000000000001e-05,"[""Thoughts on Machiavelli"", ""Anthony Parel""]"
5a8242c155429940e5e1a81d,linucb,3,noanswer,Germany,0.0,0.0,0.0,0.0,346,5,7.32e-05,"[""Thoughts on Machiavelli"", ""Anthony Parel"", ""Ernest Myers""]"
5a8242c155429940e5e1a81d,linucb,5,Germany,Germany,1.0,1.0,1.0,1.0,557,4,0.00011460000000000001,"[""Thoughts on Machiavelli"", ""Anthony Parel"", ""Ernest Myers"", ""Leo Strauss"", ""Stanley Bing""]"
5ab2acbc55429929539467d2,linucb,2,Masson Island,Laysan,0.0,0.0,0.0,0.0,347,6,7.42e-05,"[""Pi\u00f1ero Island"", ""Masson Island""]"
5ab2acbc55429929539467d2,linucb,3,Masson Island,Laysan,0.0,0.0,0.0,0.0,504,12,0.00011040000000000001,"[""Pi\u00f1ero Island"", ""Masson Island"", ""Kitney Island""]"
5ab2acbc55429929539467d2,linucb,5,Kingman Reef,Laysan,0.0,0.0,0.0,0.0,699,12,0.0001494,"[""Pi\u00f1ero Island"", ""Masson Island"", ""Kitney Island"", ""Kingman Reef"", ""Canopus Rocks""]"
5abd7d0c55429924427fd010,linucb,2,semantic analysis,Musicology,0.0,0.0,0.0,0.0,265,11,6.18e-05,"[""Ciril Cvetko"", ""Semantic Scholar""]"
5abd7d0c55429924427fd010,linucb,3,time–frequency analysis,Musicology,0.0,0.0,0.0,0.0,406,7,8.680000000000001e-05,"[""Ciril Cvetko"", ""Semantic Scholar"", ""Time\u2013frequency analysis for music signals""]"
5abd7d0c55429924427fd010,linucb,5,scholarly analysis and research-based study of music,Musicology,0.0,0.0,0.0,0.0,851,19,0.0001854,"[""Ciril Cvetko"", ""Semantic Scholar"", ""Time\u2013frequency analysis for music signals"", ""Lawrence A. Gordon"", ""Musicology""]"
5ae6860e5542991bbc976112,linucb,2,The Physics of Superheroes,"commentary on Isaac Newton's book ""Principia""",0.0,0.0,0.0,0.0,524,8,0.00011120000000000002,"[""The Physics of Superheroes"", ""Basic Laws of Israel""]"
5ae6860e5542991bbc976112,linucb,3,noanswer,"commentary on Isaac Newton's book ""Principia""",0.0,0.0,0.0,0.0,584,5,0.00012080000000000001,"[""The Physics of Superheroes"", ""Basic Laws of Israel"", ""Voltaire in Love""]"
5ae6860e5542991bbc976112,linucb,5,noanswer,"commentary on Isaac Newton's book ""Principia""",0.0,0.0,0.0,0.0,783,5,0.0001606,"[""The Physics of Superheroes"", ""Basic Laws of Israel"", ""Voltaire in Love"", ""Laws of association"", ""12 basic principles of animation""]"
5a849cc95542997175ce1efa,linucb,2,noanswer,Boston,0.0,0.0,0.0,0.0,277,5,5.940000000000001e-05,"[""Brian Mannal"", ""189th Ohio Infantry""]"
5a849cc95542997175ce1efa,linucb,3,Massachusetts House of Representatives,Boston,0.0,0.0,0.0,0.0,345,8,7.54e-05,"[""Brian Mannal"", ""189th Ohio Infantry"", ""The Big Premiere""]"
5a849cc95542997175ce1efa,linucb,5,Boston,Boston,1.0,1.0,1.0,1.0,543,4,0.00011180000000000001,"[""Brian Mannal"", ""189th Ohio Infantry"", ""The Big Premiere"", ""Massachusetts House of Representatives"", ""188th (Saskatchewan) Battalion, CEF""]"
5ac1a04e5542991316484b63,linucb,2,no,no,1.0,1.0,1.0,1.0,252,4,5.360000000000001e-05,"[""Jim McBride"", ""Neil Jordan""]"
5ac1a04e5542991316484b63,linucb,3,no,no,1.0,1.0,1.0,1.0,330,4,6.92e-05,"[""Jim McBride"", ""Neil Jordan"", ""Glen and Randa""]"
5ac1a04e5542991316484b63,linucb,5,no,no,1.0,1.0,1.0,1.0,457,4,9.46e-05,"[""Jim McBride"", ""Neil Jordan"", ""Glen and Randa"", ""Angel (1982 Irish film)"", ""Sawmill Road""]"
5ade7a435542997c77adee3a,linucb,2,Mountbatten family,Mountbatten family,1.0,1.0,1.0,1.0,382,7,8.2e-05,"[""Mountbatten-Windsor"", ""Mountbatten family""]"
5ade7a435542997c77adee3a,linucb,3,Mountbatten family,Mountbatten family,1.0,1.0,1.0,1.0,514,7,0.0001084,"[""Mountbatten-Windsor"", ""Mountbatten family"", ""Zulu royal family""]"
5ade7a435542997c77adee3a,linucb,5,Mountbatten family,Mountbatten family,1.0,1.0,1.0,1.0,718,7,0.0001492,"[""Mountbatten-Windsor"", ""Mountbatten family"", ""Zulu royal family"", ""List of members of the House of Windsor"", ""Capetian dynasty""]"
5a865e8a55429960ec39b67a,linucb,2,no,yes,0.0,0.0,0.0,0.0,379,10,8.38e-05,"[""3OH!3"", ""3OH!3 (album)""]"
5a865e8a55429960ec39b67a,linucb,3,no,yes,0.0,0.0,0.0,0.0,456,10,9.920000000000001e-05,"[""3OH!3"", ""3OH!3 (album)"", ""Want (3OH!3 album)""]"
5a865e8a55429960ec39b67a,linucb,5,no,yes,0.0,0.0,0.0,0.0,788,4,0.00016080000000000003,"[""3OH!3"", ""3OH!3 (album)"", ""Want (3OH!3 album)"", ""Moonbabies (band)"", ""Streets of Gold""]"
5adc0e0355429944faac2404,linucb,2,Sonic Mania,Sonic Mania,1.0,1.0,1.0,1.0,313,6,6.74e-05,"[""Christian Whitehead"", ""Hook (video game)""]"
5adc0e0355429944faac2404,linucb,3,Sonic Mania,Sonic Mania,1.0,1.0,1.0,1.0,360,6,7.68e-05,"[""Christian Whitehead"", ""Hook (video game)"", ""Plok""]"
5adc0e0355429944faac2404,linucb,5,Sonic Mania,Sonic Mania,1.0,1.0,1.0,1.0,572,6,0.0001192,"[""Christian Whitehead"", ""Hook (video game)"", ""Plok"", ""Captain Comic"", ""Alex Kidd in the Enchanted Castle""]"
5a80ecea55429938b6142254,linucb,2,Coffee Prince,Queen In-hyun's Man,0.0,0.0,0.0,0.0,304,5,6.48e-05,"[""My Secret Hotel"", ""The Secret of My Love""]"
5a80ecea55429938b6142254,linucb,3,Secret Love on KBS2,Queen In-hyun's Man,0.0,0.0,0.0,0.0,382,9,8.36e-05,"[""My Secret Hotel"", ""The Secret of My Love"", ""Secret Love (TV series)""]"
5a80ecea55429938b6142254,linucb,5,Queen In-hyun's Man,Queen In-hyun's Man,1.0,1.0,1.0,1.0,664,9,0.00014000000000000001,"[""My Secret Hotel"", ""The Secret of My Love"", ""Secret Love (TV series)"", ""Yoo Ah-in"", ""Yoo In-na""]"
5ae7cea355429952e35ea9c1,linucb,2,Easy,Netflix,0.0,0.0,0.0,0.0,512,4,0.0001056,"[""International expansion of Netflix"", ""Easy (TV series)""]"
5ae7cea355429952e35ea9c1,linucb,3,Easy,Netflix,0.0,0.0,0.0,0.0,654,4,0.000134,"[""International expansion of Netflix"", ""Easy (TV series)"", ""Travelers (TV series)""]"
5ae7cea355429952e35ea9c1,linucb,5,Easy,Netflix,0.0,0.0,0.0,0.0,992,4,0.0002016,"[""International expansion of Netflix"", ""Easy (TV series)"", ""Travelers (TV series)"", ""Dice (TV series)"", ""Bloodline (TV series)""]"
5a77a44d5542997042120aba,linucb,2,Baldwin,Baldwin,1.0,1.0,1.0,1.0,377,6,8.02e-05,"[""Baldwin, Nassau County, New York"", ""Salisbury, Nassau County, New York""]"
5a77a44d5542997042120aba,linucb,3,Baldwin,Baldwin,1.0,1.0,1.0,1.0,465,6,9.779999999999999e-05,"[""Baldwin, Nassau County, New York"", ""Salisbury, Nassau County, New York"", ""Brian F. Curran""]"
5a77a44d5542997042120aba,linucb,5,Baldwin,Baldwin,1.0,1.0,1.0,1.0,560,6,0.00011679999999999999,"[""Baldwin, Nassau County, New York"", ""Salisbury, Nassau County, New York"", ""Brian F. Curran"", ""Patrick R. Manning"", ""Stephen B. Kaufman""]"
5a775f8a5542994aec3b72ba,linucb,2,Taylor Swift,Taylor Swift,1.0,1.0,1.0,1.0,409,11,9.06e-05,"[""MTV Video Music Award for Best Female Video"", ""MTV Video Music Award for Best Alternative Video""]"
5a775f8a5542994aec3b72ba,linucb,3,Taylor Swift,Taylor Swift,1.0,1.0,1.0,1.0,657,5,0.00013539999999999998,"[""MTV Video Music Award for Best Female Video"", ""MTV Video Music Award for Best Alternative Video"", ""MTV Video Music Award for Best Dance Video""]"
5a775f8a5542994aec3b72ba,linucb,5,Beyoncé,Taylor Swift,0.0,0.0,0.0,0.0,1000,6,0.00020480000000000002,"[""MTV Video Music Award for Best Female Video"", ""MTV Video Music Award for Best Alternative Video"", ""MTV Video Music Award for Best Dance Video"", ""MTV Video Music Brazil"", ""List of Good Charlotte awards and nominations""]"
5a80870d5542992bc0c4a752,linucb,2,Stephen A. Smith,Matthew Ward Winer,0.0,0.0,0.0,0.0,480,7,0.0001016,"[""Shaqtin' a Fool"", ""Stephen A. Smith""]"
5a80870d5542992bc0c4a752,linucb,3,Matt Winer,Matthew Ward Winer,0.0,0.4,0.5,0.3333333333333333,526,6,0.00011,"[""Shaqtin' a Fool"", ""Stephen A. Smith"", ""Matt Winer""]"
5a80870d5542992bc0c4a752,linucb,5,Matt Winer,Matthew Ward Winer,0.0,0.4,0.5,0.3333333333333333,714,6,0.0001476,"[""Shaqtin' a Fool"", ""Stephen A. Smith"", ""Matt Winer"", ""Howard Bryant"", ""Fun Taiwan""]"
5ae4d7fc5542990ba0bbb16f,linucb,2,yes,yes,1.0,1.0,1.0,1.0,316,4,6.64e-05,"[""Michael Moorcock"", ""Stephen R. Donaldson""]"
5ae4d7fc5542990ba0bbb16f,linucb,3,yes,yes,1.0,1.0,1.0,1.0,370,4,7.719999999999999e-05,"[""Michael Moorcock"", ""Stephen R. Donaldson"", ""A Cure for Cancer""]"
5ae4d7fc5542990ba0bbb16f,linucb,5,yes,yes,1.0,1.0,1.0,1.0,510,4,0.0001052,"[""Michael Moorcock"", ""Stephen R. Donaldson"", ""A Cure for Cancer"", ""The Final Programme"", ""Epic Pooh""]"
5abe765a55429976d4830b1f,linucb,2,Amélie Mauresmo,Amélie Simone Mauresmo,0.0,0.8,1.0,0.6666666666666666,324,9,7.2e-05,"[""Am\u00e9lie Mauresmo"", ""Angelique Kerber""]"
5abe765a55429976d4830b1f,linucb,3,Angelique Kerber,Amélie Simone Mauresmo,0.0,0.0,0.0,0.0,453,7,9.620000000000001e-05,"[""Am\u00e9lie Mauresmo"", ""Angelique Kerber"", ""Angelique Kerber career statistics""]"
5abe765a55429976d4830b1f,linucb,5,Angelique Kerber,Amélie Simone Mauresmo,0.0,0.0,0.0,0.0,561,7,0.0001178,"[""Am\u00e9lie Mauresmo"", ""Angelique Kerber"", ""Angelique Kerber career statistics"", ""2016 Angelique Kerber tennis season"", ""2010 Sony Ericsson Open \u2013 Women's Doubles""]"
5a84f5195542994c784dda9d,linucb,2,Ron Dermer,Israeli Ambassador,0.0,0.0,0.0,0.0,295,6,6.379999999999999e-05,"[""The Case for Democracy"", ""Avital Sharansky""]"
5a84f5195542994c784dda9d,linucb,3,noanswer,Israeli Ambassador,0.0,0.0,0.0,0.0,338,5,7.16e-05,"[""The Case for Democracy"", ""Avital Sharansky"", ""Defending Identity""]"
5a84f5195542994c784dda9d,linucb,5,noanswer,Israeli Ambassador,0.0,0.0,0.0,0.0,508,5,0.0001056,"[""The Case for Democracy"", ""Avital Sharansky"", ""Defending Identity"", ""Tsewang Rigzin"", ""Allison Garrett""]"
5ab431e65542991751b4d6e2,linucb,2,"June 15, 1836","February 14, 1859",0.0,0.0,0.0,0.0,259,10,5.9800000000000003e-05,"[""Samuel Thurston"", ""Arkansas Territory""]"
5ab431e65542991751b4d6e2,linucb,3,"June 15, 1836","February 14, 1859",0.0,0.0,0.0,0.0,325,10,7.3e-05,"[""Samuel Thurston"", ""Arkansas Territory"", ""Alabama Territory""]"
5ab431e65542991751b4d6e2,linucb,5,noanswer,"February 14, 1859",0.0,0.0,0.0,0.0,512,5,0.00010640000000000001,"[""Samuel Thurston"", ""Arkansas Territory"", ""Alabama Territory"", ""Iowa Territory"", ""Nebraska Territory""]"
5ae71f06554299572ea54708,linucb,2,Ferdinand Magellan,Ferdinand Magellan,1.0,1.0,1.0,1.0,395,8,8.54e-05,"[""Christopher de Haro"", ""Luis M\u00e9ndez de Haro""]"
5ae71f06554299572ea54708,linucb,3,Ferdinand Magellan,Ferdinand Magellan,1.0,1.0,1.0,1.0,508,8,0.00010800000000000001,"[""Christopher de Haro"", ""Luis M\u00e9ndez de Haro"", ""Lope D\u00edaz II de Haro""]"
5ae71f06554299572ea54708,linucb,5,Ferdinand Magellan,Ferdinand Magellan,1.0,1.0,1.0,1.0,752,8,0.0001568,"[""Christopher de Haro"", ""Luis M\u00e9ndez de Haro"", ""Lope D\u00edaz II de Haro"", ""Mar\u00eda D\u00edaz I de Haro"", ""Teresa D\u00edaz II de Haro""]"
5abdce1b5542993062266cfe,linucb,2,Hennepin County,Hennepin County,1.0,1.0,1.0,1.0,339,7,7.34e-05,"[""Minneapolis"", ""Tom Huntley""]"
5abdce1b5542993062266cfe,linucb,3,Hennepin County,Hennepin County,1.0,1.0,1.0,1.0,460,7,9.76e-05,"[""Minneapolis"", ""Tom Huntley"", ""James McCleary""]"
5abdce1b5542993062266cfe,linucb,5,Hennepin County,Hennepin County,1.0,1.0,1.0,1.0,783,7,0.0001622,"[""Minneapolis"", ""Tom Huntley"", ""James McCleary"", ""Sydney Anderson"", ""Gary Flakne""]"
5a8c5eca554299240d9c213d,linucb,2,South Coast Plaza,"three Macy's stores, Sears, Nordstrom, Bloomingdale's, and Saks Fifth Avenue",0.0,0.0,0.0,0.0,525,6,0.0001098,"[""C.J. Segerstrom &amp; Sons"", ""Karcher Mall""]"
5a8c5eca554299240d9c213d,linucb,3,South Coast Plaza,"three Macy's stores, Sears, Nordstrom, Bloomingdale's, and Saks Fifth Avenue",0.0,0.0,0.0,0.0,726,6,0.00015000000000000001,"[""C.J. Segerstrom &amp; Sons"", ""Karcher Mall"", ""Southlake Mall (Indiana)""]"
5a8c5eca554299240d9c213d,linucb,5,noanswer,"three Macy's stores, Sears, Nordstrom, Bloomingdale's, and Saks Fifth Avenue",0.0,0.0,0.0,0.0,1168,5,0.0002376,"[""C.J. Segerstrom &amp; Sons"", ""Karcher Mall"", ""Southlake Mall (Indiana)"", ""Mall of Georgia"", ""Raleigh Springs Mall""]"
5a8c8f24554299653c1aa0ba,linucb,2,World War II,World War II,1.0,1.0,1.0,1.0,491,6,0.000103,"[""34th Pursuit Squadron"", ""Bataan Death March""]"
5a8c8f24554299653c1aa0ba,linucb,3,World War II,World War II,1.0,1.0,1.0,1.0,768,6,0.00015840000000000003,"[""34th Pursuit Squadron"", ""Bataan Death March"", ""Battle of Bataan""]"
5a8c8f24554299653c1aa0ba,linucb,5,World War II,World War II,1.0,1.0,1.0,1.0,963,6,0.00019740000000000003,"[""34th Pursuit Squadron"", ""Bataan Death March"", ""Battle of Bataan"", ""74th Bombardment Squadron"", ""24th Pursuit Group""]"
5ab972485542996be20204f6,linucb,2,1790,1790,1.0,1.0,1.0,1.0,388,5,8.16e-05,"[""Jesse Bushyhead"", ""John Rogers (Cherokee chief)""]"
5ab972485542996be20204f6,linucb,3,1790,1790,1.0,1.0,1.0,1.0,498,5,0.00010360000000000001,"[""Jesse Bushyhead"", ""John Rogers (Cherokee chief)"", ""John Ross (Cherokee chief)""]"
5ab972485542996be20204f6,linucb,5,1790,1790,1.0,1.0,1.0,1.0,677,5,0.0001394,"[""Jesse Bushyhead"", ""John Rogers (Cherokee chief)"", ""John Ross (Cherokee chief)"", ""1976 Burundian coup d'\u00e9tat"", ""George Young (Methodist minister)""]"
5a778a8e5542992a6e59deca,linucb,2,William Fichtner,William Fichtner,1.0,1.0,1.0,1.0,301,7,6.58e-05,"[""Krystal (film)"", ""Blades of Glory""]"
5a778a8e5542992a6e59deca,linucb,3,William Fichtner,William Fichtner,1.0,1.0,1.0,1.0,433,7,9.22e-05,"[""Krystal (film)"", ""Blades of Glory"", ""The Perfect Storm (film)""]"
5a778a8e5542992a6e59deca,linucb,5,William Fichtner,William Fichtner,1.0,1.0,1.0,1.0,689,7,0.00014340000000000002,"[""Krystal (film)"", ""Blades of Glory"", ""The Perfect Storm (film)"", ""What Kind of Love Are You On"", ""Stephen Rosenbaum""]"
5ab285d1554299449642c8dd,linucb,2,yes,United States,0.0,0.0,0.0,0.0,267,4,5.660000000000001e-05,"[""Deadhorse Airport"", ""Monroe Regional Airport (Louisiana)""]"
5ab285d1554299449642c8dd,linucb,3,United States,United States,1.0,1.0,1.0,1.0,342,5,7.240000000000001e-05,"[""Deadhorse Airport"", ""Monroe Regional Airport (Louisiana)"", ""Monroe City Regional Airport""]"
5ab285d1554299449642c8dd,linucb,5,United States,United States,1.0,1.0,1.0,1.0,542,5,0.00011240000000000001,"[""Deadhorse Airport"", ""Monroe Regional Airport (Louisiana)"", ""Monroe City Regional Airport"", ""Manassas Regional Airport"", ""Charlotte\u2013Monroe Executive Airport""]"
5a78e49855429974737f78f3,linucb,2,yes,560,0.0,0.0,0.0,0.0,466,10,0.00010120000000000001,"[""Newell Brands"", ""Glade (brand)""]"
5a78e49855429974737f78f3,linucb,3,noanswer,560,0.0,0.0,0.0,0.0,488,11,0.00010640000000000001,"[""Newell Brands"", ""Glade (brand)"", ""Vie Luxe International""]"
5a78e49855429974737f78f3,linucb,5,8000,560,0.0,0.0,0.0,0.0,597,5,0.0001234,"[""Newell Brands"", ""Glade (brand)"", ""Vie Luxe International"", ""Jo Malone"", ""Diptyque""]"
5a72b3335542994cef4bc3dc,linucb,2,Irish Home Rule movement,The Home Rule League,0.0,0.5714285714285715,0.5,0.6666666666666666,239,7,5.3400000000000004e-05,"[""Irish Home Rule movement"", ""Indian Home Rule movement""]"
5a72b3335542994cef4bc3dc,linucb,3,Home Rule League,The Home Rule League,1.0,1.0,1.0,1.0,303,6,6.54e-05,"[""Irish Home Rule movement"", ""Indian Home Rule movement"", ""Home Rule League""]"
5a72b3335542994cef4bc3dc,linucb,5,Home Rule League,The Home Rule League,1.0,1.0,1.0,1.0,539,6,0.0001126,"[""Irish Home Rule movement"", ""Indian Home Rule movement"", ""Home Rule League"", ""Irish Parliamentary Party"", ""Irish Agricultural Organisation Society""]"
5a82bc7455429940e5e1a926,linucb,2,A Star Is Born,"""Red Rock West""",0.0,0.0,0.0,0.0,315,13,7.34e-05,"[""A Star Is Born (1976 film)"", ""Soap Opera Digest Award for Hottest Male Star""]"
5a82bc7455429940e5e1a926,linucb,3,A Star Is Born,"""Red Rock West""",0.0,0.0,0.0,0.0,348,13,8e-05,"[""A Star Is Born (1976 film)"", ""Soap Opera Digest Award for Hottest Male Star"", ""Mandingo Massacre""]"
5a82bc7455429940e5e1a926,linucb,5,A Star Is Born,"""Red Rock West""",0.0,0.0,0.0,0.0,484,7,0.00010240000000000001,"[""A Star Is Born (1976 film)"", ""Soap Opera Digest Award for Hottest Male Star"", ""Mandingo Massacre"", ""Hikoboshi"", ""Charlie O'Connell (roller derby)""]"
5a77b0395542997042120ae1,linucb,2,Abdoulaye Ascofaré,Jessica Lange,0.0,0.0,0.0,0.0,194,11,4.7600000000000005e-05,"[""Hush (1998 film)"", ""Abdoulaye Ascofar\u00e9""]"
5a77b0395542997042120ae1,linucb,3,Johnathon Schaech,Jessica Lange,0.0,0.0,0.0,0.0,233,7,5.22e-05,"[""Hush (1998 film)"", ""Abdoulaye Ascofar\u00e9"", ""Jes\u00fas Guerrero""]"
5a77b0395542997042120ae1,linucb,5,Jessica Lange,Jessica Lange,1.0,1.0,1.0,1.0,341,5,7.22e-05,"[""Hush (1998 film)"", ""Abdoulaye Ascofar\u00e9"", ""Jes\u00fas Guerrero"", ""Robert Markaryan"", ""Connie Lawson""]"
5a90b6985542990a984936c2,linucb,2,The Boy Who Had Everything,"""The Royal Family""",0.0,0.0,0.0,0.0,336,8,7.360000000000001e-05,"[""Arthur Newman (film)"", ""The Railway Man (film)""]"
5a90b6985542990a984936c2,linucb,3,The Shape of Things,"""The Royal Family""",0.0,0.0,0.0,0.0,474,7,0.00010040000000000001,"[""Arthur Newman (film)"", ""The Railway Man (film)"", ""Magic in the Moonlight""]"
5a90b6985542990a984936c2,linucb,5,The Children's Hour,"""The Royal Family""",0.0,0.0,0.0,0.0,669,6,0.0001386,"[""Arthur Newman (film)"", ""The Railway Man (film)"", ""Magic in the Moonlight"", ""Genius (2016 film)"", ""The Hour of the Pig""]"
5a8a833855429970aeb702fe,linucb,2,2890,"2,664",0.0,0.0,0.0,0.0,377,5,7.94e-05,"[""Myst\u00e8re (Cirque du Soleil)"", ""Cirque du Soleil: Fire Within""]"
5a8a833855429970aeb702fe,linucb,3,4400,"2,664",0.0,0.0,0.0,0.0,595,5,0.000123,"[""Myst\u00e8re (Cirque du Soleil)"", ""Cirque du Soleil: Fire Within"", ""Cirque du Soleil: Worlds Away""]"
5a8a833855429970aeb702fe,linucb,5,2664,"2,664",1.0,1.0,1.0,1.0,775,5,0.000159,"[""Myst\u00e8re (Cirque du Soleil)"", ""Cirque du Soleil: Fire Within"", ""Cirque du Soleil: Worlds Away"", ""Treasure Island Hotel and Casino"", ""Viva Elvis""]"
5a7fd95d5542992e7d278dc5,linucb,2,Golden Globe nomination,Golden Globe,0.0,0.8,0.6666666666666666,1.0,357,6,7.62e-05,"[""Wagner Moura"", ""The Three Marias""]"
5a7fd95d5542992e7d278dc5,linucb,3,Golden Globe nomination,Golden Globe,0.0,0.8,0.6666666666666666,1.0,514,6,0.0001076,"[""Wagner Moura"", ""The Three Marias"", ""The Middle of the World (2003 film)""]"
5a7fd95d5542992e7d278dc5,linucb,5,Golden Globe nomination,Golden Globe,0.0,0.8,0.6666666666666666,1.0,738,6,0.0001524,"[""Wagner Moura"", ""The Three Marias"", ""The Middle of the World (2003 film)"", ""Elite Squad: The Enemy Within"", ""A Lua Me Disse""]"
5ab1e36d554299449642c7f9,linucb,2,yes,yes,1.0,1.0,1.0,1.0,257,4,5.4600000000000006e-05,"[""Northwestern University"", ""Middlebury College""]"
5ab1e36d554299449642c7f9,linucb,3,yes,yes,1.0,1.0,1.0,1.0,310,4,6.52e-05,"[""Northwestern University"", ""Middlebury College"", ""Middlebury College Rugby Club""]"
5ab1e36d554299449642c7f9,linucb,5,yes,yes,1.0,1.0,1.0,1.0,455,4,9.42e-05,"[""Northwestern University"", ""Middlebury College"", ""Middlebury College Rugby Club"", ""Middlebury College Snow Bowl"", ""List of Middlebury College faculty""]"
5adfff0755429925eb1afbce,linucb,2,Papoose Lake,"Rachel, Nevada",0.0,0.0,0.0,0.0,252,7,5.6000000000000006e-05,"[""Groom Range"", ""Papoose Lake""]"
5adfff0755429925eb1afbce,linucb,3,"Rachel, Nevada","Rachel, Nevada",1.0,1.0,1.0,1.0,373,6,7.94e-05,"[""Groom Range"", ""Papoose Lake"", ""Groom Lake (salt flat)""]"
5adfff0755429925eb1afbce,linucb,5,"Rachel, Nevada","Rachel, Nevada",1.0,1.0,1.0,1.0,561,6,0.000117,"[""Groom Range"", ""Papoose Lake"", ""Groom Lake (salt flat)"", ""Colne"", ""Rachel, Nevada""]"
5ab5e024554299494045f097,linucb,2,yes,yes,1.0,1.0,1.0,1.0,363,4,7.58e-05,"[""Joss Whedon"", ""Norman Mailer""]"
5ab5e024554299494045f097,linucb,3,yes,yes,1.0,1.0,1.0,1.0,422,4,8.76e-05,"[""Joss Whedon"", ""Norman Mailer"", ""Norman Mailer Prize""]"
5ab5e024554299494045f097,linucb,5,yes,yes,1.0,1.0,1.0,1.0,593,4,0.0001218,"[""Joss Whedon"", ""Norman Mailer"", ""Norman Mailer Prize"", ""Joss Whedon's unrealized projects"", ""The Short Fiction of Norman Mailer""]"
5abfa2255542993fe9a41e18,linucb,2,no,no,1.0,1.0,1.0,1.0,289,4,6.1000000000000005e-05,"[""Margaret Mitchell"", ""Will Durant""]"
5abfa2255542993fe9a41e18,linucb,3,no,no,1.0,1.0,1.0,1.0,431,4,8.94e-05,"[""Margaret Mitchell"", ""Will Durant"", ""Margaret Mitchell House and Museum""]"
5abfa2255542993fe9a41e18,linucb,5,no,no,1.0,1.0,1.0,1.0,659,4,0.000135,"[""Margaret Mitchell"", ""Will Durant"", ""Margaret Mitchell House and Museum"", ""Margaret Mitchell (Canadian politician)"", ""American Writers Association""]"
5a810506554299260e20a202,linucb,2,noanswer,"January 4, 1976",0.0,0.0,0.0,0.0,272,11,6.32e-05,"[""Ghost Quartet"", ""Hippolytus (archbishop of Gniezno)""]"
5a810506554299260e20a202,linucb,3,noanswer,"January 4, 1976",0.0,0.0,0.0,0.0,322,5,6.840000000000001e-05,"[""Ghost Quartet"", ""Hippolytus (archbishop of Gniezno)"", ""Thomas D. Singleton""]"
5a810506554299260e20a202,linucb,5,"January 4, 1976","January 4, 1976",1.0,1.0,1.0,1.0,509,10,0.00010980000000000001,"[""Ghost Quartet"", ""Hippolytus (archbishop of Gniezno)"", ""Thomas D. Singleton"", ""Dave Malloy"", ""Jack Little (songwriter)""]"
5a71231a5542994082a3e5c4,linucb,2,peach,peach,1.0,1.0,1.0,1.0,194,5,4.2800000000000004e-05,"[""Pesco"", ""Juicy Fruit (album)""]"
5a71231a5542994082a3e5c4,linucb,3,peach,peach,1.0,1.0,1.0,1.0,412,5,8.640000000000001e-05,"[""Pesco"", ""Juicy Fruit (album)"", ""Juicy Fruit (song)""]"
5a71231a5542994082a3e5c4,linucb,5,peach,peach,1.0,1.0,1.0,1.0,578,5,0.00011960000000000001,"[""Pesco"", ""Juicy Fruit (album)"", ""Juicy Fruit (song)"", ""Peach"", ""Quince""]"
5a71717d5542994082a3e834,linucb,2,Larry Drake,Larry Richard Drake,0.0,0.8,1.0,0.6666666666666666,258,5,5.56e-05,"[""List of Johnny Bravo episodes"", ""Gryphon (film)""]"
5a71717d5542994082a3e834,linucb,3,Amber Benson,Larry Richard Drake,0.0,0.0,0.0,0.0,454,5,9.480000000000001e-05,"[""List of Johnny Bravo episodes"", ""Gryphon (film)"", ""Brian A. Miller""]"
5a71717d5542994082a3e834,linucb,5,Amber Benson,Larry Richard Drake,0.0,0.0,0.0,0.0,742,5,0.0001524,"[""List of Johnny Bravo episodes"", ""Gryphon (film)"", ""Brian A. Miller"", ""Festival of New Songs"", ""Van Partible""]"
5ab707d65542991d32223761,linucb,2,Armstrong School District,Pennsylvania's 18th congressional district,0.0,0.28571428571428575,0.3333333333333333,0.25,636,7,0.0001328,"[""Juniata County School District"", ""Armstrong School District (Pennsylvania)""]"
5ab707d65542991d32223761,linucb,3,Pennsylvania's 18th congressional district,Pennsylvania's 18th congressional district,1.0,1.0,1.0,1.0,684,11,0.00014560000000000002,"[""Juniata County School District"", ""Armstrong School District (Pennsylvania)"", ""Pennsylvania's 18th congressional district""]"
5ab707d65542991d32223761,linucb,5,Pennsylvania's 18th congressional district,Pennsylvania's 18th congressional district,1.0,1.0,1.0,1.0,1008,11,0.00021040000000000002,"[""Juniata County School District"", ""Armstrong School District (Pennsylvania)"", ""Pennsylvania's 18th congressional district"", ""Wilkins Township, Allegheny County, Pennsylvania"", ""Jersey Shore Area School District""]"
5a74adb455429916b01641c6,linucb,2,The Ladder,The Ladder,1.0,1.0,1.0,1.0,339,5,7.18e-05,"[""The Ladder (magazine)"", ""Heat (magazine)""]"
5a74adb455429916b01641c6,linucb,3,The Ladder,The Ladder,1.0,1.0,1.0,1.0,466,5,9.72e-05,"[""The Ladder (magazine)"", ""Heat (magazine)"", ""Publication right""]"
5a74adb455429916b01641c6,linucb,5,The Ladder,The Ladder,1.0,1.0,1.0,1.0,783,5,0.0001606,"[""The Ladder (magazine)"", ""Heat (magazine)"", ""Publication right"", ""Money in the Bank ladder match"", ""Robert Blake (Medal of Honor)""]"
5abe34095542993f32c2a088,linucb,2,1874 until 1994,1874 until 1994,1.0,1.0,1.0,1.0,324,9,7.2e-05,"[""Mornington Peninsula"", ""Shire of Flinders (Victoria)""]"
5abe34095542993f32c2a088,linucb,3,1874 until 1994,1874 until 1994,1.0,1.0,1.0,1.0,405,9,8.82e-05,"[""Mornington Peninsula"", ""Shire of Flinders (Victoria)"", ""Shire of Mornington (Victoria)""]"
5abe34095542993f32c2a088,linucb,5,1874 until 1994,1874 until 1994,1.0,1.0,1.0,1.0,531,9,0.0001134,"[""Mornington Peninsula"", ""Shire of Flinders (Victoria)"", ""Shire of Mornington (Victoria)"", ""Mornington, Victoria"", ""Flinders, Victoria""]"
5ab28c89554299340b525513,linucb,2,Obergruppenführer,Reichsführer-SS,0.0,0.0,0.0,0.0,245,7,5.46e-05,"[""Karl Hermann Frank"", ""Hermann Wichelhaus""]"
5ab28c89554299340b525513,linucb,3,Obergruppenführer,Reichsführer-SS,0.0,0.0,0.0,0.0,295,7,6.46e-05,"[""Karl Hermann Frank"", ""Hermann Wichelhaus"", ""Karl Helm""]"
5ab28c89554299340b525513,linucb,5,SS-Obergruppenführer,Reichsführer-SS,0.0,0.0,0.0,0.0,444,8,9.520000000000002e-05,"[""Karl Hermann Frank"", ""Hermann Wichelhaus"", ""Karl Helm"", ""Hermann Knoblauch"", ""Hermann Brunn""]"
5ab626d555429953192ad279,linucb,2,noanswer,lower Manhattan,0.0,0.0,0.0,0.0,360,5,7.6e-05,"[""Anthony Avent"", ""Finchampstead""]"
5ab626d555429953192ad279,linucb,3,Rocky Mount,lower Manhattan,0.0,0.0,0.0,0.0,487,6,0.0001022,"[""Anthony Avent"", ""Finchampstead"", ""Kelsall""]"
5ab626d555429953192ad279,linucb,5,Detroit,lower Manhattan,0.0,0.0,0.0,0.0,791,4,0.00016140000000000002,"[""Anthony Avent"", ""Finchampstead"", ""Kelsall"", ""Canton, Michigan"", ""James Blackmon Sr.""]"
5ab3589455429976abd1bc93,linucb,2,combination of a loop and a roll,combination of a loop and a roll,1.0,1.0,1.0,1.0,394,11,8.760000000000002e-05,"[""Barrel roll"", ""Iron Rattler""]"
5ab3589455429976abd1bc93,linucb,3,a combination of a loop and a roll,combination of a loop and a roll,1.0,1.0,1.0,1.0,416,11,9.2e-05,"[""Barrel roll"", ""Iron Rattler"", ""Barrel roll (disambiguation)""]"
5ab3589455429976abd1bc93,linucb,5,combination of a loop and a roll,combination of a loop and a roll,1.0,1.0,1.0,1.0,582,11,0.0001252,"[""Barrel roll"", ""Iron Rattler"", ""Barrel roll (disambiguation)"", ""Operation Barrel Roll"", ""Aileron roll""]"
5a7cc59c55429909bec767fb,linucb,2,15 miles,15,0.0,0.6666666666666666,0.5,1.0,312,5,6.640000000000001e-05,"[""63d Fighter Squadron"", ""377th Fighter Squadron""]"
5a7cc59c55429909bec767fb,linucb,3,15,15,1.0,1.0,1.0,1.0,470,4,9.719999999999999e-05,"[""63d Fighter Squadron"", ""377th Fighter Squadron"", ""70th Fighter Squadron""]"
5a7cc59c55429909bec767fb,linucb,5,15 mi,15,0.0,0.6666666666666666,0.5,1.0,760,5,0.000156,"[""63d Fighter Squadron"", ""377th Fighter Squadron"", ""70th Fighter Squadron"", ""493d Fighter Squadron"", ""Luke Air Force Base""]"
5ab827a555429934fafe6cf5,linucb,2,ski jumping and the 10 km cross-country race,70 m and 90 m,0.0,0.16666666666666666,0.14285714285714285,0.2,392,13,8.88e-05,"[""Taron Egerton"", ""Sing (2016 American film)""]"
5ab827a555429934fafe6cf5,linucb,3,slalom and ski jumping,70 m and 90 m,0.0,0.22222222222222224,0.25,0.2,503,8,0.00010700000000000001,"[""Taron Egerton"", ""Sing (2016 American film)"", ""Robin Hood (2018 film)""]"
5ab827a555429934fafe6cf5,linucb,5,Olympic ski jumping,70 m and 90 m,0.0,0.0,0.0,0.0,704,7,0.0001464,"[""Taron Egerton"", ""Sing (2016 American film)"", ""Robin Hood (2018 film)"", ""Eddie the Eagle (film)"", ""Billionaire Boys Club (2017 film)""]"
5a8af1e255429950cd6afc28,linucb,2,John William Logan,Trent Alexander-Arnold,0.0,0.0,0.0,0.0,261,12,6.18e-05,"[""Tommy Bell (footballer, born 1906)"", ""John Logan (footballer, born 1912)""]"
5a8af1e255429950cd6afc28,linucb,3,Billy Morgan,Trent Alexander-Arnold,0.0,0.0,0.0,0.0,347,5,7.340000000000001e-05,"[""Tommy Bell (footballer, born 1906)"", ""John Logan (footballer, born 1912)"", ""Billy Morgan (footballer, born 1891)""]"
5a8af1e255429950cd6afc28,linucb,5,John Alexander,Trent Alexander-Arnold,0.0,0.0,0.0,0.0,664,5,0.0001368,"[""Tommy Bell (footballer, born 1906)"", ""John Logan (footballer, born 1912)"", ""Billy Morgan (footballer, born 1891)"", ""John Alexander (footballer, born 1955)"", ""Walter Ward (footballer)""]"
5ac11ee45542997d64295a7d,linucb,2,Flying Padre,Flying Padre,1.0,1.0,1.0,1.0,195,5,4.3e-05,"[""Flying Padre"", ""Inside Job (1946 film)""]"
5ac11ee45542997d64295a7d,linucb,3,Flying Padre,Flying Padre,1.0,1.0,1.0,1.0,281,5,6.0200000000000006e-05,"[""Flying Padre"", ""Inside Job (1946 film)"", ""Inside Job (2010 film)""]"
5ac11ee45542997d64295a7d,linucb,5,Flying Padre,Flying Padre,1.0,1.0,1.0,1.0,445,5,9.3e-05,"[""Flying Padre"", ""Inside Job (1946 film)"", ""Inside Job (2010 film)"", ""Inside Job (TV series)"", ""Armaan (1966 film)""]"
5ae520315542993aec5ec152,linucb,2,Taylor Swift,Taylor Swift,1.0,1.0,1.0,1.0,344,5,7.28e-05,"[""Liz Rose"", ""You Belong with Me""]"
5ae520315542993aec5ec152,linucb,3,Taylor Swift,Taylor Swift,1.0,1.0,1.0,1.0,507,5,0.00010540000000000001,"[""Liz Rose"", ""You Belong with Me"", ""Devizes White Horse""]"
5ae520315542993aec5ec152,linucb,5,Taylor Swift,Taylor Swift,1.0,1.0,1.0,1.0,887,5,0.0001814,"[""Liz Rose"", ""You Belong with Me"", ""Devizes White Horse"", ""Hackpen White Horse"", ""Uffington White Horse""]"
5a8f68795542992414482ab5,linucb,2,D.O.,Do Kyung-soo,0.0,0.6666666666666666,1.0,0.5,476,6,9.999999999999999e-05,"[""The Underdog (film)"", ""Exo (band)""]"
5a8f68795542992414482ab5,linucb,3,D.O.,Do Kyung-soo,0.0,0.6666666666666666,1.0,0.5,699,6,0.00014460000000000002,"[""The Underdog (film)"", ""Exo (band)"", ""Exo Planet 3 \u2013 The Exo'rdium""]"
5a8f68795542992414482ab5,linucb,5,Kai,Do Kyung-soo,0.0,0.0,0.0,0.0,840,4,0.0001712,"[""The Underdog (film)"", ""Exo (band)"", ""Exo Planet 3 \u2013 The Exo'rdium"", ""Kai (entertainer, born 1994)"", ""Xiumin""]"
5ae37e525542992e3233c42d,linucb,2,Hadrian,24 January 76 – 10 July 138,0.0,0.0,0.0,0.0,678,5,0.00013959999999999998,"[""History of the Roman Empire"", ""Great Antonine Altar""]"
5ae37e525542992e3233c42d,linucb,3,138–161 AD,24 January 76 – 10 July 138,0.0,0.0,0.0,0.0,860,7,0.0001776,"[""History of the Roman Empire"", ""Great Antonine Altar"", ""Heroes of History""]"
5ae37e525542992e3233c42d,linucb,5,121–180 AD,24 January 76 – 10 July 138,0.0,0.0,0.0,0.0,1022,7,0.00021,"[""History of the Roman Empire"", ""Great Antonine Altar"", ""Heroes of History"", ""Antoninus Pius"", ""Marcus Aurelius""]"
5ab849d955429916710eb017,linucb,2,11 November 1918,11 November 1918,1.0,1.0,1.0,1.0,276,8,6.16e-05,"[""Battle of Cambrai (1918)"", ""Siege of Cambrai (1677)""]"
5ab849d955429916710eb017,linucb,3,1918-11-11,11 November 1918,0.0,0.0,0.0,0.0,361,9,7.94e-05,"[""Battle of Cambrai (1918)"", ""Siege of Cambrai (1677)"", ""Battle of Courtrai (1918)""]"
5ab849d955429916710eb017,linucb,5,noanswer,11 November 1918,0.0,0.0,0.0,0.0,645,5,0.00013299999999999998,"[""Battle of Cambrai (1918)"", ""Siege of Cambrai (1677)"", ""Battle of Courtrai (1918)"", ""Battle of El Herri"", ""Battle of Edson's Ridge""]"
5ade51515542992fa25da745,linucb,2,he flew solo to Scotland in an attempt to negotiate peace with the United Kingdom during World War II,report Hess's illegal May 1941 flight to Scotland,0.0,0.15999999999999998,0.11764705882352941,0.25,375,22,9.26e-05,"[""Rudolf Hess"", ""Wolf R\u00fcdiger Hess""]"
5ade51515542992fa25da745,linucb,3,flew solo to Scotland to negotiate peace with the United Kingdom,report Hess's illegal May 1941 flight to Scotland,0.0,0.22222222222222224,0.2,0.25,447,15,0.0001014,"[""Rudolf Hess"", ""Wolf R\u00fcdiger Hess"", ""St Paul's tram stop""]"
5ade51515542992fa25da745,linucb,5,he flew solo to Scotland in an attempt to negotiate peace with the United Kingdom,report Hess's illegal May 1941 flight to Scotland,0.0,0.1904761904761905,0.15384615384615385,0.25,611,18,0.0001366,"[""Rudolf Hess"", ""Wolf R\u00fcdiger Hess"", ""St Paul's tram stop"", ""Karlheinz Pintsch"", ""Mein Kampf""]"
5ade02d05542997545bbbe0d,linucb,2,United States House of Representatives,U.S. Army,0.0,0.0,0.0,0.0,392,8,8.480000000000001e-05,"[""Shirley Breeden"", ""Sudanese Armed Forces""]"
5ade02d05542997545bbbe0d,linucb,3,United States Army,U.S. Army,0.0,0.4,0.3333333333333333,0.5,604,6,0.00012560000000000002,"[""Shirley Breeden"", ""Sudanese Armed Forces"", ""Italian Armed Forces""]"
5ade02d05542997545bbbe0d,linucb,5,noanswer,U.S. Army,0.0,0.0,0.0,0.0,909,5,0.0001858,"[""Shirley Breeden"", ""Sudanese Armed Forces"", ""Italian Armed Forces"", ""Chiefs of Staff Committee"", ""Soviet Air Defence Forces""]"
5ac41850554299194317390b,linucb,2,Dissection,Dissection,1.0,1.0,1.0,1.0,362,5,7.640000000000001e-05,"[""Maha Kali"", ""Maha Kali Mandir""]"
5ac41850554299194317390b,linucb,3,Dissection,Dissection,1.0,1.0,1.0,1.0,472,5,9.84e-05,"[""Maha Kali"", ""Maha Kali Mandir"", ""Dissection (band)""]"
5ac41850554299194317390b,linucb,5,Dissection,Dissection,1.0,1.0,1.0,1.0,565,5,0.000117,"[""Maha Kali"", ""Maha Kali Mandir"", ""Dissection (band)"", ""Maha Kali Mata Mandir Sataini"", ""The Opiate of the Masses""]"
5a727e1b5542991f9a20c497,linucb,2,Our Song,Shake It Off,0.0,0.0,0.0,0.0,435,5,9.1e-05,"[""Yodel It!"", ""Our Song (Taylor Swift song)""]"
5a727e1b5542991f9a20c497,linucb,3,Shake It Off,Shake It Off,1.0,1.0,1.0,1.0,600,6,0.0001248,"[""Yodel It!"", ""Our Song (Taylor Swift song)"", ""Fearless (Taylor Swift song)""]"
5a727e1b5542991f9a20c497,linucb,5,Shake It Off,Shake It Off,1.0,1.0,1.0,1.0,860,6,0.00017680000000000001,"[""Yodel It!"", ""Our Song (Taylor Swift song)"", ""Fearless (Taylor Swift song)"", ""Taylor Swift (album)"", ""Begin Again (Taylor Swift song)""]"
5a8d9de2554299068b959d62,linucb,2,mathematician,mathematician,1.0,1.0,1.0,1.0,351,7,7.58e-05,"[""Leonty Magnitsky"", ""Leonid Khachiyan""]"
5a8d9de2554299068b959d62,linucb,3,mathematician,mathematician,1.0,1.0,1.0,1.0,407,7,8.7e-05,"[""Leonty Magnitsky"", ""Leonid Khachiyan"", ""Bullying in medicine""]"
5a8d9de2554299068b959d62,linucb,5,mathematician,mathematician,1.0,1.0,1.0,1.0,590,7,0.0001236,"[""Leonty Magnitsky"", ""Leonid Khachiyan"", ""Bullying in medicine"", ""Legal Profession Admission Board"", ""Leontius (Turkevich)""]"
5a827ce155429940e5e1a8d7,linucb,2,Billie Jean King,Billie Jean King,1.0,1.0,1.0,1.0,297,7,6.500000000000001e-05,"[""Kevin Ullyett"", ""Billie Jean King""]"
5a827ce155429940e5e1a8d7,linucb,3,Billie Jean King,Billie Jean King,1.0,1.0,1.0,1.0,368,7,7.920000000000001e-05,"[""Kevin Ullyett"", ""Billie Jean King"", ""Billie Jean King Leadership Initiative""]"
5a827ce155429940e5e1a8d7,linucb,5,Billie Jean King,Billie Jean King,1.0,1.0,1.0,1.0,595,7,0.0001246,"[""Kevin Ullyett"", ""Billie Jean King"", ""Billie Jean King Leadership Initiative"", ""1968 Australian Championships"", ""Karen Hantze Susman""]"
5ae5415055429908b63265b7,linucb,2,New Roc City,Downtown,0.0,0.0,0.0,0.0,392,6,8.32e-05,"[""Japanese Weekend School of New York"", ""New Jersey Japanese School""]"
5ae5415055429908b63265b7,linucb,3,New Roc City,Downtown,0.0,0.0,0.0,0.0,496,6,0.000104,"[""Japanese Weekend School of New York"", ""New Jersey Japanese School"", ""New Rochelle Walk of Fame""]"
5ae5415055429908b63265b7,linucb,5,New Roc City,Downtown,0.0,0.0,0.0,0.0,756,6,0.00015600000000000002,"[""Japanese Weekend School of New York"", ""New Jersey Japanese School"", ""New Rochelle Walk of Fame"", ""Montefiore New Rochelle Hospital"", ""San Francisco Japanese School""]"
5ab5ec0a5542997d4ad1f250,linucb,2,182,650 locations,0.0,0.0,0.0,0.0,223,4,4.78e-05,"[""BJ's Wholesale Club"", ""Wholesale Club""]"
5ab5ec0a5542997d4ad1f250,linucb,3,180,650 locations,0.0,0.0,0.0,0.0,294,4,6.2e-05,"[""BJ's Wholesale Club"", ""Wholesale Club"", ""City Club (wholesale club)""]"
5ab5ec0a5542997d4ad1f250,linucb,5,180,650 locations,0.0,0.0,0.0,0.0,574,10,0.0001228,"[""BJ's Wholesale Club"", ""Wholesale Club"", ""City Club (wholesale club)"", ""List of Occupy movement protest locations"", ""John Geisse""]"
5ae20427554299234fd04397,linucb,2,Suffolk County,Suffolk,0.0,0.6666666666666666,0.5,1.0,393,7,8.420000000000001e-05,"[""Sachem School District"", ""Southern York County School District""]"
5ae20427554299234fd04397,linucb,3,Suffolk County,Suffolk,0.0,0.6666666666666666,0.5,1.0,492,7,0.00010400000000000001,"[""Sachem School District"", ""Southern York County School District"", ""Manheim Central School District""]"
5ae20427554299234fd04397,linucb,5,Suffolk County,Suffolk,0.0,0.6666666666666666,0.5,1.0,878,7,0.0001812,"[""Sachem School District"", ""Southern York County School District"", ""Manheim Central School District"", ""Crawford Central School District"", ""Northeastern York School District""]"
5adcd7325542994d58a2f6f6,linucb,2,2017,2013,0.0,0.0,0.0,0.0,311,11,7.1e-05,"[""Alex Clark"", ""Fieldway tram stop""]"
5adcd7325542994d58a2f6f6,linucb,3,2016,2013,0.0,0.0,0.0,0.0,377,5,7.94e-05,"[""Alex Clark"", ""Fieldway tram stop"", ""New Addington tram stop""]"
5adcd7325542994d58a2f6f6,linucb,5,2010,2013,0.0,0.0,0.0,0.0,523,5,0.00010860000000000001,"[""Alex Clark"", ""Fieldway tram stop"", ""New Addington tram stop"", ""Gravel Hill tram stop"", ""St Paul's tram stop""]"
5abace6b5542996cc5e49e99,linucb,2,Che Guevara,Che Guevara,1.0,1.0,1.0,1.0,367,6,7.82e-05,"[""Arthur Quinlan"", ""Cuban immigration to the United States""]"
5abace6b5542996cc5e49e99,linucb,3,Che Guevara,Che Guevara,1.0,1.0,1.0,1.0,524,6,0.00010960000000000001,"[""Arthur Quinlan"", ""Cuban immigration to the United States"", ""Brian Cuban""]"
5abace6b5542996cc5e49e99,linucb,5,Che Guevara,Che Guevara,1.0,1.0,1.0,1.0,871,6,0.00017900000000000001,"[""Arthur Quinlan"", ""Cuban immigration to the United States"", ""Brian Cuban"", ""Cuban League"", ""Rock Around the Blockade""]"
5ab64cfa55429953192ad2b7,linucb,2,N. Scott Momaday,N. Scott Momaday,1.0,1.0,1.0,1.0,304,8,6.720000000000001e-05,"[""Ellen Glasgow"", ""N. Scott Momaday""]"
5ab64cfa55429953192ad2b7,linucb,3,N. Scott Momaday,N. Scott Momaday,1.0,1.0,1.0,1.0,386,8,8.360000000000001e-05,"[""Ellen Glasgow"", ""N. Scott Momaday"", ""Ellen Glasgow House""]"
5ab64cfa55429953192ad2b7,linucb,5,N. Scott Momaday,N. Scott Momaday,1.0,1.0,1.0,1.0,521,8,0.0001106,"[""Ellen Glasgow"", ""N. Scott Momaday"", ""Ellen Glasgow House"", ""The Shadowy Third and Other Stories"", ""House Made of Dawn""]"
5ae4bb1255429913cc2044e7,linucb,2,yes,yes,1.0,1.0,1.0,1.0,305,4,6.42e-05,"[""Linzhou, Henan"", ""Xingcheng""]"
5ae4bb1255429913cc2044e7,linucb,3,yes,yes,1.0,1.0,1.0,1.0,578,4,0.0001188,"[""Linzhou, Henan"", ""Xingcheng"", ""Shanxi\u2013Henan\u2013Shandong Railway""]"
5ae4bb1255429913cc2044e7,linucb,5,yes,yes,1.0,1.0,1.0,1.0,724,4,0.00014800000000000002,"[""Linzhou, Henan"", ""Xingcheng"", ""Shanxi\u2013Henan\u2013Shandong Railway"", ""Huan River"", ""C\u00e2mara de Lobos""]"
5abe2b0155429976d4830a83,linucb,2,1914,26–30 August 1914,0.0,0.5,1.0,0.3333333333333333,387,5,8.140000000000001e-05,"[""Max Hoffmann"", ""Battle of Svensksund""]"
5abe2b0155429976d4830a83,linucb,3,during World War I,26–30 August 1914,0.0,0.0,0.0,0.0,527,7,0.000111,"[""Max Hoffmann"", ""Battle of Svensksund"", ""Battle of Byeokjegwan""]"
5abe2b0155429976d4830a83,linucb,5,26–30 August 1914,26–30 August 1914,1.0,1.0,1.0,1.0,832,10,0.0001744,"[""Max Hoffmann"", ""Battle of Svensksund"", ""Battle of Byeokjegwan"", ""Battle of Anholt"", ""Battle of Tannenberg""]"
5ae0d52e554299603e418469,linucb,2,Bojesse Christopher and Scott Leet,Douglas Jackson,0.0,0.0,0.0,0.0,325,17,7.86e-05,"[""Out in Fifty"", ""My Brother (2006 film)""]"
5ae0d52e554299603e418469,linucb,3,Douglas Jackson,Douglas Jackson,1.0,1.0,1.0,1.0,389,5,8.180000000000001e-05,"[""Out in Fifty"", ""My Brother (2006 film)"", ""Dead at 17""]"
5ae0d52e554299603e418469,linucb,5,Douglas Jackson,Douglas Jackson,1.0,1.0,1.0,1.0,568,11,0.00012240000000000002,"[""Out in Fifty"", ""My Brother (2006 film)"", ""Dead at 17"", ""Barbara Niven"", ""Sebasti\u00e1n Mantilla""]"
5abc9fb055429959677d6ac9,linucb,2,British,Danish,0.0,0.0,0.0,0.0,262,10,6.0400000000000004e-05,"[""Come Dancing"", ""The Strictly""]"
5abc9fb055429959677d6ac9,linucb,3,British,Danish,0.0,0.0,0.0,0.0,402,4,8.36e-05,"[""Come Dancing"", ""The Strictly"", ""Strictly Come Dancing""]"
5abc9fb055429959677d6ac9,linucb,5,Australian,Danish,0.0,0.0,0.0,0.0,607,4,0.00012460000000000002,"[""Come Dancing"", ""The Strictly"", ""Strictly Come Dancing"", ""Tom Chambers (actor)"", ""Strictly Come Dancing: It Takes Two""]"
5ac083b0554299294b21900d,linucb,2,cocktail,cocktail,1.0,1.0,1.0,1.0,241,5,5.220000000000001e-05,"[""Planter's Punch"", ""Black Velvet (magazine)""]"
5ac083b0554299294b21900d,linucb,3,cocktail,cocktail,1.0,1.0,1.0,1.0,372,5,7.840000000000001e-05,"[""Planter's Punch"", ""Black Velvet (magazine)"", ""Black Velvet Flag""]"
5ac083b0554299294b21900d,linucb,5,cocktail,cocktail,1.0,1.0,1.0,1.0,458,5,9.56e-05,"[""Planter's Punch"", ""Black Velvet (magazine)"", ""Black Velvet Flag"", ""Black Velvet (beer cocktail)"", ""Velvet painting""]"
5a8b3e985542995d1e6f131c,linucb,2,"Atlanta, Georgia","It is based in Sandy Springs, Georgia",0.0,0.22222222222222224,0.5,0.14285714285714285,344,6,7.359999999999999e-05,"[""Moe's Southwest Grill"", ""Portland City Grill""]"
5a8b3e985542995d1e6f131c,linucb,3,Focus Brands,"It is based in Sandy Springs, Georgia",0.0,0.0,0.0,0.0,430,5,9e-05,"[""Moe's Southwest Grill"", ""Portland City Grill"", ""On the Border Mexican Grill &amp; Cantina""]"
5a8b3e985542995d1e6f131c,linucb,5,"Sandy Springs, Georgia","It is based in Sandy Springs, Georgia",0.0,0.6,1.0,0.42857142857142855,549,8,0.00011620000000000002,"[""Moe's Southwest Grill"", ""Portland City Grill"", ""On the Border Mexican Grill &amp; Cantina"", ""Tumbleweed Tex Mex Grill &amp; Margarita Bar"", ""Focus Brands""]"
5a75f0ea5542994ccc91866c,linucb,2,A41 road,The A41,0.0,0.6666666666666666,0.5,1.0,350,6,7.479999999999999e-05,"[""Backford Cross"", ""A41 road""]"
5a75f0ea5542994ccc91866c,linucb,3,A41 road,The A41,0.0,0.6666666666666666,0.5,1.0,552,6,0.0001152,"[""Backford Cross"", ""A41 road"", ""A5117 road""]"
5a75f0ea5542994ccc91866c,linucb,5,A41 road,The A41,0.0,0.6666666666666666,0.5,1.0,788,6,0.00016240000000000004,"[""Backford Cross"", ""A41 road"", ""A5117 road"", ""U.S. Route 19 Truck (Pittsburgh)"", ""Strawberry Park, Cheshire""]"
5a7c6b6655429935c91b519a,linucb,2,"town meeting
",town meeting legislative body,0.0,0.6666666666666666,1.0,0.5,230,6,5.08e-05,"[""Richford, Vermont"", ""Richford (CDP), Vermont""]"
5a7c6b6655429935c91b519a,linucb,3,noanswer,town meeting legislative body,0.0,0.0,0.0,0.0,299,5,6.38e-05,"[""Richford, Vermont"", ""Richford (CDP), Vermont"", ""Franklin County State Airport""]"
5a7c6b6655429935c91b519a,linucb,5,town government,town meeting legislative body,0.0,0.3333333333333333,0.5,0.25,492,5,0.00010240000000000001,"[""Richford, Vermont"", ""Richford (CDP), Vermont"", ""Franklin County State Airport"", ""Franklin County Government Center"", ""Vermont Route 139""]"
5ab295eb554299194fa93412,linucb,2,no,no,1.0,1.0,1.0,1.0,185,4,4.02e-05,"[""Reinhold Ewald"", ""Ernst Messerschmid""]"
5ab295eb554299194fa93412,linucb,3,yes,no,0.0,0.0,0.0,0.0,242,4,5.160000000000001e-05,"[""Reinhold Ewald"", ""Ernst Messerschmid"", ""Ernst Julius Richard Ewald""]"
5ab295eb554299194fa93412,linucb,5,yes,no,0.0,0.0,0.0,0.0,878,4,0.0001788,"[""Reinhold Ewald"", ""Ernst Messerschmid"", ""Ernst Julius Richard Ewald"", ""Heinrich Ewald"", ""Rachel Ewald""]"
5a7137dc5542994082a3e68a,linucb,2,Bill Russell NBA Finals Most Valuable Player Award,The National Basketball Association's Rookie of the Year,0.0,0.0,0.0,0.0,287,11,6.620000000000001e-05,"[""1952\u201353 NBA season"", ""Kevin Durant""]"
5a7137dc5542994082a3e68a,linucb,3,Bill Russell NBA Finals Most Valuable Player Award,The National Basketball Association's Rookie of the Year,0.0,0.0,0.0,0.0,328,17,7.920000000000001e-05,"[""1952\u201353 NBA season"", ""Kevin Durant"", ""1952\u201353 Fort Wayne Pistons season""]"
5a7137dc5542994082a3e68a,linucb,5,Bill Russell NBA Finals Most Valuable Player Award,The National Basketball Association's Rookie of the Year,0.0,0.0,0.0,0.0,392,11,8.72e-05,"[""1952\u201353 NBA season"", ""Kevin Durant"", ""1952\u201353 Fort Wayne Pistons season"", ""1952\u201353 Philadelphia Warriors season"", ""1952\u201353 Boston Celtics season""]"
5a82d71555429966c78a6a94,linucb,2,yes,yes,1.0,1.0,1.0,1.0,307,4,6.46e-05,"[""Negus Mine"", ""Tundra Mine""]"
5a82d71555429966c78a6a94,linucb,3,yes,yes,1.0,1.0,1.0,1.0,367,4,7.66e-05,"[""Negus Mine"", ""Tundra Mine"", ""Tundra Mine/Salamita Mine Aerodrome""]"
5a82d71555429966c78a6a94,linucb,5,yes,yes,1.0,1.0,1.0,1.0,704,4,0.000144,"[""Negus Mine"", ""Tundra Mine"", ""Tundra Mine/Salamita Mine Aerodrome"", ""Salmita Mine"", ""Colomac Mine""]"
5abb7ea4554299642a094a96,linucb,2,March and April 1968,1968,0.0,0.4,0.25,1.0,288,9,6.48e-05,"[""The Thorn in the Heart"", ""High School (1968 film)""]"
5abb7ea4554299642a094a96,linucb,3,March and April 1968,1968,0.0,0.4,0.25,1.0,436,9,9.44e-05,"[""The Thorn in the Heart"", ""High School (1968 film)"", ""Miami High School""]"
5abb7ea4554299642a094a96,linucb,5,1968 and 2009,1968,0.0,0.5,0.3333333333333333,1.0,775,9,0.0001622,"[""The Thorn in the Heart"", ""High School (1968 film)"", ""Miami High School"", ""Robertson High School"", ""Sacred Heart High School (Ottawa)""]"
5a7f00b455429930675135f1,linucb,2,Meredith Hunter,Alan Passaro,0.0,0.0,0.0,0.0,305,6,6.58e-05,"[""Brottby Concert"", ""Altamont Free Concert""]"
5a7f00b455429930675135f1,linucb,3,Alan Passaro,Alan Passaro,1.0,1.0,1.0,1.0,411,6,8.7e-05,"[""Brottby Concert"", ""Altamont Free Concert"", ""BoA concert tours""]"
5a7f00b455429930675135f1,linucb,5,Alan Passaro,Alan Passaro,1.0,1.0,1.0,1.0,715,6,0.00014780000000000001,"[""Brottby Concert"", ""Altamont Free Concert"", ""BoA concert tours"", ""List of concerts in Hyde Park"", ""Death of Meredith Hunter""]"
5ae153915542990adbacf752,linucb,2,Billy Idol,William Michael Albert Broad,0.0,0.0,0.0,0.0,270,5,5.8e-05,"[""Burton C. Bell"", ""Billy Idol""]"
5ae153915542990adbacf752,linucb,3,Billy Idol,William Michael Albert Broad,0.0,0.0,0.0,0.0,365,5,7.7e-05,"[""Burton C. Bell"", ""Billy Idol"", ""Billy Idol (album)""]"
5ae153915542990adbacf752,linucb,5,Billy Idol,William Michael Albert Broad,0.0,0.0,0.0,0.0,663,5,0.00013659999999999999,"[""Burton C. Bell"", ""Billy Idol"", ""Billy Idol (album)"", ""Greatest Hits (Billy Idol album)"", ""Cradle of Love (Billy Idol song)""]"
5a7bf3da5542996dd594b869,linucb,2,2017,"September 5, 2017",0.0,0.5,1.0,0.3333333333333333,418,5,8.760000000000002e-05,"[""Laurie Davidson (actor)"", ""Notre Dame Shakespeare Festival""]"
5a7bf3da5542996dd594b869,linucb,3,noanswer,"September 5, 2017",0.0,0.0,0.0,0.0,579,5,0.00011980000000000001,"[""Laurie Davidson (actor)"", ""Notre Dame Shakespeare Festival"", ""The Dog and Pony Show""]"
5a7bf3da5542996dd594b869,linucb,5,"September 5, 2017","September 5, 2017",1.0,1.0,1.0,1.0,820,10,0.000172,"[""Laurie Davidson (actor)"", ""Notre Dame Shakespeare Festival"", ""The Dog and Pony Show"", ""Ugly Stik"", ""Will (TV series)""]"
5abb4b4a5542993f40c73aea,linucb,2,University of California,University of California,1.0,1.0,1.0,1.0,283,6,6.14e-05,"[""University of California"", ""Jonas Tilly""]"
5abb4b4a5542993f40c73aea,linucb,3,University of California,University of California,1.0,1.0,1.0,1.0,346,6,7.4e-05,"[""University of California"", ""Jonas Tilly"", ""Tennessee Higher Education Commission""]"
5abb4b4a5542993f40c73aea,linucb,5,University of California,University of California,1.0,1.0,1.0,1.0,704,6,0.00014560000000000002,"[""University of California"", ""Jonas Tilly"", ""Tennessee Higher Education Commission"", ""Ovidius University"", ""Gansu Agricultural University""]"
5ae1f2f3554299234fd0435a,linucb,2,yes,yes,1.0,1.0,1.0,1.0,402,4,8.36e-05,"[""Tetrastigma"", ""Spruce""]"
5ae1f2f3554299234fd0435a,linucb,3,yes,yes,1.0,1.0,1.0,1.0,551,4,0.0001134,"[""Tetrastigma"", ""Spruce"", ""List of power stations in Nigeria""]"
5ae1f2f3554299234fd0435a,linucb,5,yes,yes,1.0,1.0,1.0,1.0,715,4,0.0001462,"[""Tetrastigma"", ""Spruce"", ""List of power stations in Nigeria"", ""Sapria"", ""Rafflesiaceae""]"
5a8f0796554299458435d528,linucb,2,Eielson Air Force Base,Eielson Air Force Base,1.0,1.0,1.0,1.0,294,9,6.6e-05,"[""Carl Ben Eielson"", ""Eielson Air Force Base""]"
5a8f0796554299458435d528,linucb,3,Eielson Air Force Base,Eielson Air Force Base,1.0,1.0,1.0,1.0,454,9,9.800000000000001e-05,"[""Carl Ben Eielson"", ""Eielson Air Force Base"", ""Politics of Alaska""]"
5a8f0796554299458435d528,linucb,5,Eielson Air Force Base,Eielson Air Force Base,1.0,1.0,1.0,1.0,826,9,0.00017240000000000002,"[""Carl Ben Eielson"", ""Eielson Air Force Base"", ""Politics of Alaska"", ""Alaska Railroad"", ""Moose Creek, Alaska""]"
5ae81b895542997ec272770c,linucb,2,1876,1876,1.0,1.0,1.0,1.0,364,5,7.68e-05,"[""Princess Marie C\u00e9cile of Prussia"", ""Princess Marie of Prussia (1855\u20131888)""]"
5ae81b895542997ec272770c,linucb,3,1891,1876,0.0,0.0,0.0,0.0,459,5,9.580000000000001e-05,"[""Princess Marie C\u00e9cile of Prussia"", ""Princess Marie of Prussia (1855\u20131888)"", ""Princess Marie of Hohenzollern-Sigmaringen""]"
5ae81b895542997ec272770c,linucb,5,1876,1876,1.0,1.0,1.0,1.0,718,5,0.00014759999999999998,"[""Princess Marie C\u00e9cile of Prussia"", ""Princess Marie of Prussia (1855\u20131888)"", ""Princess Marie of Hohenzollern-Sigmaringen"", ""Princess Christine Louise of Oettingen-Oettingen"", ""Princess Victoria Melita of Saxe-Coburg and Gotha""]"
5ae0f6f5554299422ee99583,linucb,2,Warner Bros. Records,Warner Bros,0.0,0.8,0.6666666666666666,1.0,361,8,7.860000000000001e-05,"[""I've Been Working"", ""His Band and the Street Choir""]"
5ae0f6f5554299422ee99583,linucb,3,Warner Bros. Records,Warner Bros,0.0,0.8,0.6666666666666666,1.0,426,8,9.16e-05,"[""I've Been Working"", ""His Band and the Street Choir"", ""Domino (Van Morrison song)""]"
5ae0f6f5554299422ee99583,linucb,5,Warner Bros. Records,Warner Bros,0.0,0.8,0.6666666666666666,1.0,901,8,0.0001866,"[""I've Been Working"", ""His Band and the Street Choir"", ""Domino (Van Morrison song)"", ""The Best of Van Morrison Volume 3"", ""Duets: Re-working the Catalogue""]"
5a7c6d98554299683c1c6304,linucb,2,Agent Carter,Agent Carter,1.0,1.0,1.0,1.0,311,5,6.620000000000001e-05,"[""Dominic Cooper"", ""Stratton (film)""]"
5a7c6d98554299683c1c6304,linucb,3,Agent Carter,Agent Carter,1.0,1.0,1.0,1.0,443,5,9.260000000000001e-05,"[""Dominic Cooper"", ""Stratton (film)"", ""Preacher (TV series)""]"
5a7c6d98554299683c1c6304,linucb,5,Agent Carter,Agent Carter,1.0,1.0,1.0,1.0,678,5,0.00013959999999999998,"[""Dominic Cooper"", ""Stratton (film)"", ""Preacher (TV series)"", ""Agent Carter (TV series)"", ""Dead Man Down""]"
5a83de04554299334474609f,linucb,2,heavy metal sound,as loud and dirty as possible,0.0,0.0,0.0,0.0,470,12,0.0001036,"[""The Manson Family Album"", ""Toxicity (album)""]"
5a83de04554299334474609f,linucb,3,a Western sound,as loud and dirty as possible,0.0,0.0,0.0,0.0,598,6,0.00012440000000000002,"[""The Manson Family Album"", ""Toxicity (album)"", ""Scatology (album)""]"
5a83de04554299334474609f,linucb,5,as loud and dirty as possible,as loud and dirty as possible,1.0,1.0,1.0,1.0,854,9,0.00017800000000000002,"[""The Manson Family Album"", ""Toxicity (album)"", ""Scatology (album)"", ""Helter Skelter (album)"", ""Helter Skelter (song)""]"
5ab29c24554299449642c932,linucb,2,yes,yes,1.0,1.0,1.0,1.0,230,4,4.92e-05,"[""Giuseppe Verdi"", ""Ambroise Thomas""]"
5ab29c24554299449642c932,linucb,3,yes,yes,1.0,1.0,1.0,1.0,352,4,7.36e-05,"[""Giuseppe Verdi"", ""Ambroise Thomas"", ""Teatro Giuseppe Verdi""]"
5ab29c24554299449642c932,linucb,5,yes,yes,1.0,1.0,1.0,1.0,623,4,0.00012780000000000002,"[""Giuseppe Verdi"", ""Ambroise Thomas"", ""Teatro Giuseppe Verdi"", ""Giuseppe Verdi (film)"", ""List of major opera composers""]"
5ae20c245542997283cd2367,linucb,2,Mediterranean region,South Asia and the Middle East,0.0,0.0,0.0,0.0,352,7,7.6e-05,"[""Dye Creek"", ""Kermes (dye)""]"
5ae20c245542997283cd2367,linucb,3,South Asia and the Middle East,South Asia and the Middle East,1.0,1.0,1.0,1.0,412,9,8.960000000000001e-05,"[""Dye Creek"", ""Kermes (dye)"", ""Hina (given name)""]"
5ae20c245542997283cd2367,linucb,5,South Asia and the Middle East,South Asia and the Middle East,1.0,1.0,1.0,1.0,561,9,0.0001194,"[""Dye Creek"", ""Kermes (dye)"", ""Hina (given name)"", ""Henna"", ""Lawsonia inermis""]"
5ac4efa85542991943173a04,linucb,2,Genesee River,Genesee River,1.0,1.0,1.0,1.0,243,7,5.42e-05,"[""Genesee River"", ""Tamiami Canal""]"
5ac4efa85542991943173a04,linucb,3,Genesee River,Genesee River,1.0,1.0,1.0,1.0,356,7,7.680000000000001e-05,"[""Genesee River"", ""Tamiami Canal"", ""Black Creek (Genesee River)""]"
5ac4efa85542991943173a04,linucb,5,Genesee River,Genesee River,1.0,1.0,1.0,1.0,505,7,0.0001066,"[""Genesee River"", ""Tamiami Canal"", ""Black Creek (Genesee River)"", ""Genesee Valley Park"", ""Flagami""]"
5ac385f8554299741d48a279,linucb,2,noanswer,Alfred Preis,0.0,0.0,0.0,0.0,339,5,7.18e-05,"[""Loos Memorial"", ""USS Arizona Memorial""]"
5ac385f8554299741d48a279,linucb,3,"Arthur G. Lind
",Alfred Preis,0.0,0.0,0.0,0.0,455,8,9.740000000000001e-05,"[""Loos Memorial"", ""USS Arizona Memorial"", ""Fallen Worker Memorial""]"
5ac385f8554299741d48a279,linucb,5,yes,Alfred Preis,0.0,0.0,0.0,0.0,699,4,0.000143,"[""Loos Memorial"", ""USS Arizona Memorial"", ""Fallen Worker Memorial"", ""Frederick Douglass Memorial"", ""John Paul Jones Memorial Park""]"
5ab4355555429942dd415ee3,linucb,2,Traumnovelle,"""Traumnovelle"" (""Dream Story"")",0.0,0.5,1.0,0.3333333333333333,418,7,8.920000000000001e-05,"[""Eyes Wide Shut"", ""Vinessa Shaw""]"
5ab4355555429942dd415ee3,linucb,3,Traumnovelle,"""Traumnovelle"" (""Dream Story"")",0.0,0.5,1.0,0.3333333333333333,513,7,0.00010820000000000001,"[""Eyes Wide Shut"", ""Vinessa Shaw"", ""Elizabeth Shaw (confectionery company)""]"
5ab4355555429942dd415ee3,linucb,5,Traumnovelle,"""Traumnovelle"" (""Dream Story"")",0.0,0.5,1.0,0.3333333333333333,666,7,0.0001388,"[""Eyes Wide Shut"", ""Vinessa Shaw"", ""Elizabeth Shaw (confectionery company)"", ""Garden Party (film)"", ""Tom Cruise: Unauthorized""]"
5add23d05542994734353871,linucb,2,livestock guardians,to guard,0.0,0.0,0.0,0.0,489,6,0.0001026,"[""Austrian Pinscher"", ""Maremma Sheepdog""]"
5add23d05542994734353871,linucb,3,livestock guardian dogs,to guard,0.0,0.0,0.0,0.0,610,7,0.0001276,"[""Austrian Pinscher"", ""Maremma Sheepdog"", ""Registrar of Companies, India""]"
5add23d05542994734353871,linucb,5,"home guards, livestock guardians, and drovers",to guard,0.0,0.0,0.0,0.0,787,12,0.000167,"[""Austrian Pinscher"", ""Maremma Sheepdog"", ""Registrar of Companies, India"", ""Arthur (dog)"", ""Connecticut State Marshal""]"
5ab99a215542996be202056a,linucb,2,Aberdeenshire,"Aberdeenshire, Scotland",0.0,0.6666666666666666,1.0,0.5,244,7,5.440000000000001e-05,"[""Spook Squad"", ""Fyvie Castle""]"
5ab99a215542996be202056a,linucb,3,Aberdeenshire,"Aberdeenshire, Scotland",0.0,0.6666666666666666,1.0,0.5,309,7,6.74e-05,"[""Spook Squad"", ""Fyvie Castle"", ""Tilquhillie Castle""]"
5ab99a215542996be202056a,linucb,5,Aberdeenshire,"Aberdeenshire, Scotland",0.0,0.6666666666666666,1.0,0.5,633,7,0.00013220000000000001,"[""Spook Squad"", ""Fyvie Castle"", ""Tilquhillie Castle"", ""Crail Castle"", ""Ardencaple Castle""]"
5add15d15542994ed6169c70,linucb,2,Entente or Allied powers,The Allies of World War I,0.0,0.0,0.0,0.0,196,8,4.5600000000000004e-05,"[""Leaders of the Central Powers of World War I"", ""Inter-Allied Socialist Conferences of World War I""]"
5add15d15542994ed6169c70,linucb,3,Entente or Allied powers,The Allies of World War I,0.0,0.0,0.0,0.0,357,8,7.780000000000001e-05,"[""Leaders of the Central Powers of World War I"", ""Inter-Allied Socialist Conferences of World War I"", ""World War I reparations""]"
5add15d15542994ed6169c70,linucb,5,Allied Powers,The Allies of World War I,0.0,0.0,0.0,0.0,465,6,9.779999999999999e-05,"[""Leaders of the Central Powers of World War I"", ""Inter-Allied Socialist Conferences of World War I"", ""World War I reparations"", ""Allies of World War I"", ""Naval warfare of World War I""]"
5ae5d82f554299546bf82f9a,linucb,2,2,3,0.0,0.0,0.0,0.0,426,4,8.84e-05,"[""Who? Who? ministry"", ""Prime Minister's Office (Israel)""]"
5ae5d82f554299546bf82f9a,linucb,3,2,3,0.0,0.0,0.0,0.0,550,4,0.0001132,"[""Who? Who? ministry"", ""Prime Minister's Office (Israel)"", ""Telavi Ministry""]"
5ae5d82f554299546bf82f9a,linucb,5,2,3,0.0,0.0,0.0,0.0,795,4,0.00016219999999999999,"[""Who? Who? ministry"", ""Prime Minister's Office (Israel)"", ""Telavi Ministry"", ""Prime Minister's Official Spokesperson"", ""Prime Minister's Department (Malaysia)""]"
5ab29b07554299194fa93440,linucb,2,"Columbia, Maryland","Columbia, Maryland",1.0,1.0,1.0,1.0,401,7,8.58e-05,"[""Lake Elkhorn"", ""Baltimore County, Maryland""]"
5ab29b07554299194fa93440,linucb,3,"Columbia, Maryland","Columbia, Maryland",1.0,1.0,1.0,1.0,501,7,0.0001058,"[""Lake Elkhorn"", ""Baltimore County, Maryland"", ""Cardinal Gibbons School (Baltimore, Maryland)""]"
5ab29b07554299194fa93440,linucb,5,"Columbia, Maryland","Columbia, Maryland",1.0,1.0,1.0,1.0,1354,7,0.0002764,"[""Lake Elkhorn"", ""Baltimore County, Maryland"", ""Cardinal Gibbons School (Baltimore, Maryland)"", ""Franklin Street Presbyterian Church and Parsonage"", ""Rim Village Historic District""]"
5a88bedb554299206df2b35a,linucb,2,River Thames,Thames,0.0,0.6666666666666666,0.5,1.0,279,5,5.9800000000000003e-05,"[""London Eye"", ""Waterloo Bridge""]"
5a88bedb554299206df2b35a,linucb,3,River Thames,Thames,0.0,0.6666666666666666,0.5,1.0,321,5,6.82e-05,"[""London Eye"", ""Waterloo Bridge"", ""London Eye Pier""]"
5a88bedb554299206df2b35a,linucb,5,River Thames,Thames,0.0,0.6666666666666666,0.5,1.0,488,5,0.00010160000000000002,"[""London Eye"", ""Waterloo Bridge"", ""London Eye Pier"", ""Waterloo Road, London"", ""Waterloo Bridge (play)""]"
5abfd3ba5542994516f4550a,linucb,2,Ross Case,Ross Case,1.0,1.0,1.0,1.0,277,5,5.940000000000001e-05,"[""Ross Case"", ""Slobodan \u017divojinovi\u0107""]"
5abfd3ba5542994516f4550a,linucb,3,Ross Case,Ross Case,1.0,1.0,1.0,1.0,330,5,7.000000000000001e-05,"[""Ross Case"", ""Slobodan \u017divojinovi\u0107"", ""John Frawley (tennis)""]"
5abfd3ba5542994516f4550a,linucb,5,Ross Case,Ross Case,1.0,1.0,1.0,1.0,463,5,9.660000000000002e-05,"[""Ross Case"", ""Slobodan \u017divojinovi\u0107"", ""John Frawley (tennis)"", ""1991 Donnay Indoor Championships \u2013 Doubles"", ""Saori Obata""]"
5a728b1c5542992359bc30e0,linucb,2,Jonghyun,Jonghyun,1.0,1.0,1.0,1.0,269,7,5.940000000000001e-05,"[""She Is"", ""The First (album)""]"
5a728b1c5542992359bc30e0,linucb,3,Jonghyun,Jonghyun,1.0,1.0,1.0,1.0,492,7,0.00010400000000000001,"[""She Is"", ""The First (album)"", ""1 of 1 (album)""]"
5a728b1c5542992359bc30e0,linucb,5,Jonghyun,Jonghyun,1.0,1.0,1.0,1.0,702,7,0.000146,"[""She Is"", ""The First (album)"", ""1 of 1 (album)"", ""Shinee World 2012"", ""Shinee World 2013""]"
5a806aca5542996402f6a503,linucb,2,Orc characters,Orc characters,1.0,1.0,1.0,1.0,286,6,6.2e-05,"[""Tilted Mill Entertainment"", ""Hinterland (video game)""]"
5a806aca5542996402f6a503,linucb,3,Orc characters,Orc characters,1.0,1.0,1.0,1.0,321,6,6.9e-05,"[""Tilted Mill Entertainment"", ""Hinterland (video game)"", ""Mosby's Confederacy (video game)""]"
5a806aca5542996402f6a503,linucb,5,Orc characters,Orc characters,1.0,1.0,1.0,1.0,388,6,8.24e-05,"[""Tilted Mill Entertainment"", ""Hinterland (video game)"", ""Mosby's Confederacy (video game)"", ""Orc"", ""Medieval Mayor""]"
5ae4bbf05542995ad6573e32,linucb,2,People v. Turner,People v. Turner,1.0,1.0,1.0,1.0,479,7,0.00010140000000000001,"[""Santa Clara County Superior Court"", ""New Jersey Superior Court""]"
5ae4bbf05542995ad6573e32,linucb,3,People v. Turner,People v. Turner,1.0,1.0,1.0,1.0,553,7,0.0001162,"[""Santa Clara County Superior Court"", ""New Jersey Superior Court"", ""Grant Ranch County Park""]"
5ae4bbf05542995ad6573e32,linucb,5,People v. Turner,People v. Turner,1.0,1.0,1.0,1.0,704,7,0.0001464,"[""Santa Clara County Superior Court"", ""New Jersey Superior Court"", ""Grant Ranch County Park"", ""Mary Jo Levinger"", ""Jacqueline M. Arroyo""]"
5a8638945542994775f6072d,linucb,2,no,no,1.0,1.0,1.0,1.0,305,4,6.42e-05,"[""Rhodotypos"", ""Sutera""]"
5a8638945542994775f6072d,linucb,3,no,no,1.0,1.0,1.0,1.0,425,10,9.300000000000001e-05,"[""Rhodotypos"", ""Sutera"", ""Mark's and Jack's Island Natural Area Preserve""]"
5a8638945542994775f6072d,linucb,5,no,no,1.0,1.0,1.0,1.0,587,4,0.0001206,"[""Rhodotypos"", ""Sutera"", ""Mark's and Jack's Island Natural Area Preserve"", ""Claoxylon australe"", ""Ceanothus velutinus""]"
5ab3bcc55542992ade7c6e66,linucb,2,2002 United States Senate election in Minnesota,2002,0.0,0.25,0.14285714285714285,1.0,305,11,6.98e-05,"[""Norm Coleman"", ""Political positions of Norm Coleman""]"
5ab3bcc55542992ade7c6e66,linucb,3,"United States Senate election in Minnesota, 2002",2002,0.0,0.25,0.14285714285714285,1.0,465,13,0.00010339999999999999,"[""Norm Coleman"", ""Political positions of Norm Coleman"", ""United States Senate election in Minnesota, 2002""]"
5ab3bcc55542992ade7c6e66,linucb,5,"United States Senate election in Minnesota, 2002",2002,0.0,0.25,0.14285714285714285,1.0,613,13,0.000133,"[""Norm Coleman"", ""Political positions of Norm Coleman"", ""United States Senate election in Minnesota, 2002"", ""Bernard Samuel"", ""Jim Cohen""]"
5ab7b0775542992aa3b8c83e,linucb,2,Belfast,"Belfast, Northern Ireland",0.0,0.5,1.0,0.3333333333333333,274,6,5.9600000000000005e-05,"[""SS Ionic (1902)"", ""SS Rebecca Lukens""]"
5ab7b0775542992aa3b8c83e,linucb,3,Belfast,"Belfast, Northern Ireland",0.0,0.5,1.0,0.3333333333333333,414,6,8.76e-05,"[""SS Ionic (1902)"", ""SS Rebecca Lukens"", ""Staveley Coal and Iron Company""]"
5ab7b0775542992aa3b8c83e,linucb,5,Belfast,"Belfast, Northern Ireland",0.0,0.5,1.0,0.3333333333333333,508,6,0.0001064,"[""SS Ionic (1902)"", ""SS Rebecca Lukens"", ""Staveley Coal and Iron Company"", ""Fortive"", ""Yinxiang Motorcycle""]"
5abd68b45542993062266c77,linucb,2,Olympic distance runner,Olympic distance runner,1.0,1.0,1.0,1.0,287,7,6.300000000000001e-05,"[""Unbroken (film)"", ""Louis Zamperini""]"
5abd68b45542993062266c77,linucb,3,Olympic distance runner,Olympic distance runner,1.0,1.0,1.0,1.0,403,7,8.620000000000001e-05,"[""Unbroken (film)"", ""Louis Zamperini"", ""Merida (Disney)""]"
5abd68b45542993062266c77,linucb,5,distance runner,Olympic distance runner,0.0,0.8,1.0,0.6666666666666666,656,5,0.0001352,"[""Unbroken (film)"", ""Louis Zamperini"", ""Merida (Disney)"", ""Gunston Street"", ""Chloe Sullivan""]"
5ac2a399554299218029dada,linucb,2,"Atari, Inc.",Kathleen O'Brien,0.0,0.0,0.0,0.0,412,14,9.360000000000001e-05,"[""Atari XEGS"", ""Manned Orbital Development System""]"
5ac2a399554299218029dada,linucb,3,Kathleen O'Brien,Kathleen O'Brien,1.0,1.0,1.0,1.0,481,7,0.00010180000000000001,"[""Atari XEGS"", ""Manned Orbital Development System"", ""Atari Assembler Editor""]"
5ac2a399554299218029dada,linucb,5,Kathleen O'Brien,Kathleen O'Brien,1.0,1.0,1.0,1.0,647,7,0.000135,"[""Atari XEGS"", ""Manned Orbital Development System"", ""Atari Assembler Editor"", ""Shepardson Microsystems"", ""Portland Timbers U23s""]"
5a8f2fed55429918e830d1c7,linucb,2,rock and roll,rock and roll,1.0,1.0,1.0,1.0,385,6,8.18e-05,"[""Bo Diddley"", ""The Yardbirds""]"
5a8f2fed55429918e830d1c7,linucb,3,rock and roll,rock and roll,1.0,1.0,1.0,1.0,461,6,9.7e-05,"[""Bo Diddley"", ""The Yardbirds"", ""Hey! Bo Diddley""]"
5a8f2fed55429918e830d1c7,linucb,5,rock and roll,rock and roll,1.0,1.0,1.0,1.0,705,6,0.00014580000000000002,"[""Bo Diddley"", ""The Yardbirds"", ""Hey! Bo Diddley"", ""Bo Diddley (song)"", ""Diddley Daddy""]"
5a80abb65542996402f6a5df,linucb,2,Mountain West Conference,Mountain West Conference,1.0,1.0,1.0,1.0,313,6,6.74e-05,"[""2012 Hawaii Warriors football team"", ""Women's National Collegiate Athletic Association""]"
5a80abb65542996402f6a5df,linucb,3,Mountain West Conference,Mountain West Conference,1.0,1.0,1.0,1.0,442,6,9.32e-05,"[""2012 Hawaii Warriors football team"", ""Women's National Collegiate Athletic Association"", ""Men's National Collegiate Athletic Association""]"
5a80abb65542996402f6a5df,linucb,5,Mountain West Conference,Mountain West Conference,1.0,1.0,1.0,1.0,665,6,0.00013780000000000002,"[""2012 Hawaii Warriors football team"", ""Women's National Collegiate Athletic Association"", ""Men's National Collegiate Athletic Association"", ""Hawaii Rainbow Warriors baseball"", ""Wayne State Warriors football""]"
5a7fc8d05542992e7d278d86,linucb,2,Chris Burnett,"Lieutenant Colonel Iceal E. ""Gene"" Hambleton",0.0,0.0,0.0,0.0,308,6,6.64e-05,"[""Behind Enemy Lines (film series)"", ""Behind Enemy Lines (2001 film)""]"
5a7fc8d05542992e7d278d86,linucb,3,Chris Burnett,"Lieutenant Colonel Iceal E. ""Gene"" Hambleton",0.0,0.0,0.0,0.0,385,6,8.18e-05,"[""Behind Enemy Lines (film series)"", ""Behind Enemy Lines (2001 film)"", ""SEAL Team 8: Behind Enemy Lines""]"
5a7fc8d05542992e7d278d86,linucb,5,John Burnett,"Lieutenant Colonel Iceal E. ""Gene"" Hambleton",0.0,0.0,0.0,0.0,643,6,0.0001334,"[""Behind Enemy Lines (film series)"", ""Behind Enemy Lines (2001 film)"", ""SEAL Team 8: Behind Enemy Lines"", ""Behind Enemy Lines II: Axis of Evil"", ""Escape and evasion map""]"
5a8f45ca5542997ba9cb320e,linucb,2,documentary film,documentary,0.0,0.6666666666666666,0.5,1.0,315,6,6.78e-05,"[""Manson (film)"", ""500 Years Later""]"
5a8f45ca5542997ba9cb320e,linucb,3,documentary film,documentary,0.0,0.6666666666666666,0.5,1.0,387,6,8.22e-05,"[""Manson (film)"", ""500 Years Later"", ""Motherland (2010 film)""]"
5a8f45ca5542997ba9cb320e,linucb,5,documentary film,documentary,0.0,0.6666666666666666,0.5,1.0,568,6,0.0001184,"[""Manson (film)"", ""500 Years Later"", ""Motherland (2010 film)"", ""Ruakuri Cave"", ""Idiocracy""]"
5a87aa135542996e4f3088b8,linucb,2,British,British,1.0,1.0,1.0,1.0,395,4,8.219999999999999e-05,"[""Jolyon James"", ""Corey James""]"
5a87aa135542996e4f3088b8,linucb,3,British,British,1.0,1.0,1.0,1.0,480,4,9.92e-05,"[""Jolyon James"", ""Corey James"", ""Houston, TX 12.17.16""]"
5a87aa135542996e4f3088b8,linucb,5,British,British,1.0,1.0,1.0,1.0,676,4,0.0001384,"[""Jolyon James"", ""Corey James"", ""Houston, TX 12.17.16"", ""Cat Stevens"", ""Anna von Mildenburg""]"
5ab29346554299545a2cf997,linucb,2,KXII,KXII,1.0,1.0,1.0,1.0,285,6,6.18e-05,"[""Pontotoc, Oklahoma"", ""Pontotoc County, Oklahoma""]"
5ab29346554299545a2cf997,linucb,3,KXII,KXII,1.0,1.0,1.0,1.0,404,6,8.560000000000001e-05,"[""Pontotoc, Oklahoma"", ""Pontotoc County, Oklahoma"", ""Pontotoc County, Mississippi""]"
5ab29346554299545a2cf997,linucb,5,noanswer,KXII,0.0,0.0,0.0,0.0,494,5,0.00010280000000000002,"[""Pontotoc, Oklahoma"", ""Pontotoc County, Oklahoma"", ""Pontotoc County, Mississippi"", ""Pontotoc County School District"", ""Pontotoc, Mississippi""]"
5ae789615542997ec2727695,linucb,2,Robert Cuffley,Martha Coolidge,0.0,0.0,0.0,0.0,327,7,7.1e-05,"[""Kam Heskin"", ""Turning Paige""]"
5ae789615542997ec2727695,linucb,3,Martha Coolidge,Martha Coolidge,1.0,1.0,1.0,1.0,433,7,9.22e-05,"[""Kam Heskin"", ""Turning Paige"", ""Sunset at Chaophraya (1996 film)""]"
5ae789615542997ec2727695,linucb,5,noanswer,Martha Coolidge,0.0,0.0,0.0,0.0,700,5,0.00014399999999999998,"[""Kam Heskin"", ""Turning Paige"", ""Sunset at Chaophraya (1996 film)"", ""Sunset at Chaophraya (2013 film)"", ""Pride &amp; Prejudice: A Latter-Day Comedy""]"
